island,block,species,p_R0_hex,p_R1_hex,p_R2_hex,p_R3_hex,p_C_hex
OS,SC_343d012d58b2,Acidota.crenata,0x1.3df2d66cf8873p-1,0x1.40ad94fe3700ep-1,0x1.5702d1b3d1916p-1,0x1.1ca5cff9b49c3p-1,0x1.24833ddf4fa2ep-1
OS,SC_343d012d58b2,Acrotrichis.Acrotrichis spp.,0x1.3df2d66cf8873p-1,0x1.40ad94fe3700ep-1,0x1.5702d1b3d1916p-1,0x1.a20d8a4694a05p-1,0x1.a3116ef2d03cep-1
OS,SC_343d012d58b2,Agathidium.depressum,0x1.3df2d66cf8873p-1,0x1.40ad94fe3700ep-1,0x1.5702d1b3d1916p-1,0x1.1cb0407069d80p-1,0x1.248ef335f8c57p-1
OS,SC_343d012d58b2,Agathidium.exiguum,0x1.3df2d66cf8873p-1,0x1.40ad94fe3700ep-1,0x1.5702d1b3d1916p-1,0x1.78039c46dbb97p-1,0x1.797e89081af9bp-1
OS,SC_343d012d58b2,Agonum.gratiosum,0x1.3df2d66cf8873p-1,0x1.40ad94fe3700ep-1,0x1.5702d1b3d1916p-1,0x1.d34d70ecfccc7p-1,0x1.d3aecc8ab5498p-1
OS,SC_343d012d58b2,Agonum.retractum,0x1.3df2d66cf8873p-1,0x1.40ad94fe3700ep-1,0x1.5702d1b3d1916p-1,0x1.d34d70ecfccc7p-1,0x1.d3aecc8ab5498p-1
OS,SC_343d012d58b2,Agriotes.limosus,0x1.3df2d66cf8873p-1,0x1.40ad94fe3700ep-1,0x1.5702d1b3d1916p-1,0x1.4caf007a191b1p-1,0x1.53c1c2a38c72bp-1
OS,SC_343d012d58b2,Aleocharinae,0x1.3df2d66cf8873p-1,0x1.40ad94fe3700ep-1,0x1.5702d1b3d1916p-1,0x1.d34d70ecfccc7p-1,0x1.d3aecc8ab5498p-1
OS,SC_343d012d58b2,Anisotoma.obsoleta,0x1.3df2d66cf8873p-1,0x1.40ad94fe3700ep-1,0x1.5702d1b3d1916p-1,0x1.1d60cd38f99cep-1,0x1.1f899a6616a78p-1
OS,SC_343d012d58b2,Atomaria.nigricollis,0x1.3df2d66cf8873p-1,0x1.40ad94fe3700ep-1,0x1.5702d1b3d1916p-1,0x1.4cb55e4c72702p-1,0x1.53c9d6bfa3002p-1
OS,SC_343d012d58b2,Atomaria.parviceps,0x1.3df2d66cf8873p-1,0x1.40ad94fe3700ep-1,0x1.5702d1b3d1916p-1,0x1.1c8aa735fd46dp-1,0x1.24485b532e116p-1
OS,SC_343d012d58b2,Badister.neopulchellus,0x1.3df2d66cf8873p-1,0x1.40ad94fe3700ep-1,0x1.5702d1b3d1916p-1,0x1.77e8136b90658p-1,0x1.79658f8bddea4p-1
OS,SC_343d012d58b2,Baeocera.,0x1.3df2d66cf8873p-1,0x1.40ad94fe3700ep-1,0x1.5702d1b3d1916p-1,0x1.d34d70ecfccc7p-1,0x1.d3aecc8ab5498p-1
OS,SC_343d012d58b2,Bolitobius.cingulatus,0x1.3df2d66cf8873p-1,0x1.40ad94fe3700ep-1,0x1.5702d1b3d1916p-1,0x1.77d6b5f391635p-1,0x1.795545f1903c5p-1
OS,SC_343d012d58b2,Bolitobius.horni,0x1.3df2d66cf8873p-1,0x1.40ad94fe3700ep-1,0x1.5702d1b3d1916p-1,0x1.77d411c8a4a97p-1,0x1.795324ecd23cbp-1
OS,SC_343d012d58b2,Caenoscelis.ferruginea,0x1.3df2d66cf8873p-1,0x1.40ad94fe3700ep-1,0x1.5702d1b3d1916p-1,0x1.4c95aa11d1659p-1,0x1.538bd6fc86c16p-1
OS,SC_343d012d58b2,Calathus.ingratus,0x1.3df2d66cf8873p-1,0x1.40ad94fe3700ep-1,0x1.5702d1b3d1916p-1,0x1.d34d70ecfccc7p-1,0x1.d3aecc8ab5498p-1
OS,SC_343d012d58b2,Canifa.pallipes,0x1.3df2d66cf8873p-1,0x1.40ad94fe3700ep-1,0x1.5702d1b3d1916p-1,0x1.4d35761ace798p-1,0x1.4f161d603ac54p-1
OS,SC_343d012d58b2,Carabus.chamissonis,0x1.3df2d66cf8873p-1,0x1.40ad94fe3700ep-1,0x1.5702d1b3d1916p-1,0x1.1d6b198d387ffp-1,0x1.1f95385ff47dbp-1
OS,SC_343d012d58b2,Carabus.taedatus,0x1.3df2d66cf8873p-1,0x1.40ad94fe3700ep-1,0x1.5702d1b3d1916p-1,0x1.77ef94bb209d0p-1,0x1.796c18cc74198p-1
OS,SC_343d012d58b2,Carcinocephalus.exsculpta,0x1.3df2d66cf8873p-1,0x1.40ad94fe3700ep-1,0x1.5702d1b3d1916p-1,0x1.77d411c8a4a97p-1,0x1.795324ecd23cbp-1
OS,SC_343d012d58b2,Cercyon.minusculus,0x1.3df2d66cf8873p-1,0x1.40ad94fe3700ep-1,0x1.5702d1b3d1916p-1,0x1.d34d70ecfccc7p-1,0x1.d3aecc8ab5498p-1
OS,SC_343d012d58b2,Cis.Cis Species A,0x1.3df2d66cf8873p-1,0x1.40ad94fe3700ep-1,0x1.5702d1b3d1916p-1,0x1.7763341b63cbcp-1,0x1.7d554fdb19ee0p-1
OS,SC_343d012d58b2,Clambus.pubescens,0x1.3df2d66cf8873p-1,0x1.40ad94fe3700ep-1,0x1.5702d1b3d1916p-1,0x1.1d60cd38f99cep-1,0x1.1f899a6616a78p-1
OS,SC_343d012d58b2,Corticaria.,0x1.3df2d66cf8873p-1,0x1.40ad94fe3700ep-1,0x1.5702d1b3d1916p-1,0x1.d34d70ecfccc7p-1,0x1.d3aecc8ab5498p-1
OS,SC_343d012d58b2,Cortinicara.gibbosa,0x1.3df2d66cf8873p-1,0x1.40ad94fe3700ep-1,0x1.5702d1b3d1916p-1,0x1.d34d70ecfccc7p-1,0x1.d3aecc8ab5498p-1
OS,SC_343d012d58b2,Cryptophagus.Crypto Species B,0x1.3df2d66cf8873p-1,0x1.40ad94fe3700ep-1,0x1.5702d1b3d1916p-1,0x1.4ca6f8bcfab3ep-1,0x1.53beb4f6e22a9p-1
OS,SC_343d012d58b2,Cryptophagus.difficilis,0x1.3df2d66cf8873p-1,0x1.40ad94fe3700ep-1,0x1.5702d1b3d1916p-1,0x1.d34d70ecfccc7p-1,0x1.d3aecc8ab5498p-1
OS,SC_343d012d58b2,Cymindis.cribricollis,0x1.3df2d66cf8873p-1,0x1.40ad94fe3700ep-1,0x1.5702d1b3d1916p-1,0x1.4d35761ace798p-1,0x1.4f161d603ac54p-1
OS,SC_343d012d58b2,Herthania.concinnus,0x1.3df2d66cf8873p-1,0x1.40ad94fe3700ep-1,0x1.5702d1b3d1916p-1,0x1.1d67aef676e75p-1,0x1.1f9273fd9cee1p-1
OS,SC_343d012d58b2,Ellychnia.corrusca,0x1.3df2d66cf8873p-1,0x1.40ad94fe3700ep-1,0x1.5702d1b3d1916p-1,0x1.d34d70ecfccc7p-1,0x1.d3aecc8ab5498p-1
OS,SC_343d012d58b2,Epuraea.planulata,0x1.3df2d66cf8873p-1,0x1.40ad94fe3700ep-1,0x1.5702d1b3d1916p-1,0x1.7763341b63cbcp-1,0x1.7d554fdb19ee0p-1
OS,SC_343d012d58b2,Epuraea.truncatella,0x1.3df2d66cf8873p-1,0x1.40ad94fe3700ep-1,0x1.5702d1b3d1916p-1,0x1.1c83f5ff59af0p-1,0x1.2a6da61e75cbep-1
OS,SC_343d012d58b2,Eucinetus.haemorrhoidalis,0x1.3df2d66cf8873p-1,0x1.40ad94fe3700ep-1,0x1.5702d1b3d1916p-1,0x1.a21397c9e8be5p-1,0x1.a318470aff691p-1
OS,SC_343d012d58b2,Glischrochilus.siepmanni,0x1.3df2d66cf8873p-1,0x1.40ad94fe3700ep-1,0x1.5702d1b3d1916p-1,0x1.4caf007a191b1p-1,0x1.53c1c2a38c72bp-1
OS,SC_343d012d58b2,Habrocerus.schwarzi,0x1.3df2d66cf8873p-1,0x1.40ad94fe3700ep-1,0x1.5702d1b3d1916p-1,0x1.4caf007a191b1p-1,0x1.53c1c2a38c72bp-1
OS,SC_343d012d58b2,Harpalus.fulvilabris,0x1.3df2d66cf8873p-1,0x1.40ad94fe3700ep-1,0x1.5702d1b3d1916p-1,0x1.1d478f0aed4e4p-1,0x1.1f74e60beca79p-1
OS,SC_343d012d58b2,Hemicoelus.umbrosus,0x1.3df2d66cf8873p-1,0x1.40ad94fe3700ep-1,0x1.5702d1b3d1916p-1,0x1.1d6b198d387ffp-1,0x1.1f95385ff47dbp-1
OS,SC_343d012d58b2,Henotiderus.centromaculatus,0x1.3df2d66cf8873p-1,0x1.40ad94fe3700ep-1,0x1.5702d1b3d1916p-1,0x1.1c9dee2eadebap-1,0x1.24578482473d2p-1
OS,SC_343d012d58b2,Hylobius.congener,0x1.3df2d66cf8873p-1,0x1.40ad94fe3700ep-1,0x1.5702d1b3d1916p-1,0x1.1d478f0aed4e4p-1,0x1.1f74e60beca79p-1
OS,SC_343d012d58b2,Hymenorus.niger,0x1.3df2d66cf8873p-1,0x1.40ad94fe3700ep-1,0x1.5702d1b3d1916p-1,0x1.1d6b198d387ffp-1,0x1.1f95385ff47dbp-1
OS,SC_343d012d58b2,Hypnoidus.bicolor,0x1.3df2d66cf8873p-1,0x1.40ad94fe3700ep-1,0x1.5702d1b3d1916p-1,0x1.77e8136b90658p-1,0x1.79658f8bddea4p-1
OS,SC_343d012d58b2,Ischnosoma.fimbriatum,0x1.3df2d66cf8873p-1,0x1.40ad94fe3700ep-1,0x1.5702d1b3d1916p-1,0x1.d34d70ecfccc7p-1,0x1.d3aecc8ab5498p-1
OS,SC_343d012d58b2,Ischnosoma.pictum,0x1.3df2d66cf8873p-1,0x1.40ad94fe3700ep-1,0x1.5702d1b3d1916p-1,0x1.d34d70ecfccc7p-1,0x1.d3aecc8ab5498p-1
OS,SC_343d012d58b2,Ischnosoma.splendidum,0x1.3df2d66cf8873p-1,0x1.40ad94fe3700ep-1,0x1.5702d1b3d1916p-1,0x1.d34d70ecfccc7p-1,0x1.d3aecc8ab5498p-1
OS,SC_343d012d58b2,Latridius.minutus,0x1.3df2d66cf8873p-1,0x1.40ad94fe3700ep-1,0x1.5702d1b3d1916p-1,0x1.d34d70ecfccc7p-1,0x1.d3aecc8ab5498p-1
OS,SC_343d012d58b2,Leiodes.punctostriata,0x1.3df2d66cf8873p-1,0x1.40ad94fe3700ep-1,0x1.5702d1b3d1916p-1,0x1.4d46bdac6dc47p-1,0x1.4f23bdc075b54p-1
OS,SC_343d012d58b2,Leiodes.rufipes,0x1.3df2d66cf8873p-1,0x1.40ad94fe3700ep-1,0x1.5702d1b3d1916p-1,0x1.1cacc9dc581f9p-1,0x1.248c295a40942p-1
OS,SC_343d012d58b2,Limonius.aeger,0x1.3df2d66cf8873p-1,0x1.40ad94fe3700ep-1,0x1.5702d1b3d1916p-1,0x1.1d6b198d387ffp-1,0x1.1f95385ff47dbp-1
OS,SC_343d012d58b2,Lordithon.fungicola,0x1.3df2d66cf8873p-1,0x1.40ad94fe3700ep-1,0x1.5702d1b3d1916p-1,0x1.a20464fe6e89ep-1,0x1.a30a49b6352f1p-1
OS,SC_343d012d58b2,Lordithon.kelleyi,0x1.3df2d66cf8873p-1,0x1.40ad94fe3700ep-1,0x1.5702d1b3d1916p-1,0x1.1d6b198d387ffp-1,0x1.1f95385ff47dbp-1
OS,SC_343d012d58b2,Megarthrus.,0x1.3df2d66cf8873p-1,0x1.40ad94fe3700ep-1,0x1.5702d1b3d1916p-1,0x1.d34d70ecfccc7p-1,0x1.d3aecc8ab5498p-1
OS,SC_343d012d58b2,Melanophthalma.helvola-villosa type,0x1.3df2d66cf8873p-1,0x1.40ad94fe3700ep-1,0x1.5702d1b3d1916p-1,0x1.d34d70ecfccc7p-1,0x1.d3aecc8ab5498p-1
OS,SC_343d012d58b2,Melanophthalma.pumila,0x1.3df2d66cf8873p-1,0x1.40ad94fe3700ep-1,0x1.5702d1b3d1916p-1,0x1.d34d70ecfccc7p-1,0x1.d3aecc8ab5498p-1
OS,SC_343d012d58b2,Mycetoporus.consors,0x1.3df2d66cf8873p-1,0x1.40ad94fe3700ep-1,0x1.5702d1b3d1916p-1,0x1.77d411c8a4a97p-1,0x1.795324ecd23cbp-1
OS,SC_343d012d58b2,Mycetoporus.nigrans,0x1.3df2d66cf8873p-1,0x1.40ad94fe3700ep-1,0x1.5702d1b3d1916p-1,0x1.1d67aef676e75p-1,0x1.1f9273fd9cee1p-1
OS,SC_343d012d58b2,Nassipa.hoppingi,0x1.3df2d66cf8873p-1,0x1.40ad94fe3700ep-1,0x1.5702d1b3d1916p-1,0x1.1c83f5ff59af0p-1,0x1.2a6da61e75cbep-1
OS,SC_343d012d58b2,Neohypdonus.tumescens,0x1.3df2d66cf8873p-1,0x1.40ad94fe3700ep-1,0x1.5702d1b3d1916p-1,0x1.a20d8a4694a05p-1,0x1.a3116ef2d03cep-1
OS,SC_343d012d58b2,Notiophilus.semistriatus,0x1.3df2d66cf8873p-1,0x1.40ad94fe3700ep-1,0x1.5702d1b3d1916p-1,0x1.1d478f0aed4e4p-1,0x1.1f74e60beca79p-1
OS,SC_343d012d58b2,Nycteus.testaceus,0x1.3df2d66cf8873p-1,0x1.40ad94fe3700ep-1,0x1.5702d1b3d1916p-1,0x1.1c83f5ff59af0p-1,0x1.2a6da61e75cbep-1
OS,SC_343d012d58b2,Ontholestes.cingulatus,0x1.3df2d66cf8873p-1,0x1.40ad94fe3700ep-1,0x1.5702d1b3d1916p-1,0x1.4caf007a191b1p-1,0x1.53c1c2a38c72bp-1
OS,SC_343d012d58b2,Orthocis.punctatus,0x1.3df2d66cf8873p-1,0x1.40ad94fe3700ep-1,0x1.5702d1b3d1916p-1,0x1.4ca09be458946p-1,0x1.53b6a1777c345p-1
OS,SC_343d012d58b2,Otiorhynchus.ovatus,0x1.3df2d66cf8873p-1,0x1.40ad94fe3700ep-1,0x1.5702d1b3d1916p-1,0x1.a20d8a4694a05p-1,0x1.a3116ef2d03cep-1
OS,SC_343d012d58b2,Oxytelus.laqueatus,0x1.3df2d66cf8873p-1,0x1.40ad94fe3700ep-1,0x1.5702d1b3d1916p-1,0x1.4c873ee2216dfp-1,0x1.5380afb97e3f9p-1
OS,SC_343d012d58b2,Pediacus.fuscus,0x1.3df2d66cf8873p-1,0x1.40ad94fe3700ep-1,0x1.5702d1b3d1916p-1,0x1.4d67258244273p-1,0x1.4f4129166bf36p-1
OS,SC_343d012d58b2,Peltis.septentrionalis,0x1.3df2d66cf8873p-1,0x1.40ad94fe3700ep-1,0x1.5702d1b3d1916p-1,0x1.1c8e1ef9e191dp-1,0x1.244b26434d337p-1
OS,SC_343d012d58b2,Philonthus.caeruleipennis,0x1.3df2d66cf8873p-1,0x1.40ad94fe3700ep-1,0x1.5702d1b3d1916p-1,0x1.a20d8a4694a05p-1,0x1.a3116ef2d03cep-1
OS,SC_343d012d58b2,Phyllobaenus.humeralis,0x1.3df2d66cf8873p-1,0x1.40ad94fe3700ep-1,0x1.5702d1b3d1916p-1,0x1.1ca5cff9b49c3p-1,0x1.24833ddf4fa2ep-1
OS,SC_343d012d58b2,Phyllotreta.Phyllotreta Species A,0x1.3df2d66cf8873p-1,0x1.40ad94fe3700ep-1,0x1.5702d1b3d1916p-1,0x1.1cc00a3b6d51dp-1,0x1.249b4c93ff504p-1
OS,SC_343d012d58b2,Phyllotreta.striolata,0x1.3df2d66cf8873p-1,0x1.40ad94fe3700ep-1,0x1.5702d1b3d1916p-1,0x1.4d3891ea63461p-1,0x1.4f18a0269dfafp-1
OS,SC_343d012d58b2,Platynus.decentis,0x1.3df2d66cf8873p-1,0x1.40ad94fe3700ep-1,0x1.5702d1b3d1916p-1,0x1.d34d70ecfccc7p-1,0x1.d3aecc8ab5498p-1
OS,SC_343d012d58b2,Poecilus.lucublandus,0x1.3df2d66cf8873p-1,0x1.40ad94fe3700ep-1,0x1.5702d1b3d1916p-1,0x1.1d67aef676e75p-1,0x1.1f9273fd9cee1p-1
OS,SC_343d012d58b2,Proteinus.limbatus,0x1.3df2d66cf8873p-1,0x1.40ad94fe3700ep-1,0x1.5702d1b3d1916p-1,0x1.d34d70ecfccc7p-1,0x1.d3aecc8ab5498p-1
OS,SC_343d012d58b2,Pselaphus.bellax,0x1.3df2d66cf8873p-1,0x1.40ad94fe3700ep-1,0x1.5702d1b3d1916p-1,0x1.4caf007a191b1p-1,0x1.53c1c2a38c72bp-1
OS,SC_343d012d58b2,Pseudanostirus.triundulatus,0x1.3df2d66cf8873p-1,0x1.40ad94fe3700ep-1,0x1.5702d1b3d1916p-1,0x1.4d4f92b6ffad1p-1,0x1.4f2b716997accp-1
OS,SC_343d012d58b2,Pseudopsis.sulcata complex,0x1.3df2d66cf8873p-1,0x1.40ad94fe3700ep-1,0x1.5702d1b3d1916p-1,0x1.1ca5cff9b49c3p-1,0x1.24833ddf4fa2ep-1
OS,SC_343d012d58b2,Pterostichus.adstrictus,0x1.3df2d66cf8873p-1,0x1.40ad94fe3700ep-1,0x1.5702d1b3d1916p-1,0x1.d34d70ecfccc7p-1,0x1.d3aecc8ab5498p-1
OS,SC_343d012d58b2,Pterostichus.brevicornis,0x1.3df2d66cf8873p-1,0x1.40ad94fe3700ep-1,0x1.5702d1b3d1916p-1,0x1.1c83f5ff59af0p-1,0x1.2a6da61e75cbep-1
OS,SC_343d012d58b2,Pterostichus.pensylvanicus,0x1.3df2d66cf8873p-1,0x1.40ad94fe3700ep-1,0x1.5702d1b3d1916p-1,0x1.d34d70ecfccc7p-1,0x1.d3aecc8ab5498p-1
OS,SC_343d012d58b2,Pterostichus.punctatissimus,0x1.3df2d66cf8873p-1,0x1.40ad94fe3700ep-1,0x1.5702d1b3d1916p-1,0x1.a22272c602357p-1,0x1.a324646fceb27p-1
OS,SC_343d012d58b2,Ptiliid species A.Ptiliid species A,0x1.3df2d66cf8873p-1,0x1.40ad94fe3700ep-1,0x1.5702d1b3d1916p-1,0x1.d34d70ecfccc7p-1,0x1.d3aecc8ab5498p-1
OS,SC_343d012d58b2,Quedius.labradorensis,0x1.3df2d66cf8873p-1,0x1.40ad94fe3700ep-1,0x1.5702d1b3d1916p-1,0x1.a1abb72c7513bp-1,0x1.a618c576f40b3p-1
OS,SC_343d012d58b2,Quedius.rusticus,0x1.3df2d66cf8873p-1,0x1.40ad94fe3700ep-1,0x1.5702d1b3d1916p-1,0x1.1c9dee2eadebap-1,0x1.24578482473d2p-1
OS,SC_343d012d58b2,Scaphium.castanipes,0x1.3df2d66cf8873p-1,0x1.40ad94fe3700ep-1,0x1.5702d1b3d1916p-1,0x1.a20464fe6e89ep-1,0x1.a30a49b6352f1p-1
OS,SC_343d012d58b2,Sericus.incongruus,0x1.3df2d66cf8873p-1,0x1.40ad94fe3700ep-1,0x1.5702d1b3d1916p-1,0x1.1d60cd38f99cep-1,0x1.1f899a6616a78p-1
OS,SC_343d012d58b2,Setasomus.arata,0x1.3df2d66cf8873p-1,0x1.40ad94fe3700ep-1,0x1.5702d1b3d1916p-1,0x1.1c8aa735fd46dp-1,0x1.24485b532e116p-1
OS,SC_343d012d58b2,Setasomus.nitidulus,0x1.3df2d66cf8873p-1,0x1.40ad94fe3700ep-1,0x1.5702d1b3d1916p-1,0x1.1c8e960e8c75ep-1,0x1.2967f60480fc0p-1
OS,SC_343d012d58b2,Stenichnus.pubipennis,0x1.3df2d66cf8873p-1,0x1.40ad94fe3700ep-1,0x1.5702d1b3d1916p-1,0x1.4d5dc1f1e79fdp-1,0x1.4f3691e69aa2ep-1
OS,SC_343d012d58b2,Stenus.,0x1.3df2d66cf8873p-1,0x1.40ad94fe3700ep-1,0x1.5702d1b3d1916p-1,0x1.a22272c602357p-1,0x1.a324646fceb27p-1
OS,SC_343d012d58b2,Syntomus.americanus,0x1.3df2d66cf8873p-1,0x1.40ad94fe3700ep-1,0x1.5702d1b3d1916p-1,0x1.4d46bdac6dc47p-1,0x1.4f23bdc075b54p-1
OS,SC_343d012d58b2,Synuchus.impunctatus,0x1.3df2d66cf8873p-1,0x1.40ad94fe3700ep-1,0x1.5702d1b3d1916p-1,0x1.d34d70ecfccc7p-1,0x1.d3aecc8ab5498p-1
OS,SC_343d012d58b2,Tachinus.basalis,0x1.3df2d66cf8873p-1,0x1.40ad94fe3700ep-1,0x1.5702d1b3d1916p-1,0x1.a20d8a4694a05p-1,0x1.a3116ef2d03cep-1
OS,SC_343d012d58b2,Tachinus.frigidus,0x1.3df2d66cf8873p-1,0x1.40ad94fe3700ep-1,0x1.5702d1b3d1916p-1,0x1.a20464fe6e89ep-1,0x1.a30a49b6352f1p-1
OS,SC_343d012d58b2,Tachinus.fumipennis,0x1.3df2d66cf8873p-1,0x1.40ad94fe3700ep-1,0x1.5702d1b3d1916p-1,0x1.4cb887601092ap-1,0x1.53cc5af60246ep-1
OS,SC_343d012d58b2,Tachinus.quebecensis,0x1.3df2d66cf8873p-1,0x1.40ad94fe3700ep-1,0x1.5702d1b3d1916p-1,0x1.d34d70ecfccc7p-1,0x1.d3aecc8ab5498p-1
OS,SC_343d012d58b2,Tachyporus.borealis,0x1.3df2d66cf8873p-1,0x1.40ad94fe3700ep-1,0x1.5702d1b3d1916p-1,0x1.a20464fe6e89ep-1,0x1.a30a49b6352f1p-1
OS,SC_343d012d58b2,Trachypachus.holmbergi,0x1.3df2d66cf8873p-1,0x1.40ad94fe3700ep-1,0x1.5702d1b3d1916p-1,0x1.1d7aaca93492cp-1,0x1.1fa17989c85a5p-1
OS,SC_343d012d58b2,Tympanophorus.puncticollis,0x1.3df2d66cf8873p-1,0x1.40ad94fe3700ep-1,0x1.5702d1b3d1916p-1,0x1.4d46bdac6dc47p-1,0x1.4f23bdc075b54p-1
OS,SC_343d012d58b2,Upis.ceramboides,0x1.3df2d66cf8873p-1,0x1.40ad94fe3700ep-1,0x1.5702d1b3d1916p-1,0x1.1d60cd38f99cep-1,0x1.1f899a6616a78p-1
BT,SC_2f455671a546,Acidota.crenata,0x1.141394540789dp-1,0x1.50fa298b6def2p-1,0x1.4990ff43b393bp-1,0x1.0870c2692c674p-1,0x1.112e62030781fp-1
BT,SC_2f455671a546,Acrotrichis.Acrotrichis spp.,0x1.141394540789dp-1,0x1.50fa298b6def2p-1,0x1.4990ff43b393bp-1,0x1.969f1df6a2160p-1,0x1.98cf43e8e55eep-1
BT,SC_2f455671a546,Agathidium.depressum,0x1.141394540789dp-1,0x1.50fa298b6def2p-1,0x1.4990ff43b393bp-1,0x1.093ba0e6475ffp-1,0x1.141ccf2dc5fadp-1
BT,SC_2f455671a546,Agathidium.exiguum,0x1.141394540789dp-1,0x1.50fa298b6def2p-1,0x1.4990ff43b393bp-1,0x1.687b38557f3ccp-1,0x1.6b96432277c96p-1
BT,SC_2f455671a546,Agonum.gratiosum,0x1.141394540789dp-1,0x1.50fa298b6def2p-1,0x1.4990ff43b393bp-1,0x1.cd539821d135cp-1,0x1.ce4ea515b4890p-1
BT,SC_2f455671a546,Agonum.retractum,0x1.141394540789dp-1,0x1.50fa298b6def2p-1,0x1.4990ff43b393bp-1,0x1.cd539821d135cp-1,0x1.ce4ea515b4890p-1
BT,SC_2f455671a546,Agriotes.limosus,0x1.141394540789dp-1,0x1.50fa298b6def2p-1,0x1.4990ff43b393bp-1,0x1.3ad6122cd7d6cp-1,0x1.43fb223ecb355p-1
BT,SC_2f455671a546,Aleocharinae,0x1.141394540789dp-1,0x1.50fa298b6def2p-1,0x1.4990ff43b393bp-1,0x1.cd539821d135cp-1,0x1.ce4ea515b4890p-1
BT,SC_2f455671a546,Anisotoma.obsoleta,0x1.141394540789dp-1,0x1.50fa298b6def2p-1,0x1.4990ff43b393bp-1,0x1.08dc03e02d672p-1,0x1.0c0a2dfa2f6cep-1
BT,SC_2f455671a546,Atomaria.nigricollis,0x1.141394540789dp-1,0x1.50fa298b6def2p-1,0x1.4990ff43b393bp-1,0x1.3b10a0e8ec390p-1,0x1.450c294752d68p-1
BT,SC_2f455671a546,Atomaria.parviceps,0x1.141394540789dp-1,0x1.50fa298b6def2p-1,0x1.4990ff43b393bp-1,0x1.093ec8bc5a0ebp-1,0x1.1468edbba2a2fp-1
BT,SC_2f455671a546,Badister.neopulchellus,0x1.141394540789dp-1,0x1.50fa298b6def2p-1,0x1.4990ff43b393bp-1,0x1.6896fcfeceb08p-1,0x1.6baaab91fadc1p-1
BT,SC_2f455671a546,Baeocera.,0x1.141394540789dp-1,0x1.50fa298b6def2p-1,0x1.4990ff43b393bp-1,0x1.cd539821d135cp-1,0x1.ce4ea515b4890p-1
BT,SC_2f455671a546,Bolitobius.cingulatus,0x1.141394540789dp-1,0x1.50fa298b6def2p-1,0x1.4990ff43b393bp-1,0x1.68a99c082f028p-1,0x1.6bbab34ec5a26p-1
BT,SC_2f455671a546,Bolitobius.horni,0x1.141394540789dp-1,0x1.50fa298b6def2p-1,0x1.4990ff43b393bp-1,0x1.68a91fc258f1bp-1,0x1.6bb8e3d644fc6p-1
BT,SC_2f455671a546,Caenoscelis.ferruginea,0x1.141394540789dp-1,0x1.50fa298b6def2p-1,0x1.4990ff43b393bp-1,0x1.3b14290368fa6p-1,0x1.455531f220338p-1
BT,SC_2f455671a546,Calathus.ingratus,0x1.141394540789dp-1,0x1.50fa298b6def2p-1,0x1.4990ff43b393bp-1,0x1.cd539821d135cp-1,0x1.ce4ea515b4890p-1
BT,SC_2f455671a546,Canifa.pallipes,0x1.141394540789dp-1,0x1.50fa298b6def2p-1,0x1.4990ff43b393bp-1,0x1.3b130e0d2c285p-1,0x1.3ed30a97a67b3p-1
BT,SC_2f455671a546,Carabus.chamissonis,0x1.141394540789dp-1,0x1.50fa298b6def2p-1,0x1.4990ff43b393bp-1,0x1.092c125beb675p-1,0x1.0d6b8a1b41d22p-1
BT,SC_2f455671a546,Carabus.taedatus,0x1.141394540789dp-1,0x1.50fa298b6def2p-1,0x1.4990ff43b393bp-1,0x1.688d5599e9f18p-1,0x1.6ba476a69d1e7p-1
BT,SC_2f455671a546,Carcinocephalus.exsculpta,0x1.141394540789dp-1,0x1.50fa298b6def2p-1,0x1.4990ff43b393bp-1,0x1.68a91fc258f1bp-1,0x1.6bb8e3d644fc6p-1
BT,SC_2f455671a546,Cercyon.minusculus,0x1.141394540789dp-1,0x1.50fa298b6def2p-1,0x1.4990ff43b393bp-1,0x1.cd539821d135cp-1,0x1.ce4ea515b4890p-1
BT,SC_2f455671a546,Cis.Cis Species A,0x1.141394540789dp-1,0x1.50fa298b6def2p-1,0x1.4990ff43b393bp-1,0x1.68a6fe7aca8e3p-1,0x1.7125a535bbe80p-1
BT,SC_2f455671a546,Clambus.pubescens,0x1.141394540789dp-1,0x1.50fa298b6def2p-1,0x1.4990ff43b393bp-1,0x1.08dc03e02d672p-1,0x1.0c0a2dfa2f6cep-1
BT,SC_2f455671a546,Corticaria.,0x1.141394540789dp-1,0x1.50fa298b6def2p-1,0x1.4990ff43b393bp-1,0x1.cd539821d135cp-1,0x1.ce4ea515b4890p-1
BT,SC_2f455671a546,Cortinicara.gibbosa,0x1.141394540789dp-1,0x1.50fa298b6def2p-1,0x1.4990ff43b393bp-1,0x1.cd539821d135cp-1,0x1.ce4ea515b4890p-1
BT,SC_2f455671a546,Cryptophagus.Crypto Species B,0x1.141394540789dp-1,0x1.50fa298b6def2p-1,0x1.4990ff43b393bp-1,0x1.3b0217e471e3dp-1,0x1.45025463e97d6p-1
BT,SC_2f455671a546,Cryptophagus.difficilis,0x1.141394540789dp-1,0x1.50fa298b6def2p-1,0x1.4990ff43b393bp-1,0x1.cd539821d135cp-1,0x1.ce4ea515b4890p-1
BT,SC_2f455671a546,Cymindis.cribricollis,0x1.141394540789dp-1,0x1.50fa298b6def2p-1,0x1.4990ff43b393bp-1,0x1.3b130e0d2c285p-1,0x1.3ed30a97a67b3p-1
BT,SC_2f455671a546,Herthania.concinnus,0x1.141394540789dp-1,0x1.50fa298b6def2p-1,0x1.4990ff43b393bp-1,0x1.092b7d79a6892p-1,0x1.0d6958905fe3bp-1
BT,SC_2f455671a546,Ellychnia.corrusca,0x1.141394540789dp-1,0x1.50fa298b6def2p-1,0x1.4990ff43b393bp-1,0x1.cd539821d135cp-1,0x1.ce4ea515b4890p-1
BT,SC_2f455671a546,Epuraea.planulata,0x1.141394540789dp-1,0x1.50fa298b6def2p-1,0x1.4990ff43b393bp-1,0x1.68a6fe7aca8e3p-1,0x1.7125a535bbe80p-1
BT,SC_2f455671a546,Epuraea.truncatella,0x1.141394540789dp-1,0x1.50fa298b6def2p-1,0x1.4990ff43b393bp-1,0x1.09198e6188aa9p-1,0x1.190b21a44049bp-1
BT,SC_2f455671a546,Eucinetus.haemorrhoidalis,0x1.141394540789dp-1,0x1.50fa298b6def2p-1,0x1.4990ff43b393bp-1,0x1.9686f1c62a000p-1,0x1.98bd6673cdd74p-1
BT,SC_2f455671a546,Glischrochilus.siepmanni,0x1.141394540789dp-1,0x1.50fa298b6def2p-1,0x1.4990ff43b393bp-1,0x1.3ad6122cd7d6cp-1,0x1.43fb223ecb355p-1
BT,SC_2f455671a546,Habrocerus.schwarzi,0x1.141394540789dp-1,0x1.50fa298b6def2p-1,0x1.4990ff43b393bp-1,0x1.3ad6122cd7d6cp-1,0x1.43fb223ecb355p-1
BT,SC_2f455671a546,Harpalus.fulvilabris,0x1.141394540789dp-1,0x1.50fa298b6def2p-1,0x1.4990ff43b393bp-1,0x1.08d8463e69852p-1,0x1.0c0723ad08970p-1
BT,SC_2f455671a546,Hemicoelus.umbrosus,0x1.141394540789dp-1,0x1.50fa298b6def2p-1,0x1.4990ff43b393bp-1,0x1.092c125beb675p-1,0x1.0d6b8a1b41d22p-1
BT,SC_2f455671a546,Henotiderus.centromaculatus,0x1.141394540789dp-1,0x1.50fa298b6def2p-1,0x1.4990ff43b393bp-1,0x1.08eb405c67a4ep-1,0x1.13336634213ebp-1
BT,SC_2f455671a546,Hylobius.congener,0x1.141394540789dp-1,0x1.50fa298b6def2p-1,0x1.4990ff43b393bp-1,0x1.08d8463e69852p-1,0x1.0c0723ad08970p-1
BT,SC_2f455671a546,Hymenorus.niger,0x1.141394540789dp-1,0x1.50fa298b6def2p-1,0x1.4990ff43b393bp-1,0x1.092c125beb675p-1,0x1.0d6b8a1b41d22p-1
BT,SC_2f455671a546,Hypnoidus.bicolor,0x1.141394540789dp-1,0x1.50fa298b6def2p-1,0x1.4990ff43b393bp-1,0x1.6896fcfeceb08p-1,0x1.6baaab91fadc1p-1
BT,SC_2f455671a546,Ischnosoma.fimbriatum,0x1.141394540789dp-1,0x1.50fa298b6def2p-1,0x1.4990ff43b393bp-1,0x1.cd539821d135cp-1,0x1.ce4ea515b4890p-1
BT,SC_2f455671a546,Ischnosoma.pictum,0x1.141394540789dp-1,0x1.50fa298b6def2p-1,0x1.4990ff43b393bp-1,0x1.cd539821d135cp-1,0x1.ce4ea515b4890p-1
BT,SC_2f455671a546,Ischnosoma.splendidum,0x1.141394540789dp-1,0x1.50fa298b6def2p-1,0x1.4990ff43b393bp-1,0x1.cd539821d135cp-1,0x1.ce4ea515b4890p-1
BT,SC_2f455671a546,Latridius.minutus,0x1.141394540789dp-1,0x1.50fa298b6def2p-1,0x1.4990ff43b393bp-1,0x1.cd539821d135cp-1,0x1.ce4ea515b4890p-1
BT,SC_2f455671a546,Leiodes.punctostriata,0x1.141394540789dp-1,0x1.50fa298b6def2p-1,0x1.4990ff43b393bp-1,0x1.3ac3cc94c8992p-1,0x1.3dae05f8357e6p-1
BT,SC_2f455671a546,Leiodes.rufipes,0x1.141394540789dp-1,0x1.50fa298b6def2p-1,0x1.4990ff43b393bp-1,0x1.093b0c0a953b6p-1,0x1.141a9f95004a9p-1
BT,SC_2f455671a546,Limonius.aeger,0x1.141394540789dp-1,0x1.50fa298b6def2p-1,0x1.4990ff43b393bp-1,0x1.092c125beb675p-1,0x1.0d6b8a1b41d22p-1
BT,SC_2f455671a546,Lordithon.fungicola,0x1.141394540789dp-1,0x1.50fa298b6def2p-1,0x1.4990ff43b393bp-1,0x1.969521b142f5ap-1,0x1.98c87b65d9229p-1
BT,SC_2f455671a546,Lordithon.kelleyi,0x1.141394540789dp-1,0x1.50fa298b6def2p-1,0x1.4990ff43b393bp-1,0x1.092c125beb675p-1,0x1.0d6b8a1b41d22p-1
BT,SC_2f455671a546,Megarthrus.,0x1.141394540789dp-1,0x1.50fa298b6def2p-1,0x1.4990ff43b393bp-1,0x1.cd539821d135cp-1,0x1.ce4ea515b4890p-1
BT,SC_2f455671a546,Melanophthalma.helvola-villosa type,0x1.141394540789dp-1,0x1.50fa298b6def2p-1,0x1.4990ff43b393bp-1,0x1.cd539821d135cp-1,0x1.ce4ea515b4890p-1
BT,SC_2f455671a546,Melanophthalma.pumila,0x1.141394540789dp-1,0x1.50fa298b6def2p-1,0x1.4990ff43b393bp-1,0x1.cd539821d135cp-1,0x1.ce4ea515b4890p-1
BT,SC_2f455671a546,Mycetoporus.consors,0x1.141394540789dp-1,0x1.50fa298b6def2p-1,0x1.4990ff43b393bp-1,0x1.68a91fc258f1bp-1,0x1.6bb8e3d644fc6p-1
BT,SC_2f455671a546,Mycetoporus.nigrans,0x1.141394540789dp-1,0x1.50fa298b6def2p-1,0x1.4990ff43b393bp-1,0x1.092b7d79a6892p-1,0x1.0d6958905fe3bp-1
BT,SC_2f455671a546,Nassipa.hoppingi,0x1.141394540789dp-1,0x1.50fa298b6def2p-1,0x1.4990ff43b393bp-1,0x1.09198e6188aa9p-1,0x1.190b21a44049bp-1
BT,SC_2f455671a546,Neohypdonus.tumescens,0x1.141394540789dp-1,0x1.50fa298b6def2p-1,0x1.4990ff43b393bp-1,0x1.969f1df6a2160p-1,0x1.98cf43e8e55eep-1
BT,SC_2f455671a546,Notiophilus.semistriatus,0x1.141394540789dp-1,0x1.50fa298b6def2p-1,0x1.4990ff43b393bp-1,0x1.08d8463e69852p-1,0x1.0c0723ad08970p-1
BT,SC_2f455671a546,Nycteus.testaceus,0x1.141394540789dp-1,0x1.50fa298b6def2p-1,0x1.4990ff43b393bp-1,0x1.09198e6188aa9p-1,0x1.190b21a44049bp-1
BT,SC_2f455671a546,Ontholestes.cingulatus,0x1.141394540789dp-1,0x1.50fa298b6def2p-1,0x1.4990ff43b393bp-1,0x1.3ad6122cd7d6cp-1,0x1.43fb223ecb355p-1
BT,SC_2f455671a546,Orthocis.punctatus,0x1.141394540789dp-1,0x1.50fa298b6def2p-1,0x1.4990ff43b393bp-1,0x1.3b25da8ca4bb2p-1,0x1.451e44bfa43e6p-1
BT,SC_2f455671a546,Otiorhynchus.ovatus,0x1.141394540789dp-1,0x1.50fa298b6def2p-1,0x1.4990ff43b393bp-1,0x1.969f1df6a2160p-1,0x1.98cf43e8e55eep-1
BT,SC_2f455671a546,Oxytelus.laqueatus,0x1.141394540789dp-1,0x1.50fa298b6def2p-1,0x1.4990ff43b393bp-1,0x1.3b059f694d6dap-1,0x1.454b5e27ae3d7p-1
BT,SC_2f455671a546,Pediacus.fuscus,0x1.141394540789dp-1,0x1.50fa298b6def2p-1,0x1.4990ff43b393bp-1,0x1.3b027a4c88f04p-1,0x1.3ec7afbde20a3p-1
BT,SC_2f455671a546,Peltis.septentrionalis,0x1.141394540789dp-1,0x1.50fa298b6def2p-1,0x1.4990ff43b393bp-1,0x1.093f5d9677a65p-1,0x1.146b1d3801e38p-1
BT,SC_2f455671a546,Philonthus.caeruleipennis,0x1.141394540789dp-1,0x1.50fa298b6def2p-1,0x1.4990ff43b393bp-1,0x1.969f1df6a2160p-1,0x1.98cf43e8e55eep-1
BT,SC_2f455671a546,Phyllobaenus.humeralis,0x1.141394540789dp-1,0x1.50fa298b6def2p-1,0x1.4990ff43b393bp-1,0x1.0870c2692c674p-1,0x1.112e62030781fp-1
BT,SC_2f455671a546,Phyllotreta.Phyllotreta Species A,0x1.141394540789dp-1,0x1.50fa298b6def2p-1,0x1.4990ff43b393bp-1,0x1.08e782dc3e36bp-1,0x1.12e508d8cdd8fp-1
BT,SC_2f455671a546,Phyllotreta.striolata,0x1.141394540789dp-1,0x1.50fa298b6def2p-1,0x1.4990ff43b393bp-1,0x1.3b139b4193037p-1,0x1.3ed51bd1b94bap-1
BT,SC_2f455671a546,Platynus.decentis,0x1.141394540789dp-1,0x1.50fa298b6def2p-1,0x1.4990ff43b393bp-1,0x1.cd539821d135cp-1,0x1.ce4ea515b4890p-1
BT,SC_2f455671a546,Poecilus.lucublandus,0x1.141394540789dp-1,0x1.50fa298b6def2p-1,0x1.4990ff43b393bp-1,0x1.092b7d79a6892p-1,0x1.0d6958905fe3bp-1
BT,SC_2f455671a546,Proteinus.limbatus,0x1.141394540789dp-1,0x1.50fa298b6def2p-1,0x1.4990ff43b393bp-1,0x1.cd539821d135cp-1,0x1.ce4ea515b4890p-1
BT,SC_2f455671a546,Pselaphus.bellax,0x1.141394540789dp-1,0x1.50fa298b6def2p-1,0x1.4990ff43b393bp-1,0x1.3ad6122cd7d6cp-1,0x1.43fb223ecb355p-1
BT,SC_2f455671a546,Pseudanostirus.triundulatus,0x1.141394540789dp-1,0x1.50fa298b6def2p-1,0x1.4990ff43b393bp-1,0x1.3b17237179853p-1,0x1.3ed7f608fb1a8p-1
BT,SC_2f455671a546,Pseudopsis.sulcata complex,0x1.141394540789dp-1,0x1.50fa298b6def2p-1,0x1.4990ff43b393bp-1,0x1.0870c2692c674p-1,0x1.112e62030781fp-1
BT,SC_2f455671a546,Pterostichus.adstrictus,0x1.141394540789dp-1,0x1.50fa298b6def2p-1,0x1.4990ff43b393bp-1,0x1.cd539821d135cp-1,0x1.ce4ea515b4890p-1
BT,SC_2f455671a546,Pterostichus.brevicornis,0x1.141394540789dp-1,0x1.50fa298b6def2p-1,0x1.4990ff43b393bp-1,0x1.09198e6188aa9p-1,0x1.190b21a44049bp-1
BT,SC_2f455671a546,Pterostichus.pensylvanicus,0x1.141394540789dp-1,0x1.50fa298b6def2p-1,0x1.4990ff43b393bp-1,0x1.cd539821d135cp-1,0x1.ce4ea515b4890p-1
BT,SC_2f455671a546,Pterostichus.punctatissimus,0x1.141394540789dp-1,0x1.50fa298b6def2p-1,0x1.4990ff43b393bp-1,0x1.96895e44fa295p-1,0x1.98bf576cf9389p-1
BT,SC_2f455671a546,Ptiliid species A.Ptiliid species A,0x1.141394540789dp-1,0x1.50fa298b6def2p-1,0x1.4990ff43b393bp-1,0x1.cd539821d135cp-1,0x1.ce4ea515b4890p-1
BT,SC_2f455671a546,Quedius.labradorensis,0x1.141394540789dp-1,0x1.50fa298b6def2p-1,0x1.4990ff43b393bp-1,0x1.96937728215aap-1,0x1.9d0211acb0e54p-1
BT,SC_2f455671a546,Quedius.rusticus,0x1.141394540789dp-1,0x1.50fa298b6def2p-1,0x1.4990ff43b393bp-1,0x1.08eb405c67a4ep-1,0x1.13336634213ebp-1
BT,SC_2f455671a546,Scaphium.castanipes,0x1.141394540789dp-1,0x1.50fa298b6def2p-1,0x1.4990ff43b393bp-1,0x1.969521b142f5ap-1,0x1.98c87b65d9229p-1
BT,SC_2f455671a546,Sericus.incongruus,0x1.141394540789dp-1,0x1.50fa298b6def2p-1,0x1.4990ff43b393bp-1,0x1.08dc03e02d672p-1,0x1.0c0a2dfa2f6cep-1
BT,SC_2f455671a546,Setasomus.arata,0x1.141394540789dp-1,0x1.50fa298b6def2p-1,0x1.4990ff43b393bp-1,0x1.093ec8bc5a0ebp-1,0x1.1468edbba2a2fp-1
BT,SC_2f455671a546,Setasomus.nitidulus,0x1.141394540789dp-1,0x1.50fa298b6def2p-1,0x1.4990ff43b393bp-1,0x1.092981a3d74d3p-1,0x1.185750deabb33p-1
BT,SC_2f455671a546,Stenichnus.pubipennis,0x1.141394540789dp-1,0x1.50fa298b6def2p-1,0x1.4990ff43b393bp-1,0x1.3ac755fcc6eaep-1,0x1.3db0e26f220a6p-1
BT,SC_2f455671a546,Stenus.,0x1.141394540789dp-1,0x1.50fa298b6def2p-1,0x1.4990ff43b393bp-1,0x1.96895e44fa295p-1,0x1.98bf576cf9389p-1
BT,SC_2f455671a546,Syntomus.americanus,0x1.141394540789dp-1,0x1.50fa298b6def2p-1,0x1.4990ff43b393bp-1,0x1.3ac3cc94c8992p-1,0x1.3dae05f8357e6p-1
BT,SC_2f455671a546,Synuchus.impunctatus,0x1.141394540789dp-1,0x1.50fa298b6def2p-1,0x1.4990ff43b393bp-1,0x1.cd539821d135cp-1,0x1.ce4ea515b4890p-1
BT,SC_2f455671a546,Tachinus.basalis,0x1.141394540789dp-1,0x1.50fa298b6def2p-1,0x1.4990ff43b393bp-1,0x1.969f1df6a2160p-1,0x1.98cf43e8e55eep-1
BT,SC_2f455671a546,Tachinus.frigidus,0x1.141394540789dp-1,0x1.50fa298b6def2p-1,0x1.4990ff43b393bp-1,0x1.969521b142f5ap-1,0x1.98c87b65d9229p-1
BT,SC_2f455671a546,Tachinus.fumipennis,0x1.141394540789dp-1,0x1.50fa298b6def2p-1,0x1.4990ff43b393bp-1,0x1.3b112e1ee5e4ap-1,0x1.450e3374e2ea4p-1
BT,SC_2f455671a546,Tachinus.quebecensis,0x1.141394540789dp-1,0x1.50fa298b6def2p-1,0x1.4990ff43b393bp-1,0x1.cd539821d135cp-1,0x1.ce4ea515b4890p-1
BT,SC_2f455671a546,Tachyporus.borealis,0x1.141394540789dp-1,0x1.50fa298b6def2p-1,0x1.4990ff43b393bp-1,0x1.969521b142f5ap-1,0x1.98c87b65d9229p-1
BT,SC_2f455671a546,Trachypachus.holmbergi,0x1.141394540789dp-1,0x1.50fa298b6def2p-1,0x1.4990ff43b393bp-1,0x1.08d7f0f0da7cdp-1,0x1.0c32b85e72db0p-1
BT,SC_2f455671a546,Tympanophorus.puncticollis,0x1.141394540789dp-1,0x1.50fa298b6def2p-1,0x1.4990ff43b393bp-1,0x1.3ac3cc94c8992p-1,0x1.3dae05f8357e6p-1
BT,SC_2f455671a546,Upis.ceramboides,0x1.141394540789dp-1,0x1.50fa298b6def2p-1,0x1.4990ff43b393bp-1,0x1.08dc03e02d672p-1,0x1.0c0a2dfa2f6cep-1
DF,SC_2f455671a546,Acidota.crenata,0x1.3a16c72a39c95p-1,0x1.392b5f1a3f6cap-1,0x1.35f0f296955f5p-1,0x1.f0eee63bb1dcfp-2,0x1.feb2e896ce1f3p-2
DF,SC_2f455671a546,Acrotrichis.Acrotrichis spp.,0x1.3a16c72a39c95p-1,0x1.392b5f1a3f6cap-1,0x1.35f0f296955f5p-1,0x1.8bd0445eee449p-1,0x1.8c8db6e766501p-1
DF,SC_2f455671a546,Agathidium.depressum,0x1.3a16c72a39c95p-1,0x1.392b5f1a3f6cap-1,0x1.35f0f296955f5p-1,0x1.f248af1f7115fp-2,0x1.01c9b37820a3fp-1
DF,SC_2f455671a546,Agathidium.exiguum,0x1.3a16c72a39c95p-1,0x1.392b5f1a3f6cap-1,0x1.35f0f296955f5p-1,0x1.5ade0f8789e9fp-1,0x1.5c1c8a04571d9p-1
DF,SC_2f455671a546,Agonum.gratiosum,0x1.3a16c72a39c95p-1,0x1.392b5f1a3f6cap-1,0x1.35f0f296955f5p-1,0x1.c761e424df6fep-1,0x1.c78d911a90f74p-1
DF,SC_2f455671a546,Agonum.retractum,0x1.3a16c72a39c95p-1,0x1.392b5f1a3f6cap-1,0x1.35f0f296955f5p-1,0x1.c761e424df6fep-1,0x1.c78d911a90f74p-1
DF,SC_2f455671a546,Agriotes.limosus,0x1.3a16c72a39c95p-1,0x1.392b5f1a3f6cap-1,0x1.35f0f296955f5p-1,0x1.2b723defb6c23p-1,0x1.32c0206930e5fp-1
DF,SC_2f455671a546,Aleocharinae,0x1.3a16c72a39c95p-1,0x1.392b5f1a3f6cap-1,0x1.35f0f296955f5p-1,0x1.c761e424df6fep-1,0x1.c78d911a90f74p-1
DF,SC_2f455671a546,Anisotoma.obsoleta,0x1.3a16c72a39c95p-1,0x1.392b5f1a3f6cap-1,0x1.35f0f296955f5p-1,0x1.f213a78eff15bp-2,0x1.f55e731119159p-2
DF,SC_2f455671a546,Atomaria.nigricollis,0x1.3a16c72a39c95p-1,0x1.392b5f1a3f6cap-1,0x1.35f0f296955f5p-1,0x1.2bb18a5aec292p-1,0x1.33c64fac1d404p-1
DF,SC_2f455671a546,Atomaria.parviceps,0x1.3a16c72a39c95p-1,0x1.392b5f1a3f6cap-1,0x1.35f0f296955f5p-1,0x1.f24e8da0f2ccep-2,0x1.0217dcdb5fd12p-1
DF,SC_2f455671a546,Badister.neopulchellus,0x1.3a16c72a39c95p-1,0x1.392b5f1a3f6cap-1,0x1.35f0f296955f5p-1,0x1.5af0f8314036fp-1,0x1.5c2b40a9de8e8p-1
DF,SC_2f455671a546,Baeocera.,0x1.3a16c72a39c95p-1,0x1.392b5f1a3f6cap-1,0x1.35f0f296955f5p-1,0x1.c761e424df6fep-1,0x1.c78d911a90f74p-1
DF,SC_2f455671a546,Bolitobius.cingulatus,0x1.3a16c72a39c95p-1,0x1.392b5f1a3f6cap-1,0x1.35f0f296955f5p-1,0x1.5afd168d2598ep-1,0x1.5c34ee1f2e050p-1
DF,SC_2f455671a546,Bolitobius.horni,0x1.3a16c72a39c95p-1,0x1.392b5f1a3f6cap-1,0x1.35f0f296955f5p-1,0x1.5afd0658cff44p-1,0x1.5c34b325ca24bp-1
DF,SC_2f455671a546,Caenoscelis.ferruginea,0x1.3a16c72a39c95p-1,0x1.392b5f1a3f6cap-1,0x1.35f0f296955f5p-1,0x1.2bb4748c55c66p-1,0x1.341182b281d2dp-1
DF,SC_2f455671a546,Calathus.ingratus,0x1.3a16c72a39c95p-1,0x1.392b5f1a3f6cap-1,0x1.35f0f296955f5p-1,0x1.c761e424df6fep-1,0x1.c78d911a90f74p-1
DF,SC_2f455671a546,Canifa.pallipes,0x1.3a16c72a39c95p-1,0x1.392b5f1a3f6cap-1,0x1.35f0f296955f5p-1,0x1.2bab1eef9fa0fp-1,0x1.2d4c9e3143a24p-1
DF,SC_2f455671a546,Carabus.chamissonis,0x1.3a16c72a39c95p-1,0x1.392b5f1a3f6cap-1,0x1.35f0f296955f5p-1,0x1.f225c42474f6ep-2,0x1.f6139812c7471p-2
DF,SC_2f455671a546,Carabus.taedatus,0x1.3a16c72a39c95p-1,0x1.392b5f1a3f6cap-1,0x1.35f0f296955f5p-1,0x1.5aea1b41e83cap-1,0x1.5c25fa6b21642p-1
DF,SC_2f455671a546,Carcinocephalus.exsculpta,0x1.3a16c72a39c95p-1,0x1.392b5f1a3f6cap-1,0x1.35f0f296955f5p-1,0x1.5afd0658cff44p-1,0x1.5c34b325ca24bp-1
DF,SC_2f455671a546,Cercyon.minusculus,0x1.3a16c72a39c95p-1,0x1.392b5f1a3f6cap-1,0x1.35f0f296955f5p-1,0x1.c761e424df6fep-1,0x1.c78d911a90f74p-1
DF,SC_2f455671a546,Cis.Cis Species A,0x1.3a16c72a39c95p-1,0x1.392b5f1a3f6cap-1,0x1.35f0f296955f5p-1,0x1.5b02caca6f7f0p-1,0x1.61fedfd8ed73fp-1
DF,SC_2f455671a546,Clambus.pubescens,0x1.3a16c72a39c95p-1,0x1.392b5f1a3f6cap-1,0x1.35f0f296955f5p-1,0x1.f213a78eff15bp-2,0x1.f55e731119159p-2
DF,SC_2f455671a546,Corticaria.,0x1.3a16c72a39c95p-1,0x1.392b5f1a3f6cap-1,0x1.35f0f296955f5p-1,0x1.c761e424df6fep-1,0x1.c78d911a90f74p-1
DF,SC_2f455671a546,Cortinicara.gibbosa,0x1.3a16c72a39c95p-1,0x1.392b5f1a3f6cap-1,0x1.35f0f296955f5p-1,0x1.c761e424df6fep-1,0x1.c78d911a90f74p-1
DF,SC_2f455671a546,Cryptophagus.Crypto Species B,0x1.3a16c72a39c95p-1,0x1.392b5f1a3f6cap-1,0x1.35f0f296955f5p-1,0x1.2ba6fb623002bp-1,0x1.33be227cb5af4p-1
DF,SC_2f455671a546,Cryptophagus.difficilis,0x1.3a16c72a39c95p-1,0x1.392b5f1a3f6cap-1,0x1.35f0f296955f5p-1,0x1.c761e424df6fep-1,0x1.c78d911a90f74p-1
DF,SC_2f455671a546,Cymindis.cribricollis,0x1.3a16c72a39c95p-1,0x1.392b5f1a3f6cap-1,0x1.35f0f296955f5p-1,0x1.2bab1eef9fa0fp-1,0x1.2d4c9e3143a24p-1
DF,SC_2f455671a546,Herthania.concinnus,0x1.3a16c72a39c95p-1,0x1.392b5f1a3f6cap-1,0x1.35f0f296955f5p-1,0x1.f2259f17f66b3p-2,0x1.f613109bc36edp-2
DF,SC_2f455671a546,Ellychnia.corrusca,0x1.3a16c72a39c95p-1,0x1.392b5f1a3f6cap-1,0x1.35f0f296955f5p-1,0x1.c761e424df6fep-1,0x1.c78d911a90f74p-1
DF,SC_2f455671a546,Epuraea.planulata,0x1.3a16c72a39c95p-1,0x1.392b5f1a3f6cap-1,0x1.35f0f296955f5p-1,0x1.5b02caca6f7f0p-1,0x1.61fedfd8ed73fp-1
DF,SC_2f455671a546,Epuraea.truncatella,0x1.3a16c72a39c95p-1,0x1.392b5f1a3f6cap-1,0x1.35f0f296955f5p-1,0x1.f21d1636a97fcp-2,0x1.06cee93f1a8a3p-1
DF,SC_2f455671a546,Eucinetus.haemorrhoidalis,0x1.3a16c72a39c95p-1,0x1.392b5f1a3f6cap-1,0x1.35f0f296955f5p-1,0x1.8bbf025080087p-1,0x1.8c8038a900b24p-1
DF,SC_2f455671a546,Glischrochilus.siepmanni,0x1.3a16c72a39c95p-1,0x1.392b5f1a3f6cap-1,0x1.35f0f296955f5p-1,0x1.2b723defb6c23p-1,0x1.32c0206930e5fp-1
DF,SC_2f455671a546,Habrocerus.schwarzi,0x1.3a16c72a39c95p-1,0x1.392b5f1a3f6cap-1,0x1.35f0f296955f5p-1,0x1.2b723defb6c23p-1,0x1.32c0206930e5fp-1
DF,SC_2f455671a546,Harpalus.fulvilabris,0x1.3a16c72a39c95p-1,0x1.392b5f1a3f6cap-1,0x1.35f0f296955f5p-1,0x1.f20da3bb13bf8p-2,0x1.f5598a14eddb4p-2
DF,SC_2f455671a546,Hemicoelus.umbrosus,0x1.3a16c72a39c95p-1,0x1.392b5f1a3f6cap-1,0x1.35f0f296955f5p-1,0x1.f225c42474f6ep-2,0x1.f6139812c7471p-2
DF,SC_2f455671a546,Henotiderus.centromaculatus,0x1.3a16c72a39c95p-1,0x1.392b5f1a3f6cap-1,0x1.35f0f296955f5p-1,0x1.f1b0abb8cca91p-2,0x1.00fbde5b48d54p-1
DF,SC_2f455671a546,Hylobius.congener,0x1.3a16c72a39c95p-1,0x1.392b5f1a3f6cap-1,0x1.35f0f296955f5p-1,0x1.f20da3bb13bf8p-2,0x1.f5598a14eddb4p-2
DF,SC_2f455671a546,Hymenorus.niger,0x1.3a16c72a39c95p-1,0x1.392b5f1a3f6cap-1,0x1.35f0f296955f5p-1,0x1.f225c42474f6ep-2,0x1.f6139812c7471p-2
DF,SC_2f455671a546,Hypnoidus.bicolor,0x1.3a16c72a39c95p-1,0x1.392b5f1a3f6cap-1,0x1.35f0f296955f5p-1,0x1.5af0f8314036fp-1,0x1.5c2b40a9de8e8p-1
DF,SC_2f455671a546,Ischnosoma.fimbriatum,0x1.3a16c72a39c95p-1,0x1.392b5f1a3f6cap-1,0x1.35f0f296955f5p-1,0x1.c761e424df6fep-1,0x1.c78d911a90f74p-1
DF,SC_2f455671a546,Ischnosoma.pictum,0x1.3a16c72a39c95p-1,0x1.392b5f1a3f6cap-1,0x1.35f0f296955f5p-1,0x1.c761e424df6fep-1,0x1.c78d911a90f74p-1
DF,SC_2f455671a546,Ischnosoma.splendidum,0x1.3a16c72a39c95p-1,0x1.392b5f1a3f6cap-1,0x1.35f0f296955f5p-1,0x1.c761e424df6fep-1,0x1.c78d911a90f74p-1
DF,SC_2f455671a546,Latridius.minutus,0x1.3a16c72a39c95p-1,0x1.392b5f1a3f6cap-1,0x1.35f0f296955f5p-1,0x1.c761e424df6fep-1,0x1.c78d911a90f74p-1
DF,SC_2f455671a546,Leiodes.punctostriata,0x1.3a16c72a39c95p-1,0x1.392b5f1a3f6cap-1,0x1.35f0f296955f5p-1,0x1.2b94ea75259e0p-1,0x1.2cea7f500661ap-1
DF,SC_2f455671a546,Leiodes.rufipes,0x1.3a16c72a39c95p-1,0x1.392b5f1a3f6cap-1,0x1.35f0f296955f5p-1,0x1.f2488a1400820p-2,0x1.01c96fb74bff4p-1
DF,SC_2f455671a546,Limonius.aeger,0x1.3a16c72a39c95p-1,0x1.392b5f1a3f6cap-1,0x1.35f0f296955f5p-1,0x1.f225c42474f6ep-2,0x1.f6139812c7471p-2
DF,SC_2f455671a546,Lordithon.fungicola,0x1.3a16c72a39c95p-1,0x1.392b5f1a3f6cap-1,0x1.35f0f296955f5p-1,0x1.8bc8aac807650p-1,0x1.8c87c8d05c433p-1
DF,SC_2f455671a546,Lordithon.kelleyi,0x1.3a16c72a39c95p-1,0x1.392b5f1a3f6cap-1,0x1.35f0f296955f5p-1,0x1.f225c42474f6ep-2,0x1.f6139812c7471p-2
DF,SC_2f455671a546,Megarthrus.,0x1.3a16c72a39c95p-1,0x1.392b5f1a3f6cap-1,0x1.35f0f296955f5p-1,0x1.c761e424df6fep-1,0x1.c78d911a90f74p-1
DF,SC_2f455671a546,Melanophthalma.helvola-villosa type,0x1.3a16c72a39c95p-1,0x1.392b5f1a3f6cap-1,0x1.35f0f296955f5p-1,0x1.c761e424df6fep-1,0x1.c78d911a90f74p-1
DF,SC_2f455671a546,Melanophthalma.pumila,0x1.3a16c72a39c95p-1,0x1.392b5f1a3f6cap-1,0x1.35f0f296955f5p-1,0x1.c761e424df6fep-1,0x1.c78d911a90f74p-1
DF,SC_2f455671a546,Mycetoporus.consors,0x1.3a16c72a39c95p-1,0x1.392b5f1a3f6cap-1,0x1.35f0f296955f5p-1,0x1.5afd0658cff44p-1,0x1.5c34b325ca24bp-1
DF,SC_2f455671a546,Mycetoporus.nigrans,0x1.3a16c72a39c95p-1,0x1.392b5f1a3f6cap-1,0x1.35f0f296955f5p-1,0x1.f2259f17f66b3p-2,0x1.f613109bc36edp-2
DF,SC_2f455671a546,Nassipa.hoppingi,0x1.3a16c72a39c95p-1,0x1.392b5f1a3f6cap-1,0x1.35f0f296955f5p-1,0x1.f21d1636a97fcp-2,0x1.06cee93f1a8a3p-1
DF,SC_2f455671a546,Neohypdonus.tumescens,0x1.3a16c72a39c95p-1,0x1.392b5f1a3f6cap-1,0x1.35f0f296955f5p-1,0x1.8bd0445eee449p-1,0x1.8c8db6e766501p-1
DF,SC_2f455671a546,Notiophilus.semistriatus,0x1.3a16c72a39c95p-1,0x1.392b5f1a3f6cap-1,0x1.35f0f296955f5p-1,0x1.f20da3bb13bf8p-2,0x1.f5598a14eddb4p-2
DF,SC_2f455671a546,Nycteus.testaceus,0x1.3a16c72a39c95p-1,0x1.392b5f1a3f6cap-1,0x1.35f0f296955f5p-1,0x1.f21d1636a97fcp-2,0x1.06cee93f1a8a3p-1
DF,SC_2f455671a546,Ontholestes.cingulatus,0x1.3a16c72a39c95p-1,0x1.392b5f1a3f6cap-1,0x1.35f0f296955f5p-1,0x1.2b723defb6c23p-1,0x1.32c0206930e5fp-1
DF,SC_2f455671a546,Orthocis.punctatus,0x1.3a16c72a39c95p-1,0x1.392b5f1a3f6cap-1,0x1.35f0f296955f5p-1,0x1.2bbf0a4413147p-1,0x1.33d100ab1bb00p-1
DF,SC_2f455671a546,Otiorhynchus.ovatus,0x1.3a16c72a39c95p-1,0x1.392b5f1a3f6cap-1,0x1.35f0f296955f5p-1,0x1.8bd0445eee449p-1,0x1.8c8db6e766501p-1
DF,SC_2f455671a546,Oxytelus.laqueatus,0x1.3a16c72a39c95p-1,0x1.392b5f1a3f6cap-1,0x1.35f0f296955f5p-1,0x1.2ba9e53c0b80cp-1,0x1.34095638f1785p-1
DF,SC_2f455671a546,Pediacus.fuscus,0x1.3a16c72a39c95p-1,0x1.392b5f1a3f6cap-1,0x1.35f0f296955f5p-1,0x1.2ba0af856c78ap-1,0x1.2d44b693314d2p-1
DF,SC_2f455671a546,Peltis.septentrionalis,0x1.3a16c72a39c95p-1,0x1.392b5f1a3f6cap-1,0x1.35f0f296955f5p-1,0x1.f24eb2ac34d26p-2,0x1.0218209bcf3bfp-1
DF,SC_2f455671a546,Philonthus.caeruleipennis,0x1.3a16c72a39c95p-1,0x1.392b5f1a3f6cap-1,0x1.35f0f296955f5p-1,0x1.8bd0445eee449p-1,0x1.8c8db6e766501p-1
DF,SC_2f455671a546,Phyllobaenus.humeralis,0x1.3a16c72a39c95p-1,0x1.392b5f1a3f6cap-1,0x1.35f0f296955f5p-1,0x1.f0eee63bb1dcfp-2,0x1.feb2e896ce1f3p-2
DF,SC_2f455671a546,Phyllotreta.Phyllotreta Species A,0x1.3a16c72a39c95p-1,0x1.392b5f1a3f6cap-1,0x1.35f0f296955f5p-1,0x1.f1aaa77a74ccbp-2,0x1.00ad6ff4438edp-1
DF,SC_2f455671a546,Phyllotreta.striolata,0x1.3a16c72a39c95p-1,0x1.392b5f1a3f6cap-1,0x1.35f0f296955f5p-1,0x1.2bab30f07c611p-1,0x1.2d4cdfd51e3f9p-1
DF,SC_2f455671a546,Platynus.decentis,0x1.3a16c72a39c95p-1,0x1.392b5f1a3f6cap-1,0x1.35f0f296955f5p-1,0x1.c761e424df6fep-1,0x1.c78d911a90f74p-1
DF,SC_2f455671a546,Poecilus.lucublandus,0x1.3a16c72a39c95p-1,0x1.392b5f1a3f6cap-1,0x1.35f0f296955f5p-1,0x1.f2259f17f66b3p-2,0x1.f613109bc36edp-2
DF,SC_2f455671a546,Proteinus.limbatus,0x1.3a16c72a39c95p-1,0x1.392b5f1a3f6cap-1,0x1.35f0f296955f5p-1,0x1.c761e424df6fep-1,0x1.c78d911a90f74p-1
DF,SC_2f455671a546,Pselaphus.bellax,0x1.3a16c72a39c95p-1,0x1.392b5f1a3f6cap-1,0x1.35f0f296955f5p-1,0x1.2b723defb6c23p-1,0x1.32c0206930e5fp-1
DF,SC_2f455671a546,Pseudanostirus.triundulatus,0x1.3a16c72a39c95p-1,0x1.392b5f1a3f6cap-1,0x1.35f0f296955f5p-1,0x1.2bae1aecf1da4p-1,0x1.2d4f3f3d67a20p-1
DF,SC_2f455671a546,Pseudopsis.sulcata complex,0x1.3a16c72a39c95p-1,0x1.392b5f1a3f6cap-1,0x1.35f0f296955f5p-1,0x1.f0eee63bb1dcfp-2,0x1.feb2e896ce1f3p-2
DF,SC_2f455671a546,Pterostichus.adstrictus,0x1.3a16c72a39c95p-1,0x1.392b5f1a3f6cap-1,0x1.35f0f296955f5p-1,0x1.c761e424df6fep-1,0x1.c78d911a90f74p-1
DF,SC_2f455671a546,Pterostichus.brevicornis,0x1.3a16c72a39c95p-1,0x1.392b5f1a3f6cap-1,0x1.35f0f296955f5p-1,0x1.f21d1636a97fcp-2,0x1.06cee93f1a8a3p-1
DF,SC_2f455671a546,Pterostichus.pensylvanicus,0x1.3a16c72a39c95p-1,0x1.392b5f1a3f6cap-1,0x1.35f0f296955f5p-1,0x1.c761e424df6fep-1,0x1.c78d911a90f74p-1
DF,SC_2f455671a546,Pterostichus.punctatissimus,0x1.3a16c72a39c95p-1,0x1.392b5f1a3f6cap-1,0x1.35f0f296955f5p-1,0x1.8bc11afe348fap-1,0x1.8c81eca8ef4dep-1
DF,SC_2f455671a546,Ptiliid species A.Ptiliid species A,0x1.3a16c72a39c95p-1,0x1.392b5f1a3f6cap-1,0x1.35f0f296955f5p-1,0x1.c761e424df6fep-1,0x1.c78d911a90f74p-1
DF,SC_2f455671a546,Quedius.labradorensis,0x1.3a16c72a39c95p-1,0x1.392b5f1a3f6cap-1,0x1.35f0f296955f5p-1,0x1.8bcd498f754f2p-1,0x1.9127dca797080p-1
DF,SC_2f455671a546,Quedius.rusticus,0x1.3a16c72a39c95p-1,0x1.392b5f1a3f6cap-1,0x1.35f0f296955f5p-1,0x1.f1b0abb8cca91p-2,0x1.00fbde5b48d54p-1
DF,SC_2f455671a546,Scaphium.castanipes,0x1.3a16c72a39c95p-1,0x1.392b5f1a3f6cap-1,0x1.35f0f296955f5p-1,0x1.8bc8aac807650p-1,0x1.8c87c8d05c433p-1
DF,SC_2f455671a546,Sericus.incongruus,0x1.3a16c72a39c95p-1,0x1.392b5f1a3f6cap-1,0x1.35f0f296955f5p-1,0x1.f213a78eff15bp-2,0x1.f55e731119159p-2
DF,SC_2f455671a546,Setasomus.arata,0x1.3a16c72a39c95p-1,0x1.392b5f1a3f6cap-1,0x1.35f0f296955f5p-1,0x1.f24e8da0f2ccep-2,0x1.0217dcdb5fd12p-1
DF,SC_2f455671a546,Setasomus.nitidulus,0x1.3a16c72a39c95p-1,0x1.392b5f1a3f6cap-1,0x1.35f0f296955f5p-1,0x1.f23300ff1146cp-2,0x1.061506a5de158p-1
DF,SC_2f455671a546,Stenichnus.pubipennis,0x1.3a16c72a39c95p-1,0x1.392b5f1a3f6cap-1,0x1.35f0f296955f5p-1,0x1.2b97d4ead10e4p-1,0x1.2cecdf5c419c8p-1
DF,SC_2f455671a546,Stenus.,0x1.3a16c72a39c95p-1,0x1.392b5f1a3f6cap-1,0x1.35f0f296955f5p-1,0x1.8bc11afe348fap-1,0x1.8c81eca8ef4dep-1
DF,SC_2f455671a546,Syntomus.americanus,0x1.3a16c72a39c95p-1,0x1.392b5f1a3f6cap-1,0x1.35f0f296955f5p-1,0x1.2b94ea75259e0p-1,0x1.2cea7f500661ap-1
DF,SC_2f455671a546,Synuchus.impunctatus,0x1.3a16c72a39c95p-1,0x1.392b5f1a3f6cap-1,0x1.35f0f296955f5p-1,0x1.c761e424df6fep-1,0x1.c78d911a90f74p-1
DF,SC_2f455671a546,Tachinus.basalis,0x1.3a16c72a39c95p-1,0x1.392b5f1a3f6cap-1,0x1.35f0f296955f5p-1,0x1.8bd0445eee449p-1,0x1.8c8db6e766501p-1
DF,SC_2f455671a546,Tachinus.frigidus,0x1.3a16c72a39c95p-1,0x1.392b5f1a3f6cap-1,0x1.35f0f296955f5p-1,0x1.8bc8aac807650p-1,0x1.8c87c8d05c433p-1
DF,SC_2f455671a546,Tachinus.fumipennis,0x1.3a16c72a39c95p-1,0x1.392b5f1a3f6cap-1,0x1.35f0f296955f5p-1,0x1.2bb19c5b685c5p-1,0x1.33c690a98c6d2p-1
DF,SC_2f455671a546,Tachinus.quebecensis,0x1.3a16c72a39c95p-1,0x1.392b5f1a3f6cap-1,0x1.35f0f296955f5p-1,0x1.c761e424df6fep-1,0x1.c78d911a90f74p-1
DF,SC_2f455671a546,Tachyporus.borealis,0x1.3a16c72a39c95p-1,0x1.392b5f1a3f6cap-1,0x1.35f0f296955f5p-1,0x1.8bc8aac807650p-1,0x1.8c87c8d05c433p-1
DF,SC_2f455671a546,Trachypachus.holmbergi,0x1.3a16c72a39c95p-1,0x1.392b5f1a3f6cap-1,0x1.35f0f296955f5p-1,0x1.f1f7f49a6b76fp-2,0x1.f548a61909e46p-2
DF,SC_2f455671a546,Tympanophorus.puncticollis,0x1.3a16c72a39c95p-1,0x1.392b5f1a3f6cap-1,0x1.35f0f296955f5p-1,0x1.2b94ea75259e0p-1,0x1.2cea7f500661ap-1
DF,SC_2f455671a546,Upis.ceramboides,0x1.3a16c72a39c95p-1,0x1.392b5f1a3f6cap-1,0x1.35f0f296955f5p-1,0x1.f213a78eff15bp-2,0x1.f55e731119159p-2
WD,SC_2f455671a546,Acidota.crenata,0x1.23520932f481ep-1,0x1.1b72f47edf56bp-1,0x1.1cb3452a0841ep-1,0x1.b01b103fb10c6p-2,0x1.c2d18c9d7d27cp-2
WD,SC_2f455671a546,Acrotrichis.Acrotrichis spp.,0x1.23520932f481ep-1,0x1.1b72f47edf56bp-1,0x1.1cb3452a0841ep-1,0x1.734b367e83f62p-1,0x1.771fb146bda7dp-1
WD,SC_2f455671a546,Agathidium.depressum,0x1.23520932f481ep-1,0x1.1b72f47edf56bp-1,0x1.1cb3452a0841ep-1,0x1.b1ee986f74ac7p-2,0x1.c9c77ea1dd8e2p-2
WD,SC_2f455671a546,Agathidium.exiguum,0x1.23520932f481ep-1,0x1.1b72f47edf56bp-1,0x1.1cb3452a0841ep-1,0x1.3d13518b400aap-1,0x1.41fd1b7b3c78ep-1
WD,SC_2f455671a546,Agonum.gratiosum,0x1.23520932f481ep-1,0x1.1b72f47edf56bp-1,0x1.1cb3452a0841ep-1,0x1.b91d323729ba0p-1,0x1.bb20359fc0726p-1
WD,SC_2f455671a546,Agonum.retractum,0x1.23520932f481ep-1,0x1.1b72f47edf56bp-1,0x1.1cb3452a0841ep-1,0x1.b91d323729ba0p-1,0x1.bb20359fc0726p-1
WD,SC_2f455671a546,Agriotes.limosus,0x1.23520932f481ep-1,0x1.1b72f47edf56bp-1,0x1.1cb3452a0841ep-1,0x1.0b47ab7fecbd2p-1,0x1.16182c231d896p-1
WD,SC_2f455671a546,Aleocharinae,0x1.23520932f481ep-1,0x1.1b72f47edf56bp-1,0x1.1cb3452a0841ep-1,0x1.b91d323729ba0p-1,0x1.bb20359fc0726p-1
WD,SC_2f455671a546,Anisotoma.obsoleta,0x1.23520932f481ep-1,0x1.1b72f47edf56bp-1,0x1.1cb3452a0841ep-1,0x1.b09c4165e97dep-2,0x1.b80c8689d7e66p-2
WD,SC_2f455671a546,Atomaria.nigricollis,0x1.23520932f481ep-1,0x1.1b72f47edf56bp-1,0x1.1cb3452a0841ep-1,0x1.0b831ee303ad5p-1,0x1.1751695ebe92dp-1
WD,SC_2f455671a546,Atomaria.parviceps,0x1.23520932f481ep-1,0x1.1b72f47edf56bp-1,0x1.1cb3452a0841ep-1,0x1.b1f388e05115cp-2,0x1.ca5432fc758f9p-2
WD,SC_2f455671a546,Badister.neopulchellus,0x1.23520932f481ep-1,0x1.1b72f47edf56bp-1,0x1.1cb3452a0841ep-1,0x1.3d3d052c492b3p-1,0x1.421a43be58ce7p-1
WD,SC_2f455671a546,Baeocera.,0x1.23520932f481ep-1,0x1.1b72f47edf56bp-1,0x1.1cb3452a0841ep-1,0x1.b91d323729ba0p-1,0x1.bb20359fc0726p-1
WD,SC_2f455671a546,Bolitobius.cingulatus,0x1.23520932f481ep-1,0x1.1b72f47edf56bp-1,0x1.1cb3452a0841ep-1,0x1.3d59feaebd3a8p-1,0x1.423508e521c3fp-1
WD,SC_2f455671a546,Bolitobius.horni,0x1.23520932f481ep-1,0x1.1b72f47edf56bp-1,0x1.1cb3452a0841ep-1,0x1.3d58ba0f84fe3p-1,0x1.42302b3fdb7a2p-1
WD,SC_2f455671a546,Caenoscelis.ferruginea,0x1.23520932f481ep-1,0x1.1b72f47edf56bp-1,0x1.1cb3452a0841ep-1,0x1.0b86f86fb23a3p-1,0x1.179d1d1c3f0fbp-1
WD,SC_2f455671a546,Calathus.ingratus,0x1.23520932f481ep-1,0x1.1b72f47edf56bp-1,0x1.1cb3452a0841ep-1,0x1.b91d323729ba0p-1,0x1.bb20359fc0726p-1
WD,SC_2f455671a546,Canifa.pallipes,0x1.23520932f481ep-1,0x1.1b72f47edf56bp-1,0x1.1cb3452a0841ep-1,0x1.0b92ce28dc6f7p-1,0x1.10fdfa2e24596p-1
WD,SC_2f455671a546,Carabus.chamissonis,0x1.23520932f481ep-1,0x1.1b72f47edf56bp-1,0x1.1cb3452a0841ep-1,0x1.b1db35ac2abc0p-2,0x1.bd11c4d5cc244p-2
WD,SC_2f455671a546,Carabus.taedatus,0x1.23520932f481ep-1,0x1.1b72f47edf56bp-1,0x1.1cb3452a0841ep-1,0x1.3d2ef96b17ec0p-1,0x1.4212f82d11649p-1
WD,SC_2f455671a546,Carcinocephalus.exsculpta,0x1.23520932f481ep-1,0x1.1b72f47edf56bp-1,0x1.1cb3452a0841ep-1,0x1.3d58ba0f84fe3p-1,0x1.42302b3fdb7a2p-1
WD,SC_2f455671a546,Cercyon.minusculus,0x1.23520932f481ep-1,0x1.1b72f47edf56bp-1,0x1.1cb3452a0841ep-1,0x1.b91d323729ba0p-1,0x1.bb20359fc0726p-1
WD,SC_2f455671a546,Cis.Cis Species A,0x1.23520932f481ep-1,0x1.1b72f47edf56bp-1,0x1.1cb3452a0841ep-1,0x1.3d49f2289a6d6p-1,0x1.4816db92c7842p-1
WD,SC_2f455671a546,Clambus.pubescens,0x1.23520932f481ep-1,0x1.1b72f47edf56bp-1,0x1.1cb3452a0841ep-1,0x1.b09c4165e97dep-2,0x1.b80c8689d7e66p-2
WD,SC_2f455671a546,Corticaria.,0x1.23520932f481ep-1,0x1.1b72f47edf56bp-1,0x1.1cb3452a0841ep-1,0x1.b91d323729ba0p-1,0x1.bb20359fc0726p-1
WD,SC_2f455671a546,Cortinicara.gibbosa,0x1.23520932f481ep-1,0x1.1b72f47edf56bp-1,0x1.1cb3452a0841ep-1,0x1.b91d323729ba0p-1,0x1.bb20359fc0726p-1
WD,SC_2f455671a546,Cryptophagus.Crypto Species B,0x1.23520932f481ep-1,0x1.1b72f47edf56bp-1,0x1.1cb3452a0841ep-1,0x1.0b705ba5351fcp-1,0x1.17468591b039ep-1
WD,SC_2f455671a546,Cryptophagus.difficilis,0x1.23520932f481ep-1,0x1.1b72f47edf56bp-1,0x1.1cb3452a0841ep-1,0x1.b91d323729ba0p-1,0x1.bb20359fc0726p-1
WD,SC_2f455671a546,Cymindis.cribricollis,0x1.23520932f481ep-1,0x1.1b72f47edf56bp-1,0x1.1cb3452a0841ep-1,0x1.0b92ce28dc6f7p-1,0x1.10fdfa2e24596p-1
WD,SC_2f455671a546,Herthania.concinnus,0x1.23520932f481ep-1,0x1.1b72f47edf56bp-1,0x1.1cb3452a0841ep-1,0x1.b1d895bcbb5c1p-2,0x1.bd07855698114p-2
WD,SC_2f455671a546,Ellychnia.corrusca,0x1.23520932f481ep-1,0x1.1b72f47edf56bp-1,0x1.1cb3452a0841ep-1,0x1.b91d323729ba0p-1,0x1.bb20359fc0726p-1
WD,SC_2f455671a546,Epuraea.planulata,0x1.23520932f481ep-1,0x1.1b72f47edf56bp-1,0x1.1cb3452a0841ep-1,0x1.3d49f2289a6d6p-1,0x1.4816db92c7842p-1
WD,SC_2f455671a546,Epuraea.truncatella,0x1.23520932f481ep-1,0x1.1b72f47edf56bp-1,0x1.1cb3452a0841ep-1,0x1.b194fd152f66ap-2,0x1.d33e738857f47p-2
WD,SC_2f455671a546,Eucinetus.haemorrhoidalis,0x1.23520932f481ep-1,0x1.1b72f47edf56bp-1,0x1.1cb3452a0841ep-1,0x1.7324fa0addfbap-1,0x1.7704d8c9af23fp-1
WD,SC_2f455671a546,Glischrochilus.siepmanni,0x1.23520932f481ep-1,0x1.1b72f47edf56bp-1,0x1.1cb3452a0841ep-1,0x1.0b47ab7fecbd2p-1,0x1.16182c231d896p-1
WD,SC_2f455671a546,Habrocerus.schwarzi,0x1.23520932f481ep-1,0x1.1b72f47edf56bp-1,0x1.1cb3452a0841ep-1,0x1.0b47ab7fecbd2p-1,0x1.16182c231d896p-1
WD,SC_2f455671a546,Harpalus.fulvilabris,0x1.23520932f481ep-1,0x1.1b72f47edf56bp-1,0x1.1cb3452a0841ep-1,0x1.b094af636d0c7p-2,0x1.b8065c0ca58d5p-2
WD,SC_2f455671a546,Hemicoelus.umbrosus,0x1.23520932f481ep-1,0x1.1b72f47edf56bp-1,0x1.1cb3452a0841ep-1,0x1.b1db35ac2abc0p-2,0x1.bd11c4d5cc244p-2
WD,SC_2f455671a546,Henotiderus.centromaculatus,0x1.23520932f481ep-1,0x1.1b72f47edf56bp-1,0x1.1cb3452a0841ep-1,0x1.b145b6b9a1a12p-2,0x1.c7b59382d9232p-2
WD,SC_2f455671a546,Hylobius.congener,0x1.23520932f481ep-1,0x1.1b72f47edf56bp-1,0x1.1cb3452a0841ep-1,0x1.b094af636d0c7p-2,0x1.b8065c0ca58d5p-2
WD,SC_2f455671a546,Hymenorus.niger,0x1.23520932f481ep-1,0x1.1b72f47edf56bp-1,0x1.1cb3452a0841ep-1,0x1.b1db35ac2abc0p-2,0x1.bd11c4d5cc244p-2
WD,SC_2f455671a546,Hypnoidus.bicolor,0x1.23520932f481ep-1,0x1.1b72f47edf56bp-1,0x1.1cb3452a0841ep-1,0x1.3d3d052c492b3p-1,0x1.421a43be58ce7p-1
WD,SC_2f455671a546,Ischnosoma.fimbriatum,0x1.23520932f481ep-1,0x1.1b72f47edf56bp-1,0x1.1cb3452a0841ep-1,0x1.b91d323729ba0p-1,0x1.bb20359fc0726p-1
WD,SC_2f455671a546,Ischnosoma.pictum,0x1.23520932f481ep-1,0x1.1b72f47edf56bp-1,0x1.1cb3452a0841ep-1,0x1.b91d323729ba0p-1,0x1.bb20359fc0726p-1
WD,SC_2f455671a546,Ischnosoma.splendidum,0x1.23520932f481ep-1,0x1.1b72f47edf56bp-1,0x1.1cb3452a0841ep-1,0x1.b91d323729ba0p-1,0x1.bb20359fc0726p-1
WD,SC_2f455671a546,Latridius.minutus,0x1.23520932f481ep-1,0x1.1b72f47edf56bp-1,0x1.1cb3452a0841ep-1,0x1.b91d323729ba0p-1,0x1.bb20359fc0726p-1
WD,SC_2f455671a546,Leiodes.punctostriata,0x1.23520932f481ep-1,0x1.1b72f47edf56bp-1,0x1.1cb3452a0841ep-1,0x1.0b39ec01b0813p-1,0x1.0fac1578eb099p-1
WD,SC_2f455671a546,Leiodes.rufipes,0x1.23520932f481ep-1,0x1.1b72f47edf56bp-1,0x1.1cb3452a0841ep-1,0x1.b1ebf88c87ac6p-2,0x1.c9bd2f843ee56p-2
WD,SC_2f455671a546,Limonius.aeger,0x1.23520932f481ep-1,0x1.1b72f47edf56bp-1,0x1.1cb3452a0841ep-1,0x1.b1db35ac2abc0p-2,0x1.bd11c4d5cc244p-2
WD,SC_2f455671a546,Lordithon.fungicola,0x1.23520932f481ep-1,0x1.1b72f47edf56bp-1,0x1.1cb3452a0841ep-1,0x1.733c4f22a59e4p-1,0x1.771727f9c8553p-1
WD,SC_2f455671a546,Lordithon.kelleyi,0x1.23520932f481ep-1,0x1.1b72f47edf56bp-1,0x1.1cb3452a0841ep-1,0x1.b1db35ac2abc0p-2,0x1.bd11c4d5cc244p-2
WD,SC_2f455671a546,Megarthrus.,0x1.23520932f481ep-1,0x1.1b72f47edf56bp-1,0x1.1cb3452a0841ep-1,0x1.b91d323729ba0p-1,0x1.bb20359fc0726p-1
WD,SC_2f455671a546,Melanophthalma.helvola-villosa type,0x1.23520932f481ep-1,0x1.1b72f47edf56bp-1,0x1.1cb3452a0841ep-1,0x1.b91d323729ba0p-1,0x1.bb20359fc0726p-1
WD,SC_2f455671a546,Melanophthalma.pumila,0x1.23520932f481ep-1,0x1.1b72f47edf56bp-1,0x1.1cb3452a0841ep-1,0x1.b91d323729ba0p-1,0x1.bb20359fc0726p-1
WD,SC_2f455671a546,Mycetoporus.consors,0x1.23520932f481ep-1,0x1.1b72f47edf56bp-1,0x1.1cb3452a0841ep-1,0x1.3d58ba0f84fe3p-1,0x1.42302b3fdb7a2p-1
WD,SC_2f455671a546,Mycetoporus.nigrans,0x1.23520932f481ep-1,0x1.1b72f47edf56bp-1,0x1.1cb3452a0841ep-1,0x1.b1d895bcbb5c1p-2,0x1.bd07855698114p-2
WD,SC_2f455671a546,Nassipa.hoppingi,0x1.23520932f481ep-1,0x1.1b72f47edf56bp-1,0x1.1cb3452a0841ep-1,0x1.b194fd152f66ap-2,0x1.d33e738857f47p-2
WD,SC_2f455671a546,Neohypdonus.tumescens,0x1.23520932f481ep-1,0x1.1b72f47edf56bp-1,0x1.1cb3452a0841ep-1,0x1.734b367e83f62p-1,0x1.771fb146bda7dp-1
WD,SC_2f455671a546,Notiophilus.semistriatus,0x1.23520932f481ep-1,0x1.1b72f47edf56bp-1,0x1.1cb3452a0841ep-1,0x1.b094af636d0c7p-2,0x1.b8065c0ca58d5p-2
WD,SC_2f455671a546,Nycteus.testaceus,0x1.23520932f481ep-1,0x1.1b72f47edf56bp-1,0x1.1cb3452a0841ep-1,0x1.b194fd152f66ap-2,0x1.d33e738857f47p-2
WD,SC_2f455671a546,Ontholestes.cingulatus,0x1.23520932f481ep-1,0x1.1b72f47edf56bp-1,0x1.1cb3452a0841ep-1,0x1.0b47ab7fecbd2p-1,0x1.16182c231d896p-1
WD,SC_2f455671a546,Orthocis.punctatus,0x1.23520932f481ep-1,0x1.1b72f47edf56bp-1,0x1.1cb3452a0841ep-1,0x1.0ba1e1524c7fcp-1,0x1.176ded2e751cfp-1
WD,SC_2f455671a546,Otiorhynchus.ovatus,0x1.23520932f481ep-1,0x1.1b72f47edf56bp-1,0x1.1cb3452a0841ep-1,0x1.734b367e83f62p-1,0x1.771fb146bda7dp-1
WD,SC_2f455671a546,Oxytelus.laqueatus,0x1.23520932f481ep-1,0x1.1b72f47edf56bp-1,0x1.1cb3452a0841ep-1,0x1.0b7434458ac42p-1,0x1.1792392559ed6p-1
WD,SC_2f455671a546,Pediacus.fuscus,0x1.23520932f481ep-1,0x1.1b72f47edf56bp-1,0x1.1cb3452a0841ep-1,0x1.0b7a986cfb530p-1,0x1.10eedbd4ab902p-1
WD,SC_2f455671a546,Peltis.septentrionalis,0x1.23520932f481ep-1,0x1.1b72f47edf56bp-1,0x1.1cb3452a0841ep-1,0x1.b1f628be5b5c2p-2,0x1.ca5e82b9783ddp-2
WD,SC_2f455671a546,Philonthus.caeruleipennis,0x1.23520932f481ep-1,0x1.1b72f47edf56bp-1,0x1.1cb3452a0841ep-1,0x1.734b367e83f62p-1,0x1.771fb146bda7dp-1
WD,SC_2f455671a546,Phyllobaenus.humeralis,0x1.23520932f481ep-1,0x1.1b72f47edf56bp-1,0x1.1cb3452a0841ep-1,0x1.b01b103fb10c6p-2,0x1.c2d18c9d7d27cp-2
WD,SC_2f455671a546,Phyllotreta.Phyllotreta Species A,0x1.23520932f481ep-1,0x1.1b72f47edf56bp-1,0x1.1cb3452a0841ep-1,0x1.b13e255c5e308p-2,0x1.c71eb9b9c41c6p-2
WD,SC_2f455671a546,Phyllotreta.striolata,0x1.23520932f481ep-1,0x1.1b72f47edf56bp-1,0x1.1cb3452a0841ep-1,0x1.0b9425a7c5cfap-1,0x1.11032b094b91ap-1
WD,SC_2f455671a546,Platynus.decentis,0x1.23520932f481ep-1,0x1.1b72f47edf56bp-1,0x1.1cb3452a0841ep-1,0x1.b91d323729ba0p-1,0x1.bb20359fc0726p-1
WD,SC_2f455671a546,Poecilus.lucublandus,0x1.23520932f481ep-1,0x1.1b72f47edf56bp-1,0x1.1cb3452a0841ep-1,0x1.b1d895bcbb5c1p-2,0x1.bd07855698114p-2
WD,SC_2f455671a546,Proteinus.limbatus,0x1.23520932f481ep-1,0x1.1b72f47edf56bp-1,0x1.1cb3452a0841ep-1,0x1.b91d323729ba0p-1,0x1.bb20359fc0726p-1
WD,SC_2f455671a546,Pselaphus.bellax,0x1.23520932f481ep-1,0x1.1b72f47edf56bp-1,0x1.1cb3452a0841ep-1,0x1.0b47ab7fecbd2p-1,0x1.16182c231d896p-1
WD,SC_2f455671a546,Pseudanostirus.triundulatus,0x1.23520932f481ep-1,0x1.1b72f47edf56bp-1,0x1.1cb3452a0841ep-1,0x1.0b97ffe4eb6eep-1,0x1.110648ed01e61p-1
WD,SC_2f455671a546,Pseudopsis.sulcata complex,0x1.23520932f481ep-1,0x1.1b72f47edf56bp-1,0x1.1cb3452a0841ep-1,0x1.b01b103fb10c6p-2,0x1.c2d18c9d7d27cp-2
WD,SC_2f455671a546,Pterostichus.adstrictus,0x1.23520932f481ep-1,0x1.1b72f47edf56bp-1,0x1.1cb3452a0841ep-1,0x1.b91d323729ba0p-1,0x1.bb20359fc0726p-1
WD,SC_2f455671a546,Pterostichus.brevicornis,0x1.23520932f481ep-1,0x1.1b72f47edf56bp-1,0x1.1cb3452a0841ep-1,0x1.b194fd152f66ap-2,0x1.d33e738857f47p-2
WD,SC_2f455671a546,Pterostichus.pensylvanicus,0x1.23520932f481ep-1,0x1.1b72f47edf56bp-1,0x1.1cb3452a0841ep-1,0x1.b91d323729ba0p-1,0x1.bb20359fc0726p-1
WD,SC_2f455671a546,Pterostichus.punctatissimus,0x1.23520932f481ep-1,0x1.1b72f47edf56bp-1,0x1.1cb3452a0841ep-1,0x1.732807d7663b7p-1,0x1.770747d3e9d56p-1
WD,SC_2f455671a546,Ptiliid species A.Ptiliid species A,0x1.23520932f481ep-1,0x1.1b72f47edf56bp-1,0x1.1cb3452a0841ep-1,0x1.b91d323729ba0p-1,0x1.bb20359fc0726p-1
WD,SC_2f455671a546,Quedius.labradorensis,0x1.23520932f481ep-1,0x1.1b72f47edf56bp-1,0x1.1cb3452a0841ep-1,0x1.732fdcc367ae8p-1,0x1.7c05520628934p-1
WD,SC_2f455671a546,Quedius.rusticus,0x1.23520932f481ep-1,0x1.1b72f47edf56bp-1,0x1.1cb3452a0841ep-1,0x1.b145b6b9a1a12p-2,0x1.c7b59382d9232p-2
WD,SC_2f455671a546,Scaphium.castanipes,0x1.23520932f481ep-1,0x1.1b72f47edf56bp-1,0x1.1cb3452a0841ep-1,0x1.733c4f22a59e4p-1,0x1.771727f9c8553p-1
WD,SC_2f455671a546,Sericus.incongruus,0x1.23520932f481ep-1,0x1.1b72f47edf56bp-1,0x1.1cb3452a0841ep-1,0x1.b09c4165e97dep-2,0x1.b80c8689d7e66p-2
WD,SC_2f455671a546,Setasomus.arata,0x1.23520932f481ep-1,0x1.1b72f47edf56bp-1,0x1.1cb3452a0841ep-1,0x1.b1f388e05115cp-2,0x1.ca5432fc758f9p-2
WD,SC_2f455671a546,Setasomus.nitidulus,0x1.23520932f481ep-1,0x1.1b72f47edf56bp-1,0x1.1cb3452a0841ep-1,0x1.b1bc6f0a6aabdp-2,0x1.d1e7e5e425123p-2
WD,SC_2f455671a546,Stenichnus.pubipennis,0x1.23520932f481ep-1,0x1.1b72f47edf56bp-1,0x1.1cb3452a0841ep-1,0x1.0b3dc75190405p-1,0x1.0faf34a97dc47p-1
WD,SC_2f455671a546,Stenus.,0x1.23520932f481ep-1,0x1.1b72f47edf56bp-1,0x1.1cb3452a0841ep-1,0x1.732807d7663b7p-1,0x1.770747d3e9d56p-1
WD,SC_2f455671a546,Syntomus.americanus,0x1.23520932f481ep-1,0x1.1b72f47edf56bp-1,0x1.1cb3452a0841ep-1,0x1.0b39ec01b0813p-1,0x1.0fac1578eb099p-1
WD,SC_2f455671a546,Synuchus.impunctatus,0x1.23520932f481ep-1,0x1.1b72f47edf56bp-1,0x1.1cb3452a0841ep-1,0x1.b91d323729ba0p-1,0x1.bb20359fc0726p-1
WD,SC_2f455671a546,Tachinus.basalis,0x1.23520932f481ep-1,0x1.1b72f47edf56bp-1,0x1.1cb3452a0841ep-1,0x1.734b367e83f62p-1,0x1.771fb146bda7dp-1
WD,SC_2f455671a546,Tachinus.frigidus,0x1.23520932f481ep-1,0x1.1b72f47edf56bp-1,0x1.1cb3452a0841ep-1,0x1.733c4f22a59e4p-1,0x1.771727f9c8553p-1
WD,SC_2f455671a546,Tachinus.fumipennis,0x1.23520932f481ep-1,0x1.1b72f47edf56bp-1,0x1.1cb3452a0841ep-1,0x1.0b84767453fd8p-1,0x1.17569514fb681p-1
WD,SC_2f455671a546,Tachinus.quebecensis,0x1.23520932f481ep-1,0x1.1b72f47edf56bp-1,0x1.1cb3452a0841ep-1,0x1.b91d323729ba0p-1,0x1.bb20359fc0726p-1
WD,SC_2f455671a546,Tachyporus.borealis,0x1.23520932f481ep-1,0x1.1b72f47edf56bp-1,0x1.1cb3452a0841ep-1,0x1.733c4f22a59e4p-1,0x1.771727f9c8553p-1
WD,SC_2f455671a546,Trachypachus.holmbergi,0x1.23520932f481ep-1,0x1.1b72f47edf56bp-1,0x1.1cb3452a0841ep-1,0x1.b12abfe4f04c0p-2,0x1.ba6d1df0b7537p-2
WD,SC_2f455671a546,Tympanophorus.puncticollis,0x1.23520932f481ep-1,0x1.1b72f47edf56bp-1,0x1.1cb3452a0841ep-1,0x1.0b39ec01b0813p-1,0x1.0fac1578eb099p-1
WD,SC_2f455671a546,Upis.ceramboides,0x1.23520932f481ep-1,0x1.1b72f47edf56bp-1,0x1.1cb3452a0841ep-1,0x1.b09c4165e97dep-2,0x1.b80c8689d7e66p-2
MI,SC_04cdabd0598f,Acidota.crenata,0x1.821e6fb71ecd8p-2,0x1.8784fd2593ddap-1,0x1.8624cce4c71cfp-1,0x1.4fb8e7ca4b6fdp-1,0x1.5feb40e4ed3f9p-1
MI,SC_04cdabd0598f,Acrotrichis.Acrotrichis spp.,0x1.821e6fb71ecd8p-2,0x1.8784fd2593ddap-1,0x1.8624cce4c71cfp-1,0x1.b5f907326d14fp-1,0x1.b6eeab764a433p-1
MI,SC_04cdabd0598f,Agathidium.depressum,0x1.821e6fb71ecd8p-2,0x1.8784fd2593ddap-1,0x1.8624cce4c71cfp-1,0x1.55361f1ccf2e3p-1,0x1.644b897ded841p-1
MI,SC_04cdabd0598f,Agathidium.exiguum,0x1.821e6fb71ecd8p-2,0x1.8784fd2593ddap-1,0x1.8624cce4c71cfp-1,0x1.9b43e66b1e4d5p-1,0x1.9b3028be998d0p-1
MI,SC_04cdabd0598f,Agonum.gratiosum,0x1.821e6fb71ecd8p-2,0x1.8784fd2593ddap-1,0x1.8624cce4c71cfp-1,0x1.dd1236c0b0fb7p-1,0x1.dd8a9a1eb2c40p-1
MI,SC_04cdabd0598f,Agonum.retractum,0x1.821e6fb71ecd8p-2,0x1.8784fd2593ddap-1,0x1.8624cce4c71cfp-1,0x1.dd1236c0b0fb7p-1,0x1.dd8a9a1eb2c40p-1
MI,SC_04cdabd0598f,Agriotes.limosus,0x1.821e6fb71ecd8p-2,0x1.8784fd2593ddap-1,0x1.8624cce4c71cfp-1,0x1.771a2160adfc4p-1,0x1.8566fd8a2711fp-1
MI,SC_04cdabd0598f,Aleocharinae,0x1.821e6fb71ecd8p-2,0x1.8784fd2593ddap-1,0x1.8624cce4c71cfp-1,0x1.dd1236c0b0fb7p-1,0x1.dd8a9a1eb2c40p-1
MI,SC_04cdabd0598f,Anisotoma.obsoleta,0x1.821e6fb71ecd8p-2,0x1.8784fd2593ddap-1,0x1.8624cce4c71cfp-1,0x1.4e07038c0b9a1p-1,0x1.4de1e48748b11p-1
MI,SC_04cdabd0598f,Atomaria.nigricollis,0x1.821e6fb71ecd8p-2,0x1.8784fd2593ddap-1,0x1.8624cce4c71cfp-1,0x1.7b792c3cb4d48p-1,0x1.88d157e6936fep-1
MI,SC_04cdabd0598f,Atomaria.parviceps,0x1.821e6fb71ecd8p-2,0x1.8784fd2593ddap-1,0x1.8624cce4c71cfp-1,0x1.55ac08c2b1388p-1,0x1.63f571a2e9ffbp-1
MI,SC_04cdabd0598f,Badister.neopulchellus,0x1.821e6fb71ecd8p-2,0x1.8784fd2593ddap-1,0x1.8624cce4c71cfp-1,0x1.973453eceb826p-1,0x1.97ce8496866c7p-1
MI,SC_04cdabd0598f,Baeocera.,0x1.821e6fb71ecd8p-2,0x1.8784fd2593ddap-1,0x1.8624cce4c71cfp-1,0x1.dd1236c0b0fb7p-1,0x1.dd8a9a1eb2c40p-1
MI,SC_04cdabd0598f,Bolitobius.cingulatus,0x1.821e6fb71ecd8p-2,0x1.8784fd2593ddap-1,0x1.8624cce4c71cfp-1,0x1.9469e5ed6e9ebp-1,0x1.9579f7a9c80eap-1
MI,SC_04cdabd0598f,Bolitobius.horni,0x1.821e6fb71ecd8p-2,0x1.8784fd2593ddap-1,0x1.8624cce4c71cfp-1,0x1.945607ffb0c83p-1,0x1.9569e76432d93p-1
MI,SC_04cdabd0598f,Caenoscelis.ferruginea,0x1.821e6fb71ecd8p-2,0x1.8784fd2593ddap-1,0x1.8624cce4c71cfp-1,0x1.7bee3744620f2p-1,0x1.88946e109116fp-1
MI,SC_04cdabd0598f,Calathus.ingratus,0x1.821e6fb71ecd8p-2,0x1.8784fd2593ddap-1,0x1.8624cce4c71cfp-1,0x1.dd1236c0b0fb7p-1,0x1.dd8a9a1eb2c40p-1
MI,SC_04cdabd0598f,Canifa.pallipes,0x1.821e6fb71ecd8p-2,0x1.8784fd2593ddap-1,0x1.8624cce4c71cfp-1,0x1.754c78b50ddedp-1,0x1.75aa0f6d0d0bcp-1
MI,SC_04cdabd0598f,Carabus.chamissonis,0x1.821e6fb71ecd8p-2,0x1.8784fd2593ddap-1,0x1.8624cce4c71cfp-1,0x1.534b8c7cc6233p-1,0x1.5247574e3f633p-1
MI,SC_04cdabd0598f,Carabus.taedatus,0x1.821e6fb71ecd8p-2,0x1.8784fd2593ddap-1,0x1.8624cce4c71cfp-1,0x1.98435d5ad14c0p-1,0x1.98ad63e58a4b1p-1
MI,SC_04cdabd0598f,Carcinocephalus.exsculpta,0x1.821e6fb71ecd8p-2,0x1.8784fd2593ddap-1,0x1.8624cce4c71cfp-1,0x1.945607ffb0c83p-1,0x1.9569e76432d93p-1
MI,SC_04cdabd0598f,Cercyon.minusculus,0x1.821e6fb71ecd8p-2,0x1.8784fd2593ddap-1,0x1.8624cce4c71cfp-1,0x1.dd1236c0b0fb7p-1,0x1.dd8a9a1eb2c40p-1
MI,SC_04cdabd0598f,Cis.Cis Species A,0x1.821e6fb71ecd8p-2,0x1.8784fd2593ddap-1,0x1.8624cce4c71cfp-1,0x1.98dd3ab1a9c62p-1,0x1.a4bdf03110d24p-1
MI,SC_04cdabd0598f,Clambus.pubescens,0x1.821e6fb71ecd8p-2,0x1.8784fd2593ddap-1,0x1.8624cce4c71cfp-1,0x1.4e07038c0b9a1p-1,0x1.4de1e48748b11p-1
MI,SC_04cdabd0598f,Corticaria.,0x1.821e6fb71ecd8p-2,0x1.8784fd2593ddap-1,0x1.8624cce4c71cfp-1,0x1.dd1236c0b0fb7p-1,0x1.dd8a9a1eb2c40p-1
MI,SC_04cdabd0598f,Cortinicara.gibbosa,0x1.821e6fb71ecd8p-2,0x1.8784fd2593ddap-1,0x1.8624cce4c71cfp-1,0x1.dd1236c0b0fb7p-1,0x1.dd8a9a1eb2c40p-1
MI,SC_04cdabd0598f,Cryptophagus.Crypto Species B,0x1.821e6fb71ecd8p-2,0x1.8784fd2593ddap-1,0x1.8624cce4c71cfp-1,0x1.7bffdab62afeap-1,0x1.8938ffbd68092p-1
MI,SC_04cdabd0598f,Cryptophagus.difficilis,0x1.821e6fb71ecd8p-2,0x1.8784fd2593ddap-1,0x1.8624cce4c71cfp-1,0x1.dd1236c0b0fb7p-1,0x1.dd8a9a1eb2c40p-1
MI,SC_04cdabd0598f,Cymindis.cribricollis,0x1.821e6fb71ecd8p-2,0x1.8784fd2593ddap-1,0x1.8624cce4c71cfp-1,0x1.754c78b50ddedp-1,0x1.75aa0f6d0d0bcp-1
MI,SC_04cdabd0598f,Herthania.concinnus,0x1.821e6fb71ecd8p-2,0x1.8784fd2593ddap-1,0x1.8624cce4c71cfp-1,0x1.5329cf6f13145p-1,0x1.522bd7080111fp-1
MI,SC_04cdabd0598f,Ellychnia.corrusca,0x1.821e6fb71ecd8p-2,0x1.8784fd2593ddap-1,0x1.8624cce4c71cfp-1,0x1.dd1236c0b0fb7p-1,0x1.dd8a9a1eb2c40p-1
MI,SC_04cdabd0598f,Epuraea.planulata,0x1.821e6fb71ecd8p-2,0x1.8784fd2593ddap-1,0x1.8624cce4c71cfp-1,0x1.98dd3ab1a9c62p-1,0x1.a4bdf03110d24p-1
MI,SC_04cdabd0598f,Epuraea.truncatella,0x1.821e6fb71ecd8p-2,0x1.8784fd2593ddap-1,0x1.8624cce4c71cfp-1,0x1.5832f081973fbp-1,0x1.66dcd2d74760cp-1
MI,SC_04cdabd0598f,Eucinetus.haemorrhoidalis,0x1.821e6fb71ecd8p-2,0x1.8784fd2593ddap-1,0x1.8624cce4c71cfp-1,0x1.b84685280141fp-1,0x1.b8d8f1a954254p-1
MI,SC_04cdabd0598f,Glischrochilus.siepmanni,0x1.821e6fb71ecd8p-2,0x1.8784fd2593ddap-1,0x1.8624cce4c71cfp-1,0x1.771a2160adfc4p-1,0x1.8566fd8a2711fp-1
MI,SC_04cdabd0598f,Habrocerus.schwarzi,0x1.821e6fb71ecd8p-2,0x1.8784fd2593ddap-1,0x1.8624cce4c71cfp-1,0x1.771a2160adfc4p-1,0x1.8566fd8a2711fp-1
MI,SC_04cdabd0598f,Harpalus.fulvilabris,0x1.821e6fb71ecd8p-2,0x1.8784fd2593ddap-1,0x1.8624cce4c71cfp-1,0x1.4cfb41c6fb3d3p-1,0x1.4d05657ace0c9p-1
MI,SC_04cdabd0598f,Hemicoelus.umbrosus,0x1.821e6fb71ecd8p-2,0x1.8784fd2593ddap-1,0x1.8624cce4c71cfp-1,0x1.534b8c7cc6233p-1,0x1.5247574e3f633p-1
MI,SC_04cdabd0598f,Henotiderus.centromaculatus,0x1.821e6fb71ecd8p-2,0x1.8784fd2593ddap-1,0x1.8624cce4c71cfp-1,0x1.55287cf180e45p-1,0x1.638d7015ec23ep-1
MI,SC_04cdabd0598f,Hylobius.congener,0x1.821e6fb71ecd8p-2,0x1.8784fd2593ddap-1,0x1.8624cce4c71cfp-1,0x1.4cfb41c6fb3d3p-1,0x1.4d05657ace0c9p-1
MI,SC_04cdabd0598f,Hymenorus.niger,0x1.821e6fb71ecd8p-2,0x1.8784fd2593ddap-1,0x1.8624cce4c71cfp-1,0x1.534b8c7cc6233p-1,0x1.5247574e3f633p-1
MI,SC_04cdabd0598f,Hypnoidus.bicolor,0x1.821e6fb71ecd8p-2,0x1.8784fd2593ddap-1,0x1.8624cce4c71cfp-1,0x1.973453eceb826p-1,0x1.97ce8496866c7p-1
MI,SC_04cdabd0598f,Ischnosoma.fimbriatum,0x1.821e6fb71ecd8p-2,0x1.8784fd2593ddap-1,0x1.8624cce4c71cfp-1,0x1.dd1236c0b0fb7p-1,0x1.dd8a9a1eb2c40p-1
MI,SC_04cdabd0598f,Ischnosoma.pictum,0x1.821e6fb71ecd8p-2,0x1.8784fd2593ddap-1,0x1.8624cce4c71cfp-1,0x1.dd1236c0b0fb7p-1,0x1.dd8a9a1eb2c40p-1
MI,SC_04cdabd0598f,Ischnosoma.splendidum,0x1.821e6fb71ecd8p-2,0x1.8784fd2593ddap-1,0x1.8624cce4c71cfp-1,0x1.dd1236c0b0fb7p-1,0x1.dd8a9a1eb2c40p-1
MI,SC_04cdabd0598f,Latridius.minutus,0x1.821e6fb71ecd8p-2,0x1.8784fd2593ddap-1,0x1.8624cce4c71cfp-1,0x1.dd1236c0b0fb7p-1,0x1.dd8a9a1eb2c40p-1
MI,SC_04cdabd0598f,Leiodes.punctostriata,0x1.821e6fb71ecd8p-2,0x1.8784fd2593ddap-1,0x1.8624cce4c71cfp-1,0x1.74ebe238889fap-1,0x1.755a3ca57cb85p-1
MI,SC_04cdabd0598f,Leiodes.rufipes,0x1.821e6fb71ecd8p-2,0x1.8784fd2593ddap-1,0x1.8624cce4c71cfp-1,0x1.5512eccd56a54p-1,0x1.643042e78f210p-1
MI,SC_04cdabd0598f,Limonius.aeger,0x1.821e6fb71ecd8p-2,0x1.8784fd2593ddap-1,0x1.8624cce4c71cfp-1,0x1.534b8c7cc6233p-1,0x1.5247574e3f633p-1
MI,SC_04cdabd0598f,Lordithon.fungicola,0x1.821e6fb71ecd8p-2,0x1.8784fd2593ddap-1,0x1.8624cce4c71cfp-1,0x1.b63b8bb7e78aap-1,0x1.b7252128ccccap-1
MI,SC_04cdabd0598f,Lordithon.kelleyi,0x1.821e6fb71ecd8p-2,0x1.8784fd2593ddap-1,0x1.8624cce4c71cfp-1,0x1.534b8c7cc6233p-1,0x1.5247574e3f633p-1
MI,SC_04cdabd0598f,Megarthrus.,0x1.821e6fb71ecd8p-2,0x1.8784fd2593ddap-1,0x1.8624cce4c71cfp-1,0x1.dd1236c0b0fb7p-1,0x1.dd8a9a1eb2c40p-1
MI,SC_04cdabd0598f,Melanophthalma.helvola-villosa type,0x1.821e6fb71ecd8p-2,0x1.8784fd2593ddap-1,0x1.8624cce4c71cfp-1,0x1.dd1236c0b0fb7p-1,0x1.dd8a9a1eb2c40p-1
MI,SC_04cdabd0598f,Melanophthalma.pumila,0x1.821e6fb71ecd8p-2,0x1.8784fd2593ddap-1,0x1.8624cce4c71cfp-1,0x1.dd1236c0b0fb7p-1,0x1.dd8a9a1eb2c40p-1
MI,SC_04cdabd0598f,Mycetoporus.consors,0x1.821e6fb71ecd8p-2,0x1.8784fd2593ddap-1,0x1.8624cce4c71cfp-1,0x1.945607ffb0c83p-1,0x1.9569e76432d93p-1
MI,SC_04cdabd0598f,Mycetoporus.nigrans,0x1.821e6fb71ecd8p-2,0x1.8784fd2593ddap-1,0x1.8624cce4c71cfp-1,0x1.5329cf6f13145p-1,0x1.522bd7080111fp-1
MI,SC_04cdabd0598f,Nassipa.hoppingi,0x1.821e6fb71ecd8p-2,0x1.8784fd2593ddap-1,0x1.8624cce4c71cfp-1,0x1.5832f081973fbp-1,0x1.66dcd2d74760cp-1
MI,SC_04cdabd0598f,Neohypdonus.tumescens,0x1.821e6fb71ecd8p-2,0x1.8784fd2593ddap-1,0x1.8624cce4c71cfp-1,0x1.b5f907326d14fp-1,0x1.b6eeab764a433p-1
MI,SC_04cdabd0598f,Notiophilus.semistriatus,0x1.821e6fb71ecd8p-2,0x1.8784fd2593ddap-1,0x1.8624cce4c71cfp-1,0x1.4cfb41c6fb3d3p-1,0x1.4d05657ace0c9p-1
MI,SC_04cdabd0598f,Nycteus.testaceus,0x1.821e6fb71ecd8p-2,0x1.8784fd2593ddap-1,0x1.8624cce4c71cfp-1,0x1.5832f081973fbp-1,0x1.66dcd2d74760cp-1
MI,SC_04cdabd0598f,Ontholestes.cingulatus,0x1.821e6fb71ecd8p-2,0x1.8784fd2593ddap-1,0x1.8624cce4c71cfp-1,0x1.771a2160adfc4p-1,0x1.8566fd8a2711fp-1
MI,SC_04cdabd0598f,Orthocis.punctatus,0x1.821e6fb71ecd8p-2,0x1.8784fd2593ddap-1,0x1.8624cce4c71cfp-1,0x1.779a9d95aeff4p-1,0x1.85c9dde6ad3b0p-1
MI,SC_04cdabd0598f,Otiorhynchus.ovatus,0x1.821e6fb71ecd8p-2,0x1.8784fd2593ddap-1,0x1.8624cce4c71cfp-1,0x1.b5f907326d14fp-1,0x1.b6eeab764a433p-1
MI,SC_04cdabd0598f,Oxytelus.laqueatus,0x1.821e6fb71ecd8p-2,0x1.8784fd2593ddap-1,0x1.8624cce4c71cfp-1,0x1.7c769d1b91420p-1,0x1.88fdc1af53379p-1
MI,SC_04cdabd0598f,Pediacus.fuscus,0x1.821e6fb71ecd8p-2,0x1.8784fd2593ddap-1,0x1.8624cce4c71cfp-1,0x1.7a1aac87035fdp-1,0x1.79ab820b79dddp-1
MI,SC_04cdabd0598f,Peltis.septentrionalis,0x1.821e6fb71ecd8p-2,0x1.8784fd2593ddap-1,0x1.8624cce4c71cfp-1,0x1.55cfba976c192p-1,0x1.64112c4dae51fp-1
MI,SC_04cdabd0598f,Philonthus.caeruleipennis,0x1.821e6fb71ecd8p-2,0x1.8784fd2593ddap-1,0x1.8624cce4c71cfp-1,0x1.b5f907326d14fp-1,0x1.b6eeab764a433p-1
MI,SC_04cdabd0598f,Phyllobaenus.humeralis,0x1.821e6fb71ecd8p-2,0x1.8784fd2593ddap-1,0x1.8624cce4c71cfp-1,0x1.4fb8e7ca4b6fdp-1,0x1.5feb40e4ed3f9p-1
MI,SC_04cdabd0598f,Phyllotreta.Phyllotreta Species A,0x1.821e6fb71ecd8p-2,0x1.8784fd2593ddap-1,0x1.8624cce4c71cfp-1,0x1.5491355b8dd10p-1,0x1.63c9ed6d9458ap-1
MI,SC_04cdabd0598f,Phyllotreta.striolata,0x1.821e6fb71ecd8p-2,0x1.8784fd2593ddap-1,0x1.8624cce4c71cfp-1,0x1.7566a821a579ap-1,0x1.75bf557527502p-1
MI,SC_04cdabd0598f,Platynus.decentis,0x1.821e6fb71ecd8p-2,0x1.8784fd2593ddap-1,0x1.8624cce4c71cfp-1,0x1.dd1236c0b0fb7p-1,0x1.dd8a9a1eb2c40p-1
MI,SC_04cdabd0598f,Poecilus.lucublandus,0x1.821e6fb71ecd8p-2,0x1.8784fd2593ddap-1,0x1.8624cce4c71cfp-1,0x1.5329cf6f13145p-1,0x1.522bd7080111fp-1
MI,SC_04cdabd0598f,Proteinus.limbatus,0x1.821e6fb71ecd8p-2,0x1.8784fd2593ddap-1,0x1.8624cce4c71cfp-1,0x1.dd1236c0b0fb7p-1,0x1.dd8a9a1eb2c40p-1
MI,SC_04cdabd0598f,Pselaphus.bellax,0x1.821e6fb71ecd8p-2,0x1.8784fd2593ddap-1,0x1.8624cce4c71cfp-1,0x1.771a2160adfc4p-1,0x1.8566fd8a2711fp-1
MI,SC_04cdabd0598f,Pseudanostirus.triundulatus,0x1.821e6fb71ecd8p-2,0x1.8784fd2593ddap-1,0x1.8624cce4c71cfp-1,0x1.7644a74ea49a5p-1,0x1.767613dbfa46fp-1
MI,SC_04cdabd0598f,Pseudopsis.sulcata complex,0x1.821e6fb71ecd8p-2,0x1.8784fd2593ddap-1,0x1.8624cce4c71cfp-1,0x1.4fb8e7ca4b6fdp-1,0x1.5feb40e4ed3f9p-1
MI,SC_04cdabd0598f,Pterostichus.adstrictus,0x1.821e6fb71ecd8p-2,0x1.8784fd2593ddap-1,0x1.8624cce4c71cfp-1,0x1.dd1236c0b0fb7p-1,0x1.dd8a9a1eb2c40p-1
MI,SC_04cdabd0598f,Pterostichus.brevicornis,0x1.821e6fb71ecd8p-2,0x1.8784fd2593ddap-1,0x1.8624cce4c71cfp-1,0x1.5832f081973fbp-1,0x1.66dcd2d74760cp-1
MI,SC_04cdabd0598f,Pterostichus.pensylvanicus,0x1.821e6fb71ecd8p-2,0x1.8784fd2593ddap-1,0x1.8624cce4c71cfp-1,0x1.dd1236c0b0fb7p-1,0x1.dd8a9a1eb2c40p-1
MI,SC_04cdabd0598f,Pterostichus.punctatissimus,0x1.821e6fb71ecd8p-2,0x1.8784fd2593ddap-1,0x1.8624cce4c71cfp-1,0x1.b8c1cd776ca06p-1,0x1.b93e235f67ac1p-1
MI,SC_04cdabd0598f,Ptiliid species A.Ptiliid species A,0x1.821e6fb71ecd8p-2,0x1.8784fd2593ddap-1,0x1.8624cce4c71cfp-1,0x1.dd1236c0b0fb7p-1,0x1.dd8a9a1eb2c40p-1
MI,SC_04cdabd0598f,Quedius.labradorensis,0x1.821e6fb71ecd8p-2,0x1.8784fd2593ddap-1,0x1.8624cce4c71cfp-1,0x1.b96a7d0d46b7cp-1,0x1.c23cb56b0a50dp-1
MI,SC_04cdabd0598f,Quedius.rusticus,0x1.821e6fb71ecd8p-2,0x1.8784fd2593ddap-1,0x1.8624cce4c71cfp-1,0x1.55287cf180e45p-1,0x1.638d7015ec23ep-1
MI,SC_04cdabd0598f,Scaphium.castanipes,0x1.821e6fb71ecd8p-2,0x1.8784fd2593ddap-1,0x1.8624cce4c71cfp-1,0x1.b63b8bb7e78aap-1,0x1.b7252128ccccap-1
MI,SC_04cdabd0598f,Sericus.incongruus,0x1.821e6fb71ecd8p-2,0x1.8784fd2593ddap-1,0x1.8624cce4c71cfp-1,0x1.4e07038c0b9a1p-1,0x1.4de1e48748b11p-1
MI,SC_04cdabd0598f,Setasomus.arata,0x1.821e6fb71ecd8p-2,0x1.8784fd2593ddap-1,0x1.8624cce4c71cfp-1,0x1.55ac08c2b1388p-1,0x1.63f571a2e9ffbp-1
MI,SC_04cdabd0598f,Setasomus.nitidulus,0x1.821e6fb71ecd8p-2,0x1.8784fd2593ddap-1,0x1.8624cce4c71cfp-1,0x1.580be7bfa58c8p-1,0x1.666769b9af80ap-1
MI,SC_04cdabd0598f,Stenichnus.pubipennis,0x1.821e6fb71ecd8p-2,0x1.8784fd2593ddap-1,0x1.8624cce4c71cfp-1,0x1.75c8bd226cc59p-1,0x1.760fff7c47ef1p-1
MI,SC_04cdabd0598f,Stenus.,0x1.821e6fb71ecd8p-2,0x1.8784fd2593ddap-1,0x1.8624cce4c71cfp-1,0x1.b8c1cd776ca06p-1,0x1.b93e235f67ac1p-1
MI,SC_04cdabd0598f,Syntomus.americanus,0x1.821e6fb71ecd8p-2,0x1.8784fd2593ddap-1,0x1.8624cce4c71cfp-1,0x1.74ebe238889fap-1,0x1.755a3ca57cb85p-1
MI,SC_04cdabd0598f,Synuchus.impunctatus,0x1.821e6fb71ecd8p-2,0x1.8784fd2593ddap-1,0x1.8624cce4c71cfp-1,0x1.dd1236c0b0fb7p-1,0x1.dd8a9a1eb2c40p-1
MI,SC_04cdabd0598f,Tachinus.basalis,0x1.821e6fb71ecd8p-2,0x1.8784fd2593ddap-1,0x1.8624cce4c71cfp-1,0x1.b5f907326d14fp-1,0x1.b6eeab764a433p-1
MI,SC_04cdabd0598f,Tachinus.frigidus,0x1.821e6fb71ecd8p-2,0x1.8784fd2593ddap-1,0x1.8624cce4c71cfp-1,0x1.b63b8bb7e78aap-1,0x1.b7252128ccccap-1
MI,SC_04cdabd0598f,Tachinus.fumipennis,0x1.821e6fb71ecd8p-2,0x1.8784fd2593ddap-1,0x1.8624cce4c71cfp-1,0x1.7b95c6ae5a482p-1,0x1.88e708c8d3f5fp-1
MI,SC_04cdabd0598f,Tachinus.quebecensis,0x1.821e6fb71ecd8p-2,0x1.8784fd2593ddap-1,0x1.8624cce4c71cfp-1,0x1.dd1236c0b0fb7p-1,0x1.dd8a9a1eb2c40p-1
MI,SC_04cdabd0598f,Tachyporus.borealis,0x1.821e6fb71ecd8p-2,0x1.8784fd2593ddap-1,0x1.8624cce4c71cfp-1,0x1.b63b8bb7e78aap-1,0x1.b7252128ccccap-1
MI,SC_04cdabd0598f,Trachypachus.holmbergi,0x1.821e6fb71ecd8p-2,0x1.8784fd2593ddap-1,0x1.8624cce4c71cfp-1,0x1.52ad7332b8727p-1,0x1.51c4e4f1a661dp-1
MI,SC_04cdabd0598f,Tympanophorus.puncticollis,0x1.821e6fb71ecd8p-2,0x1.8784fd2593ddap-1,0x1.8624cce4c71cfp-1,0x1.74ebe238889fap-1,0x1.755a3ca57cb85p-1
MI,SC_04cdabd0598f,Upis.ceramboides,0x1.821e6fb71ecd8p-2,0x1.8784fd2593ddap-1,0x1.8624cce4c71cfp-1,0x1.4e07038c0b9a1p-1,0x1.4de1e48748b11p-1
PR,SC_04cdabd0598f,Acidota.crenata,0x1.1ab87f1690f42p-1,0x1.46f035023da25p-1,0x1.5cbd5471e1d5dp-1,0x1.1b380aa7f125bp-1,0x1.29f5fd82b7bd4p-1
PR,SC_04cdabd0598f,Acrotrichis.Acrotrichis spp.,0x1.1ab87f1690f42p-1,0x1.46f035023da25p-1,0x1.5cbd5471e1d5dp-1,0x1.99cc96e0270dap-1,0x1.9b2cb9c99683cp-1
PR,SC_04cdabd0598f,Agathidium.depressum,0x1.1ab87f1690f42p-1,0x1.46f035023da25p-1,0x1.5cbd5471e1d5dp-1,0x1.1be519c10a4a2p-1,0x1.2a9056b921b86p-1
PR,SC_04cdabd0598f,Agathidium.exiguum,0x1.1ab87f1690f42p-1,0x1.46f035023da25p-1,0x1.5cbd5471e1d5dp-1,0x1.7112fae9ffb7dp-1,0x1.72599daca7f21p-1
PR,SC_04cdabd0598f,Agonum.gratiosum,0x1.1ab87f1690f42p-1,0x1.46f035023da25p-1,0x1.5cbd5471e1d5dp-1,0x1.cdd991bdb3469p-1,0x1.cea0f720a4cafp-1
PR,SC_04cdabd0598f,Agonum.retractum,0x1.1ab87f1690f42p-1,0x1.46f035023da25p-1,0x1.5cbd5471e1d5dp-1,0x1.cdd991bdb3469p-1,0x1.cea0f720a4cafp-1
PR,SC_04cdabd0598f,Agriotes.limosus,0x1.1ab87f1690f42p-1,0x1.46f035023da25p-1,0x1.5cbd5471e1d5dp-1,0x1.481406f379e52p-1,0x1.5624d3464edb0p-1
PR,SC_04cdabd0598f,Aleocharinae,0x1.1ab87f1690f42p-1,0x1.46f035023da25p-1,0x1.5cbd5471e1d5dp-1,0x1.cdd991bdb3469p-1,0x1.cea0f720a4cafp-1
PR,SC_04cdabd0598f,Anisotoma.obsoleta,0x1.1ab87f1690f42p-1,0x1.46f035023da25p-1,0x1.5cbd5471e1d5dp-1,0x1.1b0b41ca636f2p-1,0x1.1ba23cd1d74b2p-1
PR,SC_04cdabd0598f,Atomaria.nigricollis,0x1.1ab87f1690f42p-1,0x1.46f035023da25p-1,0x1.5cbd5471e1d5dp-1,0x1.489586795982fp-1,0x1.5698ccd1d87cbp-1
PR,SC_04cdabd0598f,Atomaria.parviceps,0x1.1ab87f1690f42p-1,0x1.46f035023da25p-1,0x1.5cbd5471e1d5dp-1,0x1.1bf25c9c31addp-1,0x1.2a484136cae18p-1
PR,SC_04cdabd0598f,Badister.neopulchellus,0x1.1ab87f1690f42p-1,0x1.46f035023da25p-1,0x1.5cbd5471e1d5dp-1,0x1.703507b7dbee1p-1,0x1.719907e48284ep-1
PR,SC_04cdabd0598f,Baeocera.,0x1.1ab87f1690f42p-1,0x1.46f035023da25p-1,0x1.5cbd5471e1d5dp-1,0x1.cdd991bdb3469p-1,0x1.cea0f720a4cafp-1
PR,SC_04cdabd0598f,Bolitobius.cingulatus,0x1.1ab87f1690f42p-1,0x1.46f035023da25p-1,0x1.5cbd5471e1d5dp-1,0x1.6fc60047887dbp-1,0x1.713416045c14dp-1
PR,SC_04cdabd0598f,Bolitobius.horni,0x1.1ab87f1690f42p-1,0x1.46f035023da25p-1,0x1.5cbd5471e1d5dp-1,0x1.6fb31434fc521p-1,0x1.7124dc2892deap-1
PR,SC_04cdabd0598f,Caenoscelis.ferruginea,0x1.1ab87f1690f42p-1,0x1.46f035023da25p-1,0x1.5cbd5471e1d5dp-1,0x1.48b3eb6960ad8p-1,0x1.56653f080fe1cp-1
PR,SC_04cdabd0598f,Calathus.ingratus,0x1.1ab87f1690f42p-1,0x1.46f035023da25p-1,0x1.5cbd5471e1d5dp-1,0x1.cdd991bdb3469p-1,0x1.cea0f720a4cafp-1
PR,SC_04cdabd0598f,Canifa.pallipes,0x1.1ab87f1690f42p-1,0x1.46f035023da25p-1,0x1.5cbd5471e1d5dp-1,0x1.4761181976adbp-1,0x1.48864348f3a2cp-1
PR,SC_04cdabd0598f,Carabus.chamissonis,0x1.1ab87f1690f42p-1,0x1.46f035023da25p-1,0x1.5cbd5471e1d5dp-1,0x1.1bb7381aa593fp-1,0x1.1c3cf87e17e71p-1
PR,SC_04cdabd0598f,Carabus.taedatus,0x1.1ab87f1690f42p-1,0x1.46f035023da25p-1,0x1.5cbd5471e1d5dp-1,0x1.708fd37abb3f7p-1,0x1.71e4613035454p-1
PR,SC_04cdabd0598f,Carcinocephalus.exsculpta,0x1.1ab87f1690f42p-1,0x1.46f035023da25p-1,0x1.5cbd5471e1d5dp-1,0x1.6fb31434fc521p-1,0x1.7124dc2892deap-1
PR,SC_04cdabd0598f,Cercyon.minusculus,0x1.1ab87f1690f42p-1,0x1.46f035023da25p-1,0x1.5cbd5471e1d5dp-1,0x1.cdd991bdb3469p-1,0x1.cea0f720a4cafp-1
PR,SC_04cdabd0598f,Cis.Cis Species A,0x1.1ab87f1690f42p-1,0x1.46f035023da25p-1,0x1.5cbd5471e1d5dp-1,0x1.70ae3b45267fep-1,0x1.7d472faf933c5p-1
PR,SC_04cdabd0598f,Clambus.pubescens,0x1.1ab87f1690f42p-1,0x1.46f035023da25p-1,0x1.5cbd5471e1d5dp-1,0x1.1b0b41ca636f2p-1,0x1.1ba23cd1d74b2p-1
PR,SC_04cdabd0598f,Corticaria.,0x1.1ab87f1690f42p-1,0x1.46f035023da25p-1,0x1.5cbd5471e1d5dp-1,0x1.cdd991bdb3469p-1,0x1.cea0f720a4cafp-1
PR,SC_04cdabd0598f,Cortinicara.gibbosa,0x1.1ab87f1690f42p-1,0x1.46f035023da25p-1,0x1.5cbd5471e1d5dp-1,0x1.cdd991bdb3469p-1,0x1.cea0f720a4cafp-1
PR,SC_04cdabd0598f,Cryptophagus.Crypto Species B,0x1.1ab87f1690f42p-1,0x1.46f035023da25p-1,0x1.5cbd5471e1d5dp-1,0x1.488f8744d40c3p-1,0x1.569555b45629cp-1
PR,SC_04cdabd0598f,Cryptophagus.difficilis,0x1.1ab87f1690f42p-1,0x1.46f035023da25p-1,0x1.5cbd5471e1d5dp-1,0x1.cdd991bdb3469p-1,0x1.cea0f720a4cafp-1
PR,SC_04cdabd0598f,Cymindis.cribricollis,0x1.1ab87f1690f42p-1,0x1.46f035023da25p-1,0x1.5cbd5471e1d5dp-1,0x1.4761181976adbp-1,0x1.48864348f3a2cp-1
PR,SC_04cdabd0598f,Herthania.concinnus,0x1.1ab87f1690f42p-1,0x1.46f035023da25p-1,0x1.5cbd5471e1d5dp-1,0x1.1b9d0de06b0dap-1,0x1.1c27cf8ac62a1p-1
PR,SC_04cdabd0598f,Ellychnia.corrusca,0x1.1ab87f1690f42p-1,0x1.46f035023da25p-1,0x1.5cbd5471e1d5dp-1,0x1.cdd991bdb3469p-1,0x1.cea0f720a4cafp-1
PR,SC_04cdabd0598f,Epuraea.planulata,0x1.1ab87f1690f42p-1,0x1.46f035023da25p-1,0x1.5cbd5471e1d5dp-1,0x1.70ae3b45267fep-1,0x1.7d472faf933c5p-1
PR,SC_04cdabd0598f,Epuraea.truncatella,0x1.1ab87f1690f42p-1,0x1.46f035023da25p-1,0x1.5cbd5471e1d5dp-1,0x1.1c32f98285ab1p-1,0x1.319a413669d1bp-1
PR,SC_04cdabd0598f,Eucinetus.haemorrhoidalis,0x1.1ab87f1690f42p-1,0x1.46f035023da25p-1,0x1.5cbd5471e1d5dp-1,0x1.9a2ab3a2c3623p-1,0x1.9b821273f908bp-1
PR,SC_04cdabd0598f,Glischrochilus.siepmanni,0x1.1ab87f1690f42p-1,0x1.46f035023da25p-1,0x1.5cbd5471e1d5dp-1,0x1.481406f379e52p-1,0x1.5624d3464edb0p-1
PR,SC_04cdabd0598f,Habrocerus.schwarzi,0x1.1ab87f1690f42p-1,0x1.46f035023da25p-1,0x1.5cbd5471e1d5dp-1,0x1.481406f379e52p-1,0x1.5624d3464edb0p-1
PR,SC_04cdabd0598f,Harpalus.fulvilabris,0x1.1ab87f1690f42p-1,0x1.46f035023da25p-1,0x1.5cbd5471e1d5dp-1,0x1.1a891b8467f8fp-1,0x1.1b37713b93a4dp-1
PR,SC_04cdabd0598f,Hemicoelus.umbrosus,0x1.1ab87f1690f42p-1,0x1.46f035023da25p-1,0x1.5cbd5471e1d5dp-1,0x1.1bb7381aa593fp-1,0x1.1c3cf87e17e71p-1
PR,SC_04cdabd0598f,Henotiderus.centromaculatus,0x1.1ab87f1690f42p-1,0x1.46f035023da25p-1,0x1.5cbd5471e1d5dp-1,0x1.1c13b52e3614ap-1,0x1.2a617daf7fb46p-1
PR,SC_04cdabd0598f,Hylobius.congener,0x1.1ab87f1690f42p-1,0x1.46f035023da25p-1,0x1.5cbd5471e1d5dp-1,0x1.1a891b8467f8fp-1,0x1.1b37713b93a4dp-1
PR,SC_04cdabd0598f,Hymenorus.niger,0x1.1ab87f1690f42p-1,0x1.46f035023da25p-1,0x1.5cbd5471e1d5dp-1,0x1.1bb7381aa593fp-1,0x1.1c3cf87e17e71p-1
PR,SC_04cdabd0598f,Hypnoidus.bicolor,0x1.1ab87f1690f42p-1,0x1.46f035023da25p-1,0x1.5cbd5471e1d5dp-1,0x1.703507b7dbee1p-1,0x1.719907e48284ep-1
PR,SC_04cdabd0598f,Ischnosoma.fimbriatum,0x1.1ab87f1690f42p-1,0x1.46f035023da25p-1,0x1.5cbd5471e1d5dp-1,0x1.cdd991bdb3469p-1,0x1.cea0f720a4cafp-1
PR,SC_04cdabd0598f,Ischnosoma.pictum,0x1.1ab87f1690f42p-1,0x1.46f035023da25p-1,0x1.5cbd5471e1d5dp-1,0x1.cdd991bdb3469p-1,0x1.cea0f720a4cafp-1
PR,SC_04cdabd0598f,Ischnosoma.splendidum,0x1.1ab87f1690f42p-1,0x1.46f035023da25p-1,0x1.5cbd5471e1d5dp-1,0x1.cdd991bdb3469p-1,0x1.cea0f720a4cafp-1
PR,SC_04cdabd0598f,Latridius.minutus,0x1.1ab87f1690f42p-1,0x1.46f035023da25p-1,0x1.5cbd5471e1d5dp-1,0x1.cdd991bdb3469p-1,0x1.cea0f720a4cafp-1
PR,SC_04cdabd0598f,Leiodes.punctostriata,0x1.1ab87f1690f42p-1,0x1.46f035023da25p-1,0x1.5cbd5471e1d5dp-1,0x1.477dd31651f8fp-1,0x1.489c49b458a18p-1
PR,SC_04cdabd0598f,Leiodes.rufipes,0x1.1ab87f1690f42p-1,0x1.46f035023da25p-1,0x1.5cbd5471e1d5dp-1,0x1.1bcac4ac1ac89p-1,0x1.2a7b5db42df8cp-1
PR,SC_04cdabd0598f,Limonius.aeger,0x1.1ab87f1690f42p-1,0x1.46f035023da25p-1,0x1.5cbd5471e1d5dp-1,0x1.1bb7381aa593fp-1,0x1.1c3cf87e17e71p-1
PR,SC_04cdabd0598f,Lordithon.fungicola,0x1.1ab87f1690f42p-1,0x1.46f035023da25p-1,0x1.5cbd5471e1d5dp-1,0x1.99c8e8e33983fp-1,0x1.9b2a91f4b65a8p-1
PR,SC_04cdabd0598f,Lordithon.kelleyi,0x1.1ab87f1690f42p-1,0x1.46f035023da25p-1,0x1.5cbd5471e1d5dp-1,0x1.1bb7381aa593fp-1,0x1.1c3cf87e17e71p-1
PR,SC_04cdabd0598f,Megarthrus.,0x1.1ab87f1690f42p-1,0x1.46f035023da25p-1,0x1.5cbd5471e1d5dp-1,0x1.cdd991bdb3469p-1,0x1.cea0f720a4cafp-1
PR,SC_04cdabd0598f,Melanophthalma.helvola-villosa type,0x1.1ab87f1690f42p-1,0x1.46f035023da25p-1,0x1.5cbd5471e1d5dp-1,0x1.cdd991bdb3469p-1,0x1.cea0f720a4cafp-1
PR,SC_04cdabd0598f,Melanophthalma.pumila,0x1.1ab87f1690f42p-1,0x1.46f035023da25p-1,0x1.5cbd5471e1d5dp-1,0x1.cdd991bdb3469p-1,0x1.cea0f720a4cafp-1
PR,SC_04cdabd0598f,Mycetoporus.consors,0x1.1ab87f1690f42p-1,0x1.46f035023da25p-1,0x1.5cbd5471e1d5dp-1,0x1.6fb31434fc521p-1,0x1.7124dc2892deap-1
PR,SC_04cdabd0598f,Mycetoporus.nigrans,0x1.1ab87f1690f42p-1,0x1.46f035023da25p-1,0x1.5cbd5471e1d5dp-1,0x1.1b9d0de06b0dap-1,0x1.1c27cf8ac62a1p-1
PR,SC_04cdabd0598f,Nassipa.hoppingi,0x1.1ab87f1690f42p-1,0x1.46f035023da25p-1,0x1.5cbd5471e1d5dp-1,0x1.1c32f98285ab1p-1,0x1.319a413669d1bp-1
PR,SC_04cdabd0598f,Neohypdonus.tumescens,0x1.1ab87f1690f42p-1,0x1.46f035023da25p-1,0x1.5cbd5471e1d5dp-1,0x1.99cc96e0270dap-1,0x1.9b2cb9c99683cp-1
PR,SC_04cdabd0598f,Notiophilus.semistriatus,0x1.1ab87f1690f42p-1,0x1.46f035023da25p-1,0x1.5cbd5471e1d5dp-1,0x1.1a891b8467f8fp-1,0x1.1b37713b93a4dp-1
PR,SC_04cdabd0598f,Nycteus.testaceus,0x1.1ab87f1690f42p-1,0x1.46f035023da25p-1,0x1.5cbd5471e1d5dp-1,0x1.1c32f98285ab1p-1,0x1.319a413669d1bp-1
PR,SC_04cdabd0598f,Ontholestes.cingulatus,0x1.1ab87f1690f42p-1,0x1.46f035023da25p-1,0x1.5cbd5471e1d5dp-1,0x1.481406f379e52p-1,0x1.5624d3464edb0p-1
PR,SC_04cdabd0598f,Orthocis.punctatus,0x1.1ab87f1690f42p-1,0x1.46f035023da25p-1,0x1.5cbd5471e1d5dp-1,0x1.480e10039a318p-1,0x1.56216088330c2p-1
PR,SC_04cdabd0598f,Otiorhynchus.ovatus,0x1.1ab87f1690f42p-1,0x1.46f035023da25p-1,0x1.5cbd5471e1d5dp-1,0x1.99cc96e0270dap-1,0x1.9b2cb9c99683cp-1
PR,SC_04cdabd0598f,Oxytelus.laqueatus,0x1.1ab87f1690f42p-1,0x1.46f035023da25p-1,0x1.5cbd5471e1d5dp-1,0x1.48ade371c34f3p-1,0x1.5661c08d1ad0ap-1
PR,SC_04cdabd0598f,Pediacus.fuscus,0x1.1ab87f1690f42p-1,0x1.46f035023da25p-1,0x1.5cbd5471e1d5dp-1,0x1.4888b43ba7948p-1,0x1.4983b607f5276p-1
PR,SC_04cdabd0598f,Peltis.septentrionalis,0x1.1ab87f1690f42p-1,0x1.46f035023da25p-1,0x1.5cbd5471e1d5dp-1,0x1.1c0cdb77b8e93p-1,0x1.2a5d5d7ddafcap-1
PR,SC_04cdabd0598f,Philonthus.caeruleipennis,0x1.1ab87f1690f42p-1,0x1.46f035023da25p-1,0x1.5cbd5471e1d5dp-1,0x1.99cc96e0270dap-1,0x1.9b2cb9c99683cp-1
PR,SC_04cdabd0598f,Phyllobaenus.humeralis,0x1.1ab87f1690f42p-1,0x1.46f035023da25p-1,0x1.5cbd5471e1d5dp-1,0x1.1b380aa7f125bp-1,0x1.29f5fd82b7bd4p-1
PR,SC_04cdabd0598f,Phyllotreta.Phyllotreta Species A,0x1.1ab87f1690f42p-1,0x1.46f035023da25p-1,0x1.5cbd5471e1d5dp-1,0x1.1bebe8a880f29p-1,0x1.2a946e39df398p-1
PR,SC_04cdabd0598f,Phyllotreta.striolata,0x1.1ab87f1690f42p-1,0x1.46f035023da25p-1,0x1.5cbd5471e1d5dp-1,0x1.4777ec4725283p-1,0x1.4898b07f87af2p-1
PR,SC_04cdabd0598f,Platynus.decentis,0x1.1ab87f1690f42p-1,0x1.46f035023da25p-1,0x1.5cbd5471e1d5dp-1,0x1.cdd991bdb3469p-1,0x1.cea0f720a4cafp-1
PR,SC_04cdabd0598f,Poecilus.lucublandus,0x1.1ab87f1690f42p-1,0x1.46f035023da25p-1,0x1.5cbd5471e1d5dp-1,0x1.1b9d0de06b0dap-1,0x1.1c27cf8ac62a1p-1
PR,SC_04cdabd0598f,Proteinus.limbatus,0x1.1ab87f1690f42p-1,0x1.46f035023da25p-1,0x1.5cbd5471e1d5dp-1,0x1.cdd991bdb3469p-1,0x1.cea0f720a4cafp-1
PR,SC_04cdabd0598f,Pselaphus.bellax,0x1.1ab87f1690f42p-1,0x1.46f035023da25p-1,0x1.5cbd5471e1d5dp-1,0x1.481406f379e52p-1,0x1.5624d3464edb0p-1
PR,SC_04cdabd0598f,Pseudanostirus.triundulatus,0x1.1ab87f1690f42p-1,0x1.46f035023da25p-1,0x1.5cbd5471e1d5dp-1,0x1.47eaf07870114p-1,0x1.48f6f8cdff563p-1
PR,SC_04cdabd0598f,Pseudopsis.sulcata complex,0x1.1ab87f1690f42p-1,0x1.46f035023da25p-1,0x1.5cbd5471e1d5dp-1,0x1.1b380aa7f125bp-1,0x1.29f5fd82b7bd4p-1
PR,SC_04cdabd0598f,Pterostichus.adstrictus,0x1.1ab87f1690f42p-1,0x1.46f035023da25p-1,0x1.5cbd5471e1d5dp-1,0x1.cdd991bdb3469p-1,0x1.cea0f720a4cafp-1
PR,SC_04cdabd0598f,Pterostichus.brevicornis,0x1.1ab87f1690f42p-1,0x1.46f035023da25p-1,0x1.5cbd5471e1d5dp-1,0x1.1c32f98285ab1p-1,0x1.319a413669d1bp-1
PR,SC_04cdabd0598f,Pterostichus.pensylvanicus,0x1.1ab87f1690f42p-1,0x1.46f035023da25p-1,0x1.5cbd5471e1d5dp-1,0x1.cdd991bdb3469p-1,0x1.cea0f720a4cafp-1
PR,SC_04cdabd0598f,Pterostichus.punctatissimus,0x1.1ab87f1690f42p-1,0x1.46f035023da25p-1,0x1.5cbd5471e1d5dp-1,0x1.9a72ad222b31bp-1,0x1.9bbcc5afc8f77p-1
PR,SC_04cdabd0598f,Ptiliid species A.Ptiliid species A,0x1.1ab87f1690f42p-1,0x1.46f035023da25p-1,0x1.5cbd5471e1d5dp-1,0x1.cdd991bdb3469p-1,0x1.cea0f720a4cafp-1
PR,SC_04cdabd0598f,Quedius.labradorensis,0x1.1ab87f1690f42p-1,0x1.46f035023da25p-1,0x1.5cbd5471e1d5dp-1,0x1.9a830d6fb42c8p-1,0x1.a494573d259ffp-1
PR,SC_04cdabd0598f,Quedius.rusticus,0x1.1ab87f1690f42p-1,0x1.46f035023da25p-1,0x1.5cbd5471e1d5dp-1,0x1.1c13b52e3614ap-1,0x1.2a617daf7fb46p-1
PR,SC_04cdabd0598f,Scaphium.castanipes,0x1.1ab87f1690f42p-1,0x1.46f035023da25p-1,0x1.5cbd5471e1d5dp-1,0x1.99c8e8e33983fp-1,0x1.9b2a91f4b65a8p-1
PR,SC_04cdabd0598f,Sericus.incongruus,0x1.1ab87f1690f42p-1,0x1.46f035023da25p-1,0x1.5cbd5471e1d5dp-1,0x1.1b0b41ca636f2p-1,0x1.1ba23cd1d74b2p-1
PR,SC_04cdabd0598f,Setasomus.arata,0x1.1ab87f1690f42p-1,0x1.46f035023da25p-1,0x1.5cbd5471e1d5dp-1,0x1.1bf25c9c31addp-1,0x1.2a484136cae18p-1
PR,SC_04cdabd0598f,Setasomus.nitidulus,0x1.1ab87f1690f42p-1,0x1.46f035023da25p-1,0x1.5cbd5471e1d5dp-1,0x1.1c3fe4419b7adp-1,0x1.303cd5258bbc1p-1
PR,SC_04cdabd0598f,Stenichnus.pubipennis,0x1.1ab87f1690f42p-1,0x1.46f035023da25p-1,0x1.5cbd5471e1d5dp-1,0x1.47f0de8c6c00ap-1,0x1.48fa980c4d6d4p-1
PR,SC_04cdabd0598f,Stenus.,0x1.1ab87f1690f42p-1,0x1.46f035023da25p-1,0x1.5cbd5471e1d5dp-1,0x1.9a72ad222b31bp-1,0x1.9bbcc5afc8f77p-1
PR,SC_04cdabd0598f,Syntomus.americanus,0x1.1ab87f1690f42p-1,0x1.46f035023da25p-1,0x1.5cbd5471e1d5dp-1,0x1.477dd31651f8fp-1,0x1.489c49b458a18p-1
PR,SC_04cdabd0598f,Synuchus.impunctatus,0x1.1ab87f1690f42p-1,0x1.46f035023da25p-1,0x1.5cbd5471e1d5dp-1,0x1.cdd991bdb3469p-1,0x1.cea0f720a4cafp-1
PR,SC_04cdabd0598f,Tachinus.basalis,0x1.1ab87f1690f42p-1,0x1.46f035023da25p-1,0x1.5cbd5471e1d5dp-1,0x1.99cc96e0270dap-1,0x1.9b2cb9c99683cp-1
PR,SC_04cdabd0598f,Tachinus.frigidus,0x1.1ab87f1690f42p-1,0x1.46f035023da25p-1,0x1.5cbd5471e1d5dp-1,0x1.99c8e8e33983fp-1,0x1.9b2a91f4b65a8p-1
PR,SC_04cdabd0598f,Tachinus.fumipennis,0x1.1ab87f1690f42p-1,0x1.46f035023da25p-1,0x1.5cbd5471e1d5dp-1,0x1.48acc0344db8ap-1,0x1.56aae880daaccp-1
PR,SC_04cdabd0598f,Tachinus.quebecensis,0x1.1ab87f1690f42p-1,0x1.46f035023da25p-1,0x1.5cbd5471e1d5dp-1,0x1.cdd991bdb3469p-1,0x1.cea0f720a4cafp-1
PR,SC_04cdabd0598f,Tachyporus.borealis,0x1.1ab87f1690f42p-1,0x1.46f035023da25p-1,0x1.5cbd5471e1d5dp-1,0x1.99c8e8e33983fp-1,0x1.9b2a91f4b65a8p-1
PR,SC_04cdabd0598f,Trachypachus.holmbergi,0x1.1ab87f1690f42p-1,0x1.46f035023da25p-1,0x1.5cbd5471e1d5dp-1,0x1.1bbdfbebae6fdp-1,0x1.1c412da14eb89p-1
PR,SC_04cdabd0598f,Tympanophorus.puncticollis,0x1.1ab87f1690f42p-1,0x1.46f035023da25p-1,0x1.5cbd5471e1d5dp-1,0x1.477dd31651f8fp-1,0x1.489c49b458a18p-1
PR,SC_04cdabd0598f,Upis.ceramboides,0x1.1ab87f1690f42p-1,0x1.46f035023da25p-1,0x1.5cbd5471e1d5dp-1,0x1.1b0b41ca636f2p-1,0x1.1ba23cd1d74b2p-1
SF,SC_04cdabd0598f,Acidota.crenata,0x1.354102bd9a012p-1,0x1.0e4606ced77dbp-1,0x1.2ddb704b78cf5p-1,0x1.bca385c3f847ap-2,0x1.dcecdade4e528p-2
SF,SC_04cdabd0598f,Acrotrichis.Acrotrichis spp.,0x1.354102bd9a012p-1,0x1.0e4606ced77dbp-1,0x1.2ddb704b78cf5p-1,0x1.6b5cfe98fa77fp-1,0x1.6dfe7c71d4125p-1
SF,SC_04cdabd0598f,Agathidium.depressum,0x1.354102bd9a012p-1,0x1.0e4606ced77dbp-1,0x1.2ddb704b78cf5p-1,0x1.c2d2cabcc1dc1p-2,0x1.e23422252957ap-2
SF,SC_04cdabd0598f,Agathidium.exiguum,0x1.354102bd9a012p-1,0x1.0e4606ced77dbp-1,0x1.2ddb704b78cf5p-1,0x1.3cca9d35eb038p-1,0x1.3ea6d89589517p-1
SF,SC_04cdabd0598f,Agonum.gratiosum,0x1.354102bd9a012p-1,0x1.0e4606ced77dbp-1,0x1.2ddb704b78cf5p-1,0x1.b2dab74188fddp-1,0x1.b4753bc8dc71ap-1
SF,SC_04cdabd0598f,Agonum.retractum,0x1.354102bd9a012p-1,0x1.0e4606ced77dbp-1,0x1.2ddb704b78cf5p-1,0x1.b2dab74188fddp-1,0x1.b4753bc8dc71ap-1
SF,SC_04cdabd0598f,Agriotes.limosus,0x1.354102bd9a012p-1,0x1.0e4606ced77dbp-1,0x1.2ddb704b78cf5p-1,0x1.0cf3f42b9de91p-1,0x1.1da64912c258dp-1
SF,SC_04cdabd0598f,Aleocharinae,0x1.354102bd9a012p-1,0x1.0e4606ced77dbp-1,0x1.2ddb704b78cf5p-1,0x1.b2dab74188fddp-1,0x1.b4753bc8dc71ap-1
SF,SC_04cdabd0598f,Anisotoma.obsoleta,0x1.354102bd9a012p-1,0x1.0e4606ced77dbp-1,0x1.2ddb704b78cf5p-1,0x1.ba2a034341e42p-2,0x1.bd20f9afdaa1cp-2
SF,SC_04cdabd0598f,Atomaria.nigricollis,0x1.354102bd9a012p-1,0x1.0e4606ced77dbp-1,0x1.2ddb704b78cf5p-1,0x1.0fcd5ece737f4p-1,0x1.2008edc17809ep-1
SF,SC_04cdabd0598f,Atomaria.parviceps,0x1.354102bd9a012p-1,0x1.0e4606ced77dbp-1,0x1.2ddb704b78cf5p-1,0x1.c3484a3142139p-2,0x1.e17eb402e96adp-2
SF,SC_04cdabd0598f,Badister.neopulchellus,0x1.354102bd9a012p-1,0x1.0e4606ced77dbp-1,0x1.2ddb704b78cf5p-1,0x1.398295b2f6ca3p-1,0x1.3be848f71959bp-1
SF,SC_04cdabd0598f,Baeocera.,0x1.354102bd9a012p-1,0x1.0e4606ced77dbp-1,0x1.2ddb704b78cf5p-1,0x1.b2dab74188fddp-1,0x1.b4753bc8dc71ap-1
SF,SC_04cdabd0598f,Bolitobius.cingulatus,0x1.354102bd9a012p-1,0x1.0e4606ced77dbp-1,0x1.2ddb704b78cf5p-1,0x1.375fce83be544p-1,0x1.3a1aaf4c71ab5p-1
SF,SC_04cdabd0598f,Bolitobius.horni,0x1.354102bd9a012p-1,0x1.0e4606ced77dbp-1,0x1.2ddb704b78cf5p-1,0x1.374656f780e4dp-1,0x1.3a061c8b755b2p-1
SF,SC_04cdabd0598f,Caenoscelis.ferruginea,0x1.354102bd9a012p-1,0x1.0e4606ced77dbp-1,0x1.2ddb704b78cf5p-1,0x1.101de3be93b4bp-1,0x1.1fc05812c0bcdp-1
SF,SC_04cdabd0598f,Calathus.ingratus,0x1.354102bd9a012p-1,0x1.0e4606ced77dbp-1,0x1.2ddb704b78cf5p-1,0x1.b2dab74188fddp-1,0x1.b4753bc8dc71ap-1
SF,SC_04cdabd0598f,Canifa.pallipes,0x1.354102bd9a012p-1,0x1.0e4606ced77dbp-1,0x1.2ddb704b78cf5p-1,0x1.0b4b663070a5dp-1,0x1.0d6189bac08b6p-1
SF,SC_04cdabd0598f,Carabus.chamissonis,0x1.354102bd9a012p-1,0x1.0e4606ced77dbp-1,0x1.2ddb704b78cf5p-1,0x1.c0227b3d096efp-2,0x1.c227133360b70p-2
SF,SC_04cdabd0598f,Carabus.taedatus,0x1.354102bd9a012p-1,0x1.0e4606ced77dbp-1,0x1.2ddb704b78cf5p-1,0x1.3a79f305978fcp-1,0x1.3cb3c3ce0f08ap-1
SF,SC_04cdabd0598f,Carcinocephalus.exsculpta,0x1.354102bd9a012p-1,0x1.0e4606ced77dbp-1,0x1.2ddb704b78cf5p-1,0x1.374656f780e4dp-1,0x1.3a061c8b755b2p-1
SF,SC_04cdabd0598f,Cercyon.minusculus,0x1.354102bd9a012p-1,0x1.0e4606ced77dbp-1,0x1.2ddb704b78cf5p-1,0x1.b2dab74188fddp-1,0x1.b4753bc8dc71ap-1
SF,SC_04cdabd0598f,Cis.Cis Species A,0x1.354102bd9a012p-1,0x1.0e4606ced77dbp-1,0x1.2ddb704b78cf5p-1,0x1.3b22d0c874da2p-1,0x1.4b31a4fb86b7ep-1
SF,SC_04cdabd0598f,Clambus.pubescens,0x1.354102bd9a012p-1,0x1.0e4606ced77dbp-1,0x1.2ddb704b78cf5p-1,0x1.ba2a034341e42p-2,0x1.bd20f9afdaa1cp-2
SF,SC_04cdabd0598f,Corticaria.,0x1.354102bd9a012p-1,0x1.0e4606ced77dbp-1,0x1.2ddb704b78cf5p-1,0x1.b2dab74188fddp-1,0x1.b4753bc8dc71ap-1
SF,SC_04cdabd0598f,Cortinicara.gibbosa,0x1.354102bd9a012p-1,0x1.0e4606ced77dbp-1,0x1.2ddb704b78cf5p-1,0x1.b2dab74188fddp-1,0x1.b4753bc8dc71ap-1
SF,SC_04cdabd0598f,Cryptophagus.Crypto Species B,0x1.354102bd9a012p-1,0x1.0e4606ced77dbp-1,0x1.2ddb704b78cf5p-1,0x1.1024ae6f33867p-1,0x1.2050a46264d2cp-1
SF,SC_04cdabd0598f,Cryptophagus.difficilis,0x1.354102bd9a012p-1,0x1.0e4606ced77dbp-1,0x1.2ddb704b78cf5p-1,0x1.b2dab74188fddp-1,0x1.b4753bc8dc71ap-1
SF,SC_04cdabd0598f,Cymindis.cribricollis,0x1.354102bd9a012p-1,0x1.0e4606ced77dbp-1,0x1.2ddb704b78cf5p-1,0x1.0b4b663070a5dp-1,0x1.0d6189bac08b6p-1
SF,SC_04cdabd0598f,Herthania.concinnus,0x1.354102bd9a012p-1,0x1.0e4606ced77dbp-1,0x1.2ddb704b78cf5p-1,0x1.bfe441bff1717p-2,0x1.c1f490b595194p-2
SF,SC_04cdabd0598f,Ellychnia.corrusca,0x1.354102bd9a012p-1,0x1.0e4606ced77dbp-1,0x1.2ddb704b78cf5p-1,0x1.b2dab74188fddp-1,0x1.b4753bc8dc71ap-1
SF,SC_04cdabd0598f,Epuraea.planulata,0x1.354102bd9a012p-1,0x1.0e4606ced77dbp-1,0x1.2ddb704b78cf5p-1,0x1.3b22d0c874da2p-1,0x1.4b31a4fb86b7ep-1
SF,SC_04cdabd0598f,Epuraea.truncatella,0x1.354102bd9a012p-1,0x1.0e4606ced77dbp-1,0x1.2ddb704b78cf5p-1,0x1.c5966c23c714cp-2,0x1.ebccb90137768p-2
SF,SC_04cdabd0598f,Eucinetus.haemorrhoidalis,0x1.354102bd9a012p-1,0x1.0e4606ced77dbp-1,0x1.2ddb704b78cf5p-1,0x1.6d71d0b63addcp-1,0x1.6fbd085d0b486p-1
SF,SC_04cdabd0598f,Glischrochilus.siepmanni,0x1.354102bd9a012p-1,0x1.0e4606ced77dbp-1,0x1.2ddb704b78cf5p-1,0x1.0cf3f42b9de91p-1,0x1.1da64912c258dp-1
SF,SC_04cdabd0598f,Habrocerus.schwarzi,0x1.354102bd9a012p-1,0x1.0e4606ced77dbp-1,0x1.2ddb704b78cf5p-1,0x1.0cf3f42b9de91p-1,0x1.1da64912c258dp-1
SF,SC_04cdabd0598f,Harpalus.fulvilabris,0x1.354102bd9a012p-1,0x1.0e4606ced77dbp-1,0x1.2ddb704b78cf5p-1,0x1.b8a045dcebd31p-2,0x1.bbdc917bc002fp-2
SF,SC_04cdabd0598f,Hemicoelus.umbrosus,0x1.354102bd9a012p-1,0x1.0e4606ced77dbp-1,0x1.2ddb704b78cf5p-1,0x1.c0227b3d096efp-2,0x1.c227133360b70p-2
SF,SC_04cdabd0598f,Henotiderus.centromaculatus,0x1.354102bd9a012p-1,0x1.0e4606ced77dbp-1,0x1.2ddb704b78cf5p-1,0x1.c2d1ac38c4b61p-2,0x1.e11a0215edfd9p-2
SF,SC_04cdabd0598f,Hylobius.congener,0x1.354102bd9a012p-1,0x1.0e4606ced77dbp-1,0x1.2ddb704b78cf5p-1,0x1.b8a045dcebd31p-2,0x1.bbdc917bc002fp-2
SF,SC_04cdabd0598f,Hymenorus.niger,0x1.354102bd9a012p-1,0x1.0e4606ced77dbp-1,0x1.2ddb704b78cf5p-1,0x1.c0227b3d096efp-2,0x1.c227133360b70p-2
SF,SC_04cdabd0598f,Hypnoidus.bicolor,0x1.354102bd9a012p-1,0x1.0e4606ced77dbp-1,0x1.2ddb704b78cf5p-1,0x1.398295b2f6ca3p-1,0x1.3be848f71959bp-1
SF,SC_04cdabd0598f,Ischnosoma.fimbriatum,0x1.354102bd9a012p-1,0x1.0e4606ced77dbp-1,0x1.2ddb704b78cf5p-1,0x1.b2dab74188fddp-1,0x1.b4753bc8dc71ap-1
SF,SC_04cdabd0598f,Ischnosoma.pictum,0x1.354102bd9a012p-1,0x1.0e4606ced77dbp-1,0x1.2ddb704b78cf5p-1,0x1.b2dab74188fddp-1,0x1.b4753bc8dc71ap-1
SF,SC_04cdabd0598f,Ischnosoma.splendidum,0x1.354102bd9a012p-1,0x1.0e4606ced77dbp-1,0x1.2ddb704b78cf5p-1,0x1.b2dab74188fddp-1,0x1.b4753bc8dc71ap-1
SF,SC_04cdabd0598f,Latridius.minutus,0x1.354102bd9a012p-1,0x1.0e4606ced77dbp-1,0x1.2ddb704b78cf5p-1,0x1.b2dab74188fddp-1,0x1.b4753bc8dc71ap-1
SF,SC_04cdabd0598f,Leiodes.punctostriata,0x1.354102bd9a012p-1,0x1.0e4606ced77dbp-1,0x1.2ddb704b78cf5p-1,0x1.0b1704584555cp-1,0x1.0d3592355659dp-1
SF,SC_04cdabd0598f,Leiodes.rufipes,0x1.354102bd9a012p-1,0x1.0e4606ced77dbp-1,0x1.2ddb704b78cf5p-1,0x1.c2924c3e9538ap-2,0x1.e1ff37e2bb113p-2
SF,SC_04cdabd0598f,Limonius.aeger,0x1.354102bd9a012p-1,0x1.0e4606ced77dbp-1,0x1.2ddb704b78cf5p-1,0x1.c0227b3d096efp-2,0x1.c227133360b70p-2
SF,SC_04cdabd0598f,Lordithon.fungicola,0x1.354102bd9a012p-1,0x1.0e4606ced77dbp-1,0x1.2ddb704b78cf5p-1,0x1.6b988330620a5p-1,0x1.6e2f8516a742ep-1
SF,SC_04cdabd0598f,Lordithon.kelleyi,0x1.354102bd9a012p-1,0x1.0e4606ced77dbp-1,0x1.2ddb704b78cf5p-1,0x1.c0227b3d096efp-2,0x1.c227133360b70p-2
SF,SC_04cdabd0598f,Megarthrus.,0x1.354102bd9a012p-1,0x1.0e4606ced77dbp-1,0x1.2ddb704b78cf5p-1,0x1.b2dab74188fddp-1,0x1.b4753bc8dc71ap-1
SF,SC_04cdabd0598f,Melanophthalma.helvola-villosa type,0x1.354102bd9a012p-1,0x1.0e4606ced77dbp-1,0x1.2ddb704b78cf5p-1,0x1.b2dab74188fddp-1,0x1.b4753bc8dc71ap-1
SF,SC_04cdabd0598f,Melanophthalma.pumila,0x1.354102bd9a012p-1,0x1.0e4606ced77dbp-1,0x1.2ddb704b78cf5p-1,0x1.b2dab74188fddp-1,0x1.b4753bc8dc71ap-1
SF,SC_04cdabd0598f,Mycetoporus.consors,0x1.354102bd9a012p-1,0x1.0e4606ced77dbp-1,0x1.2ddb704b78cf5p-1,0x1.374656f780e4dp-1,0x1.3a061c8b755b2p-1
SF,SC_04cdabd0598f,Mycetoporus.nigrans,0x1.354102bd9a012p-1,0x1.0e4606ced77dbp-1,0x1.2ddb704b78cf5p-1,0x1.bfe441bff1717p-2,0x1.c1f490b595194p-2
SF,SC_04cdabd0598f,Nassipa.hoppingi,0x1.354102bd9a012p-1,0x1.0e4606ced77dbp-1,0x1.2ddb704b78cf5p-1,0x1.c5966c23c714cp-2,0x1.ebccb90137768p-2
SF,SC_04cdabd0598f,Neohypdonus.tumescens,0x1.354102bd9a012p-1,0x1.0e4606ced77dbp-1,0x1.2ddb704b78cf5p-1,0x1.6b5cfe98fa77fp-1,0x1.6dfe7c71d4125p-1
SF,SC_04cdabd0598f,Notiophilus.semistriatus,0x1.354102bd9a012p-1,0x1.0e4606ced77dbp-1,0x1.2ddb704b78cf5p-1,0x1.b8a045dcebd31p-2,0x1.bbdc917bc002fp-2
SF,SC_04cdabd0598f,Nycteus.testaceus,0x1.354102bd9a012p-1,0x1.0e4606ced77dbp-1,0x1.2ddb704b78cf5p-1,0x1.c5966c23c714cp-2,0x1.ebccb90137768p-2
SF,SC_04cdabd0598f,Ontholestes.cingulatus,0x1.354102bd9a012p-1,0x1.0e4606ced77dbp-1,0x1.2ddb704b78cf5p-1,0x1.0cf3f42b9de91p-1,0x1.1da64912c258dp-1
SF,SC_04cdabd0598f,Orthocis.punctatus,0x1.354102bd9a012p-1,0x1.0e4606ced77dbp-1,0x1.2ddb704b78cf5p-1,0x1.0d486a23a8e26p-1,0x1.1debc6cbbd63ap-1
SF,SC_04cdabd0598f,Otiorhynchus.ovatus,0x1.354102bd9a012p-1,0x1.0e4606ced77dbp-1,0x1.2ddb704b78cf5p-1,0x1.6b5cfe98fa77fp-1,0x1.6dfe7c71d4125p-1
SF,SC_04cdabd0598f,Oxytelus.laqueatus,0x1.354102bd9a012p-1,0x1.0e4606ced77dbp-1,0x1.2ddb704b78cf5p-1,0x1.10760987e327fp-1,0x1.2008c1faa7e6ep-1
SF,SC_04cdabd0598f,Pediacus.fuscus,0x1.354102bd9a012p-1,0x1.0e4606ced77dbp-1,0x1.2ddb704b78cf5p-1,0x1.0eb6107f06083p-1,0x1.103e1d67062cdp-1
SF,SC_04cdabd0598f,Peltis.septentrionalis,0x1.354102bd9a012p-1,0x1.0e4606ced77dbp-1,0x1.2ddb704b78cf5p-1,0x1.c38977e0faccap-2,0x1.e1b426d8a0515p-2
SF,SC_04cdabd0598f,Philonthus.caeruleipennis,0x1.354102bd9a012p-1,0x1.0e4606ced77dbp-1,0x1.2ddb704b78cf5p-1,0x1.6b5cfe98fa77fp-1,0x1.6dfe7c71d4125p-1
SF,SC_04cdabd0598f,Phyllobaenus.humeralis,0x1.354102bd9a012p-1,0x1.0e4606ced77dbp-1,0x1.2ddb704b78cf5p-1,0x1.bca385c3f847ap-2,0x1.dcecdade4e528p-2
SF,SC_04cdabd0598f,Phyllotreta.Phyllotreta Species A,0x1.354102bd9a012p-1,0x1.0e4606ced77dbp-1,0x1.2ddb704b78cf5p-1,0x1.c21cec71ad094p-2,0x1.e19b7f6215d52p-2
SF,SC_04cdabd0598f,Phyllotreta.striolata,0x1.354102bd9a012p-1,0x1.0e4606ced77dbp-1,0x1.2ddb704b78cf5p-1,0x1.0b682b021b43fp-1,0x1.0d78dd17c0194p-1
SF,SC_04cdabd0598f,Platynus.decentis,0x1.354102bd9a012p-1,0x1.0e4606ced77dbp-1,0x1.2ddb704b78cf5p-1,0x1.b2dab74188fddp-1,0x1.b4753bc8dc71ap-1
SF,SC_04cdabd0598f,Poecilus.lucublandus,0x1.354102bd9a012p-1,0x1.0e4606ced77dbp-1,0x1.2ddb704b78cf5p-1,0x1.bfe441bff1717p-2,0x1.c1f490b595194p-2
SF,SC_04cdabd0598f,Proteinus.limbatus,0x1.354102bd9a012p-1,0x1.0e4606ced77dbp-1,0x1.2ddb704b78cf5p-1,0x1.b2dab74188fddp-1,0x1.b4753bc8dc71ap-1
SF,SC_04cdabd0598f,Pselaphus.bellax,0x1.354102bd9a012p-1,0x1.0e4606ced77dbp-1,0x1.2ddb704b78cf5p-1,0x1.0cf3f42b9de91p-1,0x1.1da64912c258dp-1
SF,SC_04cdabd0598f,Pseudanostirus.triundulatus,0x1.354102bd9a012p-1,0x1.0e4606ced77dbp-1,0x1.2ddb704b78cf5p-1,0x1.0c275a0051632p-1,0x1.0e16274ef5b6dp-1
SF,SC_04cdabd0598f,Pseudopsis.sulcata complex,0x1.354102bd9a012p-1,0x1.0e4606ced77dbp-1,0x1.2ddb704b78cf5p-1,0x1.bca385c3f847ap-2,0x1.dcecdade4e528p-2
SF,SC_04cdabd0598f,Pterostichus.adstrictus,0x1.354102bd9a012p-1,0x1.0e4606ced77dbp-1,0x1.2ddb704b78cf5p-1,0x1.b2dab74188fddp-1,0x1.b4753bc8dc71ap-1
SF,SC_04cdabd0598f,Pterostichus.brevicornis,0x1.354102bd9a012p-1,0x1.0e4606ced77dbp-1,0x1.2ddb704b78cf5p-1,0x1.c5966c23c714cp-2,0x1.ebccb90137768p-2
SF,SC_04cdabd0598f,Pterostichus.pensylvanicus,0x1.354102bd9a012p-1,0x1.0e4606ced77dbp-1,0x1.2ddb704b78cf5p-1,0x1.b2dab74188fddp-1,0x1.b4753bc8dc71ap-1
SF,SC_04cdabd0598f,Pterostichus.punctatissimus,0x1.354102bd9a012p-1,0x1.0e4606ced77dbp-1,0x1.2ddb704b78cf5p-1,0x1.6e008708c230ap-1,0x1.7031af4d0a7acp-1
SF,SC_04cdabd0598f,Ptiliid species A.Ptiliid species A,0x1.354102bd9a012p-1,0x1.0e4606ced77dbp-1,0x1.2ddb704b78cf5p-1,0x1.b2dab74188fddp-1,0x1.b4753bc8dc71ap-1
SF,SC_04cdabd0598f,Quedius.labradorensis,0x1.354102bd9a012p-1,0x1.0e4606ced77dbp-1,0x1.2ddb704b78cf5p-1,0x1.6ebb6f250fec3p-1,0x1.7c945e7e4a159p-1
SF,SC_04cdabd0598f,Quedius.rusticus,0x1.354102bd9a012p-1,0x1.0e4606ced77dbp-1,0x1.2ddb704b78cf5p-1,0x1.c2d1ac38c4b61p-2,0x1.e11a0215edfd9p-2
SF,SC_04cdabd0598f,Scaphium.castanipes,0x1.354102bd9a012p-1,0x1.0e4606ced77dbp-1,0x1.2ddb704b78cf5p-1,0x1.6b988330620a5p-1,0x1.6e2f8516a742ep-1
SF,SC_04cdabd0598f,Sericus.incongruus,0x1.354102bd9a012p-1,0x1.0e4606ced77dbp-1,0x1.2ddb704b78cf5p-1,0x1.ba2a034341e42p-2,0x1.bd20f9afdaa1cp-2
SF,SC_04cdabd0598f,Setasomus.arata,0x1.354102bd9a012p-1,0x1.0e4606ced77dbp-1,0x1.2ddb704b78cf5p-1,0x1.c3484a3142139p-2,0x1.e17eb402e96adp-2
SF,SC_04cdabd0598f,Setasomus.nitidulus,0x1.354102bd9a012p-1,0x1.0e4606ced77dbp-1,0x1.2ddb704b78cf5p-1,0x1.c57a8c7c9d628p-2,0x1.e9e0ed5582fbbp-2
SF,SC_04cdabd0598f,Stenichnus.pubipennis,0x1.354102bd9a012p-1,0x1.0e4606ced77dbp-1,0x1.2ddb704b78cf5p-1,0x1.0bd57d5717741p-1,0x1.0dd24949f71f7p-1
SF,SC_04cdabd0598f,Stenus.,0x1.354102bd9a012p-1,0x1.0e4606ced77dbp-1,0x1.2ddb704b78cf5p-1,0x1.6e008708c230ap-1,0x1.7031af4d0a7acp-1
SF,SC_04cdabd0598f,Syntomus.americanus,0x1.354102bd9a012p-1,0x1.0e4606ced77dbp-1,0x1.2ddb704b78cf5p-1,0x1.0b1704584555cp-1,0x1.0d3592355659dp-1
SF,SC_04cdabd0598f,Synuchus.impunctatus,0x1.354102bd9a012p-1,0x1.0e4606ced77dbp-1,0x1.2ddb704b78cf5p-1,0x1.b2dab74188fddp-1,0x1.b4753bc8dc71ap-1
SF,SC_04cdabd0598f,Tachinus.basalis,0x1.354102bd9a012p-1,0x1.0e4606ced77dbp-1,0x1.2ddb704b78cf5p-1,0x1.6b5cfe98fa77fp-1,0x1.6dfe7c71d4125p-1
SF,SC_04cdabd0598f,Tachinus.frigidus,0x1.354102bd9a012p-1,0x1.0e4606ced77dbp-1,0x1.2ddb704b78cf5p-1,0x1.6b988330620a5p-1,0x1.6e2f8516a742ep-1
SF,SC_04cdabd0598f,Tachinus.fumipennis,0x1.354102bd9a012p-1,0x1.0e4606ced77dbp-1,0x1.2ddb704b78cf5p-1,0x1.0fec3f15402f8p-1,0x1.2021b23dda8a7p-1
SF,SC_04cdabd0598f,Tachinus.quebecensis,0x1.354102bd9a012p-1,0x1.0e4606ced77dbp-1,0x1.2ddb704b78cf5p-1,0x1.b2dab74188fddp-1,0x1.b4753bc8dc71ap-1
SF,SC_04cdabd0598f,Tachyporus.borealis,0x1.354102bd9a012p-1,0x1.0e4606ced77dbp-1,0x1.2ddb704b78cf5p-1,0x1.6b988330620a5p-1,0x1.6e2f8516a742ep-1
SF,SC_04cdabd0598f,Trachypachus.holmbergi,0x1.354102bd9a012p-1,0x1.0e4606ced77dbp-1,0x1.2ddb704b78cf5p-1,0x1.bf73013dacd30p-2,0x1.c195a1683aad1p-2
SF,SC_04cdabd0598f,Tympanophorus.puncticollis,0x1.354102bd9a012p-1,0x1.0e4606ced77dbp-1,0x1.2ddb704b78cf5p-1,0x1.0b1704584555cp-1,0x1.0d3592355659dp-1
SF,SC_04cdabd0598f,Upis.ceramboides,0x1.354102bd9a012p-1,0x1.0e4606ced77dbp-1,0x1.2ddb704b78cf5p-1,0x1.ba2a034341e42p-2,0x1.bd20f9afdaa1cp-2
SK,SC_04cdabd0598f,Acidota.crenata,0x1.2c51795b79900p-1,0x1.435c313ad6f4ap-1,0x1.612974e8c1749p-1,0x1.19db6b75e7a4bp-1,0x1.2f60fac93baf4p-1
SK,SC_04cdabd0598f,Acrotrichis.Acrotrichis spp.,0x1.2c51795b79900p-1,0x1.435c313ad6f4ap-1,0x1.612974e8c1749p-1,0x1.959a44cd2ae88p-1,0x1.99c060bcebeb4p-1
SK,SC_04cdabd0598f,Agathidium.depressum,0x1.2c51795b79900p-1,0x1.435c313ad6f4ap-1,0x1.612974e8c1749p-1,0x1.1ce6218ecfac3p-1,0x1.31df87ae7f352p-1
SK,SC_04cdabd0598f,Agathidium.exiguum,0x1.2c51795b79900p-1,0x1.435c313ad6f4ap-1,0x1.612974e8c1749p-1,0x1.6f90296935963p-1,0x1.71d29b204f11ep-1
SK,SC_04cdabd0598f,Agonum.gratiosum,0x1.2c51795b79900p-1,0x1.435c313ad6f4ap-1,0x1.612974e8c1749p-1,0x1.cb2970fd1bd96p-1,0x1.cd912815cb789p-1
SK,SC_04cdabd0598f,Agonum.retractum,0x1.2c51795b79900p-1,0x1.435c313ad6f4ap-1,0x1.612974e8c1749p-1,0x1.cb2970fd1bd96p-1,0x1.cd912815cb789p-1
SK,SC_04cdabd0598f,Agriotes.limosus,0x1.2c51795b79900p-1,0x1.435c313ad6f4ap-1,0x1.612974e8c1749p-1,0x1.450b2f96d47ebp-1,0x1.59b5d0bec97b1p-1
SK,SC_04cdabd0598f,Aleocharinae,0x1.2c51795b79900p-1,0x1.435c313ad6f4ap-1,0x1.612974e8c1749p-1,0x1.cb2970fd1bd96p-1,0x1.cd912815cb789p-1
SK,SC_04cdabd0598f,Anisotoma.obsoleta,0x1.2c51795b79900p-1,0x1.435c313ad6f4ap-1,0x1.612974e8c1749p-1,0x1.1af9e9a9f97f4p-1,0x1.1d5aca2b63939p-1
SK,SC_04cdabd0598f,Atomaria.nigricollis,0x1.2c51795b79900p-1,0x1.435c313ad6f4ap-1,0x1.612974e8c1749p-1,0x1.4783ea77091bdp-1,0x1.5bb018e3277cfp-1
SK,SC_04cdabd0598f,Atomaria.parviceps,0x1.2c51795b79900p-1,0x1.435c313ad6f4ap-1,0x1.612974e8c1749p-1,0x1.1d29f6ebfd52ep-1,0x1.31836a8419f0ap-1
SK,SC_04cdabd0598f,Badister.neopulchellus,0x1.2c51795b79900p-1,0x1.435c313ad6f4ap-1,0x1.612974e8c1749p-1,0x1.6d6fae1645b3ep-1,0x1.71cf1b8da4eb8p-1
SK,SC_04cdabd0598f,Baeocera.,0x1.2c51795b79900p-1,0x1.435c313ad6f4ap-1,0x1.612974e8c1749p-1,0x1.cb2970fd1bd96p-1,0x1.cd912815cb789p-1
SK,SC_04cdabd0598f,Bolitobius.cingulatus,0x1.2c51795b79900p-1,0x1.435c313ad6f4ap-1,0x1.612974e8c1749p-1,0x1.6bc3258e27acap-1,0x1.706a01676eaebp-1
SK,SC_04cdabd0598f,Bolitobius.horni,0x1.2c51795b79900p-1,0x1.435c313ad6f4ap-1,0x1.612974e8c1749p-1,0x1.6ba27c5fcc87dp-1,0x1.705014f1fdca4p-1
SK,SC_04cdabd0598f,Caenoscelis.ferruginea,0x1.2c51795b79900p-1,0x1.435c313ad6f4ap-1,0x1.612974e8c1749p-1,0x1.47de9d2a2f00dp-1,0x1.5b71a1a51f89cp-1
SK,SC_04cdabd0598f,Calathus.ingratus,0x1.2c51795b79900p-1,0x1.435c313ad6f4ap-1,0x1.612974e8c1749p-1,0x1.cb2970fd1bd96p-1,0x1.cd912815cb789p-1
SK,SC_04cdabd0598f,Canifa.pallipes,0x1.2c51795b79900p-1,0x1.435c313ad6f4ap-1,0x1.612974e8c1749p-1,0x1.45e47944826bep-1,0x1.4a1a8f4fc1436p-1
SK,SC_04cdabd0598f,Carabus.chamissonis,0x1.2c51795b79900p-1,0x1.435c313ad6f4ap-1,0x1.612974e8c1749p-1,0x1.1daf7f1665ea6p-1,0x1.1eac421ad3343p-1
SK,SC_04cdabd0598f,Carabus.taedatus,0x1.2c51795b79900p-1,0x1.435c313ad6f4ap-1,0x1.612974e8c1749p-1,0x1.6e0639610ed2bp-1,0x1.714debdf95050p-1
SK,SC_04cdabd0598f,Carcinocephalus.exsculpta,0x1.2c51795b79900p-1,0x1.435c313ad6f4ap-1,0x1.612974e8c1749p-1,0x1.6ba27c5fcc87dp-1,0x1.705014f1fdca4p-1
SK,SC_04cdabd0598f,Cercyon.minusculus,0x1.2c51795b79900p-1,0x1.435c313ad6f4ap-1,0x1.612974e8c1749p-1,0x1.cb2970fd1bd96p-1,0x1.cd912815cb789p-1
SK,SC_04cdabd0598f,Cis.Cis Species A,0x1.2c51795b79900p-1,0x1.435c313ad6f4ap-1,0x1.612974e8c1749p-1,0x1.6cf0fea315883p-1,0x1.7f87542f51fc7p-1
SK,SC_04cdabd0598f,Clambus.pubescens,0x1.2c51795b79900p-1,0x1.435c313ad6f4ap-1,0x1.612974e8c1749p-1,0x1.1af9e9a9f97f4p-1,0x1.1d5aca2b63939p-1
SK,SC_04cdabd0598f,Corticaria.,0x1.2c51795b79900p-1,0x1.435c313ad6f4ap-1,0x1.612974e8c1749p-1,0x1.cb2970fd1bd96p-1,0x1.cd912815cb789p-1
SK,SC_04cdabd0598f,Cortinicara.gibbosa,0x1.2c51795b79900p-1,0x1.435c313ad6f4ap-1,0x1.612974e8c1749p-1,0x1.cb2970fd1bd96p-1,0x1.cd912815cb789p-1
SK,SC_04cdabd0598f,Cryptophagus.Crypto Species B,0x1.2c51795b79900p-1,0x1.435c313ad6f4ap-1,0x1.612974e8c1749p-1,0x1.47ee3a10720fbp-1,0x1.5c02d733e712ep-1
SK,SC_04cdabd0598f,Cryptophagus.difficilis,0x1.2c51795b79900p-1,0x1.435c313ad6f4ap-1,0x1.612974e8c1749p-1,0x1.cb2970fd1bd96p-1,0x1.cd912815cb789p-1
SK,SC_04cdabd0598f,Cymindis.cribricollis,0x1.2c51795b79900p-1,0x1.435c313ad6f4ap-1,0x1.612974e8c1749p-1,0x1.45e47944826bep-1,0x1.4a1a8f4fc1436p-1
SK,SC_04cdabd0598f,Herthania.concinnus,0x1.2c51795b79900p-1,0x1.435c313ad6f4ap-1,0x1.612974e8c1749p-1,0x1.1d7eca9a17535p-1,0x1.1e84ecf35a162p-1
SK,SC_04cdabd0598f,Ellychnia.corrusca,0x1.2c51795b79900p-1,0x1.435c313ad6f4ap-1,0x1.612974e8c1749p-1,0x1.cb2970fd1bd96p-1,0x1.cd912815cb789p-1
SK,SC_04cdabd0598f,Epuraea.planulata,0x1.2c51795b79900p-1,0x1.435c313ad6f4ap-1,0x1.612974e8c1749p-1,0x1.6cf0fea315883p-1,0x1.7f87542f51fc7p-1
SK,SC_04cdabd0598f,Epuraea.truncatella,0x1.2c51795b79900p-1,0x1.435c313ad6f4ap-1,0x1.612974e8c1749p-1,0x1.1ea0542858ac1p-1,0x1.37708c35c50c4p-1
SK,SC_04cdabd0598f,Eucinetus.haemorrhoidalis,0x1.2c51795b79900p-1,0x1.435c313ad6f4ap-1,0x1.612974e8c1749p-1,0x1.973362b6cbfeep-1,0x1.9b10456b5f1b5p-1
SK,SC_04cdabd0598f,Glischrochilus.siepmanni,0x1.2c51795b79900p-1,0x1.435c313ad6f4ap-1,0x1.612974e8c1749p-1,0x1.450b2f96d47ebp-1,0x1.59b5d0bec97b1p-1
SK,SC_04cdabd0598f,Habrocerus.schwarzi,0x1.2c51795b79900p-1,0x1.435c313ad6f4ap-1,0x1.612974e8c1749p-1,0x1.450b2f96d47ebp-1,0x1.59b5d0bec97b1p-1
SK,SC_04cdabd0598f,Harpalus.fulvilabris,0x1.2c51795b79900p-1,0x1.435c313ad6f4ap-1,0x1.612974e8c1749p-1,0x1.1a8c73e417121p-1,0x1.1e35da1c04bebp-1
SK,SC_04cdabd0598f,Hemicoelus.umbrosus,0x1.2c51795b79900p-1,0x1.435c313ad6f4ap-1,0x1.612974e8c1749p-1,0x1.1daf7f1665ea6p-1,0x1.1eac421ad3343p-1
SK,SC_04cdabd0598f,Henotiderus.centromaculatus,0x1.2c51795b79900p-1,0x1.435c313ad6f4ap-1,0x1.612974e8c1749p-1,0x1.1cde0cebcfc39p-1,0x1.3145f847bcc7ep-1
SK,SC_04cdabd0598f,Hylobius.congener,0x1.2c51795b79900p-1,0x1.435c313ad6f4ap-1,0x1.612974e8c1749p-1,0x1.1a8c73e417121p-1,0x1.1e35da1c04bebp-1
SK,SC_04cdabd0598f,Hymenorus.niger,0x1.2c51795b79900p-1,0x1.435c313ad6f4ap-1,0x1.612974e8c1749p-1,0x1.1daf7f1665ea6p-1,0x1.1eac421ad3343p-1
SK,SC_04cdabd0598f,Hypnoidus.bicolor,0x1.2c51795b79900p-1,0x1.435c313ad6f4ap-1,0x1.612974e8c1749p-1,0x1.6d6fae1645b3ep-1,0x1.71cf1b8da4eb8p-1
SK,SC_04cdabd0598f,Ischnosoma.fimbriatum,0x1.2c51795b79900p-1,0x1.435c313ad6f4ap-1,0x1.612974e8c1749p-1,0x1.cb2970fd1bd96p-1,0x1.cd912815cb789p-1
SK,SC_04cdabd0598f,Ischnosoma.pictum,0x1.2c51795b79900p-1,0x1.435c313ad6f4ap-1,0x1.612974e8c1749p-1,0x1.cb2970fd1bd96p-1,0x1.cd912815cb789p-1
SK,SC_04cdabd0598f,Ischnosoma.splendidum,0x1.2c51795b79900p-1,0x1.435c313ad6f4ap-1,0x1.612974e8c1749p-1,0x1.cb2970fd1bd96p-1,0x1.cd912815cb789p-1
SK,SC_04cdabd0598f,Latridius.minutus,0x1.2c51795b79900p-1,0x1.435c313ad6f4ap-1,0x1.612974e8c1749p-1,0x1.cb2970fd1bd96p-1,0x1.cd912815cb789p-1
SK,SC_04cdabd0598f,Leiodes.punctostriata,0x1.2c51795b79900p-1,0x1.435c313ad6f4ap-1,0x1.612974e8c1749p-1,0x1.45a4c5de98ee4p-1,0x1.49e63e2c29fa4p-1
SK,SC_04cdabd0598f,Leiodes.rufipes,0x1.2c51795b79900p-1,0x1.435c313ad6f4ap-1,0x1.612974e8c1749p-1,0x1.1cb65fcd57f9dp-1,0x1.31b9e333379a4p-1
SK,SC_04cdabd0598f,Limonius.aeger,0x1.2c51795b79900p-1,0x1.435c313ad6f4ap-1,0x1.612974e8c1749p-1,0x1.1daf7f1665ea6p-1,0x1.1eac421ad3343p-1
SK,SC_04cdabd0598f,Lordithon.fungicola,0x1.2c51795b79900p-1,0x1.435c313ad6f4ap-1,0x1.612974e8c1749p-1,0x1.95d9625f32256p-1,0x1.99f2e276489a8p-1
SK,SC_04cdabd0598f,Lordithon.kelleyi,0x1.2c51795b79900p-1,0x1.435c313ad6f4ap-1,0x1.612974e8c1749p-1,0x1.1daf7f1665ea6p-1,0x1.1eac421ad3343p-1
SK,SC_04cdabd0598f,Megarthrus.,0x1.2c51795b79900p-1,0x1.435c313ad6f4ap-1,0x1.612974e8c1749p-1,0x1.cb2970fd1bd96p-1,0x1.cd912815cb789p-1
SK,SC_04cdabd0598f,Melanophthalma.helvola-villosa type,0x1.2c51795b79900p-1,0x1.435c313ad6f4ap-1,0x1.612974e8c1749p-1,0x1.cb2970fd1bd96p-1,0x1.cd912815cb789p-1
SK,SC_04cdabd0598f,Melanophthalma.pumila,0x1.2c51795b79900p-1,0x1.435c313ad6f4ap-1,0x1.612974e8c1749p-1,0x1.cb2970fd1bd96p-1,0x1.cd912815cb789p-1
SK,SC_04cdabd0598f,Mycetoporus.consors,0x1.2c51795b79900p-1,0x1.435c313ad6f4ap-1,0x1.612974e8c1749p-1,0x1.6ba27c5fcc87dp-1,0x1.705014f1fdca4p-1
SK,SC_04cdabd0598f,Mycetoporus.nigrans,0x1.2c51795b79900p-1,0x1.435c313ad6f4ap-1,0x1.612974e8c1749p-1,0x1.1d7eca9a17535p-1,0x1.1e84ecf35a162p-1
SK,SC_04cdabd0598f,Nassipa.hoppingi,0x1.2c51795b79900p-1,0x1.435c313ad6f4ap-1,0x1.612974e8c1749p-1,0x1.1ea0542858ac1p-1,0x1.37708c35c50c4p-1
SK,SC_04cdabd0598f,Neohypdonus.tumescens,0x1.2c51795b79900p-1,0x1.435c313ad6f4ap-1,0x1.612974e8c1749p-1,0x1.959a44cd2ae88p-1,0x1.99c060bcebeb4p-1
SK,SC_04cdabd0598f,Notiophilus.semistriatus,0x1.2c51795b79900p-1,0x1.435c313ad6f4ap-1,0x1.612974e8c1749p-1,0x1.1a8c73e417121p-1,0x1.1e35da1c04bebp-1
SK,SC_04cdabd0598f,Nycteus.testaceus,0x1.2c51795b79900p-1,0x1.435c313ad6f4ap-1,0x1.612974e8c1749p-1,0x1.1ea0542858ac1p-1,0x1.37708c35c50c4p-1
SK,SC_04cdabd0598f,Ontholestes.cingulatus,0x1.2c51795b79900p-1,0x1.435c313ad6f4ap-1,0x1.612974e8c1749p-1,0x1.450b2f96d47ebp-1,0x1.59b5d0bec97b1p-1
SK,SC_04cdabd0598f,Orthocis.punctatus,0x1.2c51795b79900p-1,0x1.435c313ad6f4ap-1,0x1.612974e8c1749p-1,0x1.4572b7e748582p-1,0x1.5a0679b2b11fep-1
SK,SC_04cdabd0598f,Otiorhynchus.ovatus,0x1.2c51795b79900p-1,0x1.435c313ad6f4ap-1,0x1.612974e8c1749p-1,0x1.959a44cd2ae88p-1,0x1.99c060bcebeb4p-1
SK,SC_04cdabd0598f,Oxytelus.laqueatus,0x1.2c51795b79900p-1,0x1.435c313ad6f4ap-1,0x1.612974e8c1749p-1,0x1.4849f9d9c3bebp-1,0x1.5bc54fd5d179ap-1
SK,SC_04cdabd0598f,Pediacus.fuscus,0x1.2c51795b79900p-1,0x1.435c313ad6f4ap-1,0x1.612974e8c1749p-1,0x1.484a72bf78501p-1,0x1.4a1a2b0d4cf71p-1
SK,SC_04cdabd0598f,Peltis.septentrionalis,0x1.2c51795b79900p-1,0x1.435c313ad6f4ap-1,0x1.612974e8c1749p-1,0x1.1d5a41ab79d9dp-1,0x1.31a981add6d04p-1
SK,SC_04cdabd0598f,Philonthus.caeruleipennis,0x1.2c51795b79900p-1,0x1.435c313ad6f4ap-1,0x1.612974e8c1749p-1,0x1.959a44cd2ae88p-1,0x1.99c060bcebeb4p-1
SK,SC_04cdabd0598f,Phyllobaenus.humeralis,0x1.2c51795b79900p-1,0x1.435c313ad6f4ap-1,0x1.612974e8c1749p-1,0x1.19db6b75e7a4bp-1,0x1.2f60fac93baf4p-1
SK,SC_04cdabd0598f,Phyllotreta.Phyllotreta Species A,0x1.2c51795b79900p-1,0x1.435c313ad6f4ap-1,0x1.612974e8c1749p-1,0x1.1c6b4c9c89996p-1,0x1.317d258f3273dp-1
SK,SC_04cdabd0598f,Phyllotreta.striolata,0x1.2c51795b79900p-1,0x1.435c313ad6f4ap-1,0x1.612974e8c1749p-1,0x1.460cf93b4d555p-1,0x1.4a3afcc303497p-1
SK,SC_04cdabd0598f,Platynus.decentis,0x1.2c51795b79900p-1,0x1.435c313ad6f4ap-1,0x1.612974e8c1749p-1,0x1.cb2970fd1bd96p-1,0x1.cd912815cb789p-1
SK,SC_04cdabd0598f,Poecilus.lucublandus,0x1.2c51795b79900p-1,0x1.435c313ad6f4ap-1,0x1.612974e8c1749p-1,0x1.1d7eca9a17535p-1,0x1.1e84ecf35a162p-1
SK,SC_04cdabd0598f,Proteinus.limbatus,0x1.2c51795b79900p-1,0x1.435c313ad6f4ap-1,0x1.612974e8c1749p-1,0x1.cb2970fd1bd96p-1,0x1.cd912815cb789p-1
SK,SC_04cdabd0598f,Pselaphus.bellax,0x1.2c51795b79900p-1,0x1.435c313ad6f4ap-1,0x1.612974e8c1749p-1,0x1.450b2f96d47ebp-1,0x1.59b5d0bec97b1p-1
SK,SC_04cdabd0598f,Pseudanostirus.triundulatus,0x1.2c51795b79900p-1,0x1.435c313ad6f4ap-1,0x1.612974e8c1749p-1,0x1.466400385f360p-1,0x1.49632820eca09p-1
SK,SC_04cdabd0598f,Pseudopsis.sulcata complex,0x1.2c51795b79900p-1,0x1.435c313ad6f4ap-1,0x1.612974e8c1749p-1,0x1.19db6b75e7a4bp-1,0x1.2f60fac93baf4p-1
SK,SC_04cdabd0598f,Pterostichus.adstrictus,0x1.2c51795b79900p-1,0x1.435c313ad6f4ap-1,0x1.612974e8c1749p-1,0x1.cb2970fd1bd96p-1,0x1.cd912815cb789p-1
SK,SC_04cdabd0598f,Pterostichus.brevicornis,0x1.2c51795b79900p-1,0x1.435c313ad6f4ap-1,0x1.612974e8c1749p-1,0x1.1ea0542858ac1p-1,0x1.37708c35c50c4p-1
SK,SC_04cdabd0598f,Pterostichus.pensylvanicus,0x1.2c51795b79900p-1,0x1.435c313ad6f4ap-1,0x1.612974e8c1749p-1,0x1.cb2970fd1bd96p-1,0x1.cd912815cb789p-1
SK,SC_04cdabd0598f,Pterostichus.punctatissimus,0x1.2c51795b79900p-1,0x1.435c313ad6f4ap-1,0x1.612974e8c1749p-1,0x1.975e2fcd02ef5p-1,0x1.9a6c6784ee5fbp-1
SK,SC_04cdabd0598f,Ptiliid species A.Ptiliid species A,0x1.2c51795b79900p-1,0x1.435c313ad6f4ap-1,0x1.612974e8c1749p-1,0x1.cb2970fd1bd96p-1,0x1.cd912815cb789p-1
SK,SC_04cdabd0598f,Quedius.labradorensis,0x1.2c51795b79900p-1,0x1.435c313ad6f4ap-1,0x1.612974e8c1749p-1,0x1.96d4791910188p-1,0x1.a5ca2784a3d74p-1
SK,SC_04cdabd0598f,Quedius.rusticus,0x1.2c51795b79900p-1,0x1.435c313ad6f4ap-1,0x1.612974e8c1749p-1,0x1.1cde0cebcfc39p-1,0x1.3145f847bcc7ep-1
SK,SC_04cdabd0598f,Scaphium.castanipes,0x1.2c51795b79900p-1,0x1.435c313ad6f4ap-1,0x1.612974e8c1749p-1,0x1.95d9625f32256p-1,0x1.99f2e276489a8p-1
SK,SC_04cdabd0598f,Sericus.incongruus,0x1.2c51795b79900p-1,0x1.435c313ad6f4ap-1,0x1.612974e8c1749p-1,0x1.1af9e9a9f97f4p-1,0x1.1d5aca2b63939p-1
SK,SC_04cdabd0598f,Setasomus.arata,0x1.2c51795b79900p-1,0x1.435c313ad6f4ap-1,0x1.612974e8c1749p-1,0x1.1d29f6ebfd52ep-1,0x1.31836a8419f0ap-1
SK,SC_04cdabd0598f,Setasomus.nitidulus,0x1.2c51795b79900p-1,0x1.435c313ad6f4ap-1,0x1.612974e8c1749p-1,0x1.1e82905825737p-1,0x1.3681463b8f57fp-1
SK,SC_04cdabd0598f,Stenichnus.pubipennis,0x1.2c51795b79900p-1,0x1.435c313ad6f4ap-1,0x1.612974e8c1749p-1,0x1.45faca42532e4p-1,0x1.490d5cbde6143p-1
SK,SC_04cdabd0598f,Stenus.,0x1.2c51795b79900p-1,0x1.435c313ad6f4ap-1,0x1.612974e8c1749p-1,0x1.975e2fcd02ef5p-1,0x1.9a6c6784ee5fbp-1
SK,SC_04cdabd0598f,Syntomus.americanus,0x1.2c51795b79900p-1,0x1.435c313ad6f4ap-1,0x1.612974e8c1749p-1,0x1.45a4c5de98ee4p-1,0x1.49e63e2c29fa4p-1
SK,SC_04cdabd0598f,Synuchus.impunctatus,0x1.2c51795b79900p-1,0x1.435c313ad6f4ap-1,0x1.612974e8c1749p-1,0x1.cb2970fd1bd96p-1,0x1.cd912815cb789p-1
SK,SC_04cdabd0598f,Tachinus.basalis,0x1.2c51795b79900p-1,0x1.435c313ad6f4ap-1,0x1.612974e8c1749p-1,0x1.959a44cd2ae88p-1,0x1.99c060bcebeb4p-1
SK,SC_04cdabd0598f,Tachinus.frigidus,0x1.2c51795b79900p-1,0x1.435c313ad6f4ap-1,0x1.612974e8c1749p-1,0x1.95d9625f32256p-1,0x1.99f2e276489a8p-1
SK,SC_04cdabd0598f,Tachinus.fumipennis,0x1.2c51795b79900p-1,0x1.435c313ad6f4ap-1,0x1.612974e8c1749p-1,0x1.47ad1fffa381dp-1,0x1.5bcfa026d1913p-1
SK,SC_04cdabd0598f,Tachinus.quebecensis,0x1.2c51795b79900p-1,0x1.435c313ad6f4ap-1,0x1.612974e8c1749p-1,0x1.cb2970fd1bd96p-1,0x1.cd912815cb789p-1
SK,SC_04cdabd0598f,Tachyporus.borealis,0x1.2c51795b79900p-1,0x1.435c313ad6f4ap-1,0x1.612974e8c1749p-1,0x1.95d9625f32256p-1,0x1.99f2e276489a8p-1
SK,SC_04cdabd0598f,Trachypachus.holmbergi,0x1.2c51795b79900p-1,0x1.435c313ad6f4ap-1,0x1.612974e8c1749p-1,0x1.1d323acf346f3p-1,0x1.1e45a9a5e75cfp-1
SK,SC_04cdabd0598f,Tympanophorus.puncticollis,0x1.2c51795b79900p-1,0x1.435c313ad6f4ap-1,0x1.612974e8c1749p-1,0x1.45a4c5de98ee4p-1,0x1.49e63e2c29fa4p-1
SK,SC_04cdabd0598f,Upis.ceramboides,0x1.2c51795b79900p-1,0x1.435c313ad6f4ap-1,0x1.612974e8c1749p-1,0x1.1af9e9a9f97f4p-1,0x1.1d5aca2b63939p-1
WF,SC_53a986e1b37a,Acidota.crenata,0x1.3981750fb7079p-1,0x1.186232fbe47b0p-1,0x1.1f2cd1478ff02p-1,0x1.a7a13c6b45af3p-2,0x1.a78cf265a5fe1p-2
WF,SC_53a986e1b37a,Acrotrichis.Acrotrichis spp.,0x1.3981750fb7079p-1,0x1.186232fbe47b0p-1,0x1.1f2cd1478ff02p-1,0x1.6db4480fd2923p-1,0x1.6bc7e77c98d40p-1
WF,SC_53a986e1b37a,Agathidium.depressum,0x1.3981750fb7079p-1,0x1.186232fbe47b0p-1,0x1.1f2cd1478ff02p-1,0x1.a917416123024p-2,0x1.a8e4bebe3eaa1p-2
WF,SC_53a986e1b37a,Agathidium.exiguum,0x1.3981750fb7079p-1,0x1.186232fbe47b0p-1,0x1.1f2cd1478ff02p-1,0x1.3834b7663aedfp-1,0x1.3629835397175p-1
WF,SC_53a986e1b37a,Agonum.gratiosum,0x1.3981750fb7079p-1,0x1.186232fbe47b0p-1,0x1.1f2cd1478ff02p-1,0x1.b5c7354c0992bp-1,0x1.b44b6398d420bp-1
WF,SC_53a986e1b37a,Agonum.retractum,0x1.3981750fb7079p-1,0x1.186232fbe47b0p-1,0x1.1f2cd1478ff02p-1,0x1.b5c7354c0992bp-1,0x1.b44b6398d420bp-1
WF,SC_53a986e1b37a,Agriotes.limosus,0x1.3981750fb7079p-1,0x1.186232fbe47b0p-1,0x1.1f2cd1478ff02p-1,0x1.0625253eb3fbep-1,0x1.05d9bbb2f4906p-1
WF,SC_53a986e1b37a,Aleocharinae,0x1.3981750fb7079p-1,0x1.186232fbe47b0p-1,0x1.1f2cd1478ff02p-1,0x1.b5c7354c0992bp-1,0x1.b44b6398d420bp-1
WF,SC_53a986e1b37a,Anisotoma.obsoleta,0x1.3981750fb7079p-1,0x1.186232fbe47b0p-1,0x1.1f2cd1478ff02p-1,0x1.a68196a5a698bp-2,0x1.a377bbbe3a026p-2
WF,SC_53a986e1b37a,Atomaria.nigricollis,0x1.3981750fb7079p-1,0x1.186232fbe47b0p-1,0x1.1f2cd1478ff02p-1,0x1.06e1c2626aefap-1,0x1.06875f9532f27p-1
WF,SC_53a986e1b37a,Atomaria.parviceps,0x1.3981750fb7079p-1,0x1.186232fbe47b0p-1,0x1.1f2cd1478ff02p-1,0x1.a8c7f1a7680d8p-2,0x1.a86f0c82a0fbep-2
WF,SC_53a986e1b37a,Badister.neopulchellus,0x1.3981750fb7079p-1,0x1.186232fbe47b0p-1,0x1.1f2cd1478ff02p-1,0x1.376da9c931b07p-1,0x1.3572e85cea5c0p-1
WF,SC_53a986e1b37a,Baeocera.,0x1.3981750fb7079p-1,0x1.186232fbe47b0p-1,0x1.1f2cd1478ff02p-1,0x1.b5c7354c0992bp-1,0x1.b44b6398d420bp-1
WF,SC_53a986e1b37a,Bolitobius.cingulatus,0x1.3981750fb7079p-1,0x1.186232fbe47b0p-1,0x1.1f2cd1478ff02p-1,0x1.36d60391309d7p-1,0x1.34e6d882f1594p-1
WF,SC_53a986e1b37a,Bolitobius.horni,0x1.3981750fb7079p-1,0x1.186232fbe47b0p-1,0x1.1f2cd1478ff02p-1,0x1.36d36d4abaf54p-1,0x1.34e49e99c0a52p-1
WF,SC_53a986e1b37a,Caenoscelis.ferruginea,0x1.3981750fb7079p-1,0x1.186232fbe47b0p-1,0x1.1f2cd1478ff02p-1,0x1.06bbcad76c70cp-1,0x1.064d3d10bbfa5p-1
WF,SC_53a986e1b37a,Calathus.ingratus,0x1.3981750fb7079p-1,0x1.186232fbe47b0p-1,0x1.1f2cd1478ff02p-1,0x1.b5c7354c0992bp-1,0x1.b44b6398d420bp-1
WF,SC_53a986e1b37a,Canifa.pallipes,0x1.3981750fb7079p-1,0x1.186232fbe47b0p-1,0x1.1f2cd1478ff02p-1,0x1.05822d5effef3p-1,0x1.03b1be8a13c9fp-1
WF,SC_53a986e1b37a,Carabus.chamissonis,0x1.3981750fb7079p-1,0x1.186232fbe47b0p-1,0x1.1f2cd1478ff02p-1,0x1.a7da7b8660935p-2,0x1.a4b3fb65e4cc0p-2
WF,SC_53a986e1b37a,Carabus.taedatus,0x1.3981750fb7079p-1,0x1.186232fbe47b0p-1,0x1.1f2cd1478ff02p-1,0x1.37992d8e4af25p-1,0x1.359a000e1512ep-1
WF,SC_53a986e1b37a,Carcinocephalus.exsculpta,0x1.3981750fb7079p-1,0x1.186232fbe47b0p-1,0x1.1f2cd1478ff02p-1,0x1.36d36d4abaf54p-1,0x1.34e49e99c0a52p-1
WF,SC_53a986e1b37a,Cercyon.minusculus,0x1.3981750fb7079p-1,0x1.186232fbe47b0p-1,0x1.1f2cd1478ff02p-1,0x1.b5c7354c0992bp-1,0x1.b44b6398d420bp-1
WF,SC_53a986e1b37a,Cis.Cis Species A,0x1.3981750fb7079p-1,0x1.186232fbe47b0p-1,0x1.1f2cd1478ff02p-1,0x1.380c27d76c0fap-1,0x1.3785a35bfa0e8p-1
WF,SC_53a986e1b37a,Clambus.pubescens,0x1.3981750fb7079p-1,0x1.186232fbe47b0p-1,0x1.1f2cd1478ff02p-1,0x1.a68196a5a698bp-2,0x1.a377bbbe3a026p-2
WF,SC_53a986e1b37a,Corticaria.,0x1.3981750fb7079p-1,0x1.186232fbe47b0p-1,0x1.1f2cd1478ff02p-1,0x1.b5c7354c0992bp-1,0x1.b44b6398d420bp-1
WF,SC_53a986e1b37a,Cortinicara.gibbosa,0x1.3981750fb7079p-1,0x1.186232fbe47b0p-1,0x1.1f2cd1478ff02p-1,0x1.b5c7354c0992bp-1,0x1.b44b6398d420bp-1
WF,SC_53a986e1b37a,Cryptophagus.Crypto Species B,0x1.3981750fb7079p-1,0x1.186232fbe47b0p-1,0x1.1f2cd1478ff02p-1,0x1.06f001908b92fp-1,0x1.06947dca63325p-1
WF,SC_53a986e1b37a,Cryptophagus.difficilis,0x1.3981750fb7079p-1,0x1.186232fbe47b0p-1,0x1.1f2cd1478ff02p-1,0x1.b5c7354c0992bp-1,0x1.b44b6398d420bp-1
WF,SC_53a986e1b37a,Cymindis.cribricollis,0x1.3981750fb7079p-1,0x1.186232fbe47b0p-1,0x1.1f2cd1478ff02p-1,0x1.05822d5effef3p-1,0x1.03b1be8a13c9fp-1
WF,SC_53a986e1b37a,Herthania.concinnus,0x1.3981750fb7079p-1,0x1.186232fbe47b0p-1,0x1.1f2cd1478ff02p-1,0x1.a7d515763b7ecp-2,0x1.a4af5cfa742a0p-2
WF,SC_53a986e1b37a,Ellychnia.corrusca,0x1.3981750fb7079p-1,0x1.186232fbe47b0p-1,0x1.1f2cd1478ff02p-1,0x1.b5c7354c0992bp-1,0x1.b44b6398d420bp-1
WF,SC_53a986e1b37a,Epuraea.planulata,0x1.3981750fb7079p-1,0x1.186232fbe47b0p-1,0x1.1f2cd1478ff02p-1,0x1.380c27d76c0fap-1,0x1.3785a35bfa0e8p-1
WF,SC_53a986e1b37a,Epuraea.truncatella,0x1.3981750fb7079p-1,0x1.186232fbe47b0p-1,0x1.1f2cd1478ff02p-1,0x1.a5a5b8a22fc45p-2,0x1.abac7abaf8e97p-2
WF,SC_53a986e1b37a,Eucinetus.haemorrhoidalis,0x1.3981750fb7079p-1,0x1.186232fbe47b0p-1,0x1.1f2cd1478ff02p-1,0x1.6e422285f4e0ep-1,0x1.6c4b6911c8de1p-1
WF,SC_53a986e1b37a,Glischrochilus.siepmanni,0x1.3981750fb7079p-1,0x1.186232fbe47b0p-1,0x1.1f2cd1478ff02p-1,0x1.0625253eb3fbep-1,0x1.05d9bbb2f4906p-1
WF,SC_53a986e1b37a,Habrocerus.schwarzi,0x1.3981750fb7079p-1,0x1.186232fbe47b0p-1,0x1.1f2cd1478ff02p-1,0x1.0625253eb3fbep-1,0x1.05d9bbb2f4906p-1
WF,SC_53a986e1b37a,Harpalus.fulvilabris,0x1.3981750fb7079p-1,0x1.186232fbe47b0p-1,0x1.1f2cd1478ff02p-1,0x1.a641bd68cf8f2p-2,0x1.a33f5c7d3c237p-2
WF,SC_53a986e1b37a,Hemicoelus.umbrosus,0x1.3981750fb7079p-1,0x1.186232fbe47b0p-1,0x1.1f2cd1478ff02p-1,0x1.a7da7b8660935p-2,0x1.a4b3fb65e4cc0p-2
WF,SC_53a986e1b37a,Henotiderus.centromaculatus,0x1.3981750fb7079p-1,0x1.186232fbe47b0p-1,0x1.1f2cd1478ff02p-1,0x1.a8b1f52e863f5p-2,0x1.a85a735bcc532p-2
WF,SC_53a986e1b37a,Hylobius.congener,0x1.3981750fb7079p-1,0x1.186232fbe47b0p-1,0x1.1f2cd1478ff02p-1,0x1.a641bd68cf8f2p-2,0x1.a33f5c7d3c237p-2
WF,SC_53a986e1b37a,Hymenorus.niger,0x1.3981750fb7079p-1,0x1.186232fbe47b0p-1,0x1.1f2cd1478ff02p-1,0x1.a7da7b8660935p-2,0x1.a4b3fb65e4cc0p-2
WF,SC_53a986e1b37a,Hypnoidus.bicolor,0x1.3981750fb7079p-1,0x1.186232fbe47b0p-1,0x1.1f2cd1478ff02p-1,0x1.376da9c931b07p-1,0x1.3572e85cea5c0p-1
WF,SC_53a986e1b37a,Ischnosoma.fimbriatum,0x1.3981750fb7079p-1,0x1.186232fbe47b0p-1,0x1.1f2cd1478ff02p-1,0x1.b5c7354c0992bp-1,0x1.b44b6398d420bp-1
WF,SC_53a986e1b37a,Ischnosoma.pictum,0x1.3981750fb7079p-1,0x1.186232fbe47b0p-1,0x1.1f2cd1478ff02p-1,0x1.b5c7354c0992bp-1,0x1.b44b6398d420bp-1
WF,SC_53a986e1b37a,Ischnosoma.splendidum,0x1.3981750fb7079p-1,0x1.186232fbe47b0p-1,0x1.1f2cd1478ff02p-1,0x1.b5c7354c0992bp-1,0x1.b44b6398d420bp-1
WF,SC_53a986e1b37a,Latridius.minutus,0x1.3981750fb7079p-1,0x1.186232fbe47b0p-1,0x1.1f2cd1478ff02p-1,0x1.b5c7354c0992bp-1,0x1.b44b6398d420bp-1
WF,SC_53a986e1b37a,Leiodes.punctostriata,0x1.3981750fb7079p-1,0x1.186232fbe47b0p-1,0x1.1f2cd1478ff02p-1,0x1.0577e548969b4p-1,0x1.03a81b6900948p-1
WF,SC_53a986e1b37a,Leiodes.rufipes,0x1.3981750fb7079p-1,0x1.186232fbe47b0p-1,0x1.1f2cd1478ff02p-1,0x1.a911660a9d3f7p-2,0x1.a8dfb9148cc7fp-2
WF,SC_53a986e1b37a,Limonius.aeger,0x1.3981750fb7079p-1,0x1.186232fbe47b0p-1,0x1.1f2cd1478ff02p-1,0x1.a7da7b8660935p-2,0x1.a4b3fb65e4cc0p-2
WF,SC_53a986e1b37a,Lordithon.fungicola,0x1.3981750fb7079p-1,0x1.186232fbe47b0p-1,0x1.1f2cd1478ff02p-1,0x1.6dbec05713456p-1,0x1.6bd19ee767c33p-1
WF,SC_53a986e1b37a,Lordithon.kelleyi,0x1.3981750fb7079p-1,0x1.186232fbe47b0p-1,0x1.1f2cd1478ff02p-1,0x1.a7da7b8660935p-2,0x1.a4b3fb65e4cc0p-2
WF,SC_53a986e1b37a,Megarthrus.,0x1.3981750fb7079p-1,0x1.186232fbe47b0p-1,0x1.1f2cd1478ff02p-1,0x1.b5c7354c0992bp-1,0x1.b44b6398d420bp-1
WF,SC_53a986e1b37a,Melanophthalma.helvola-villosa type,0x1.3981750fb7079p-1,0x1.186232fbe47b0p-1,0x1.1f2cd1478ff02p-1,0x1.b5c7354c0992bp-1,0x1.b44b6398d420bp-1
WF,SC_53a986e1b37a,Melanophthalma.pumila,0x1.3981750fb7079p-1,0x1.186232fbe47b0p-1,0x1.1f2cd1478ff02p-1,0x1.b5c7354c0992bp-1,0x1.b44b6398d420bp-1
WF,SC_53a986e1b37a,Mycetoporus.consors,0x1.3981750fb7079p-1,0x1.186232fbe47b0p-1,0x1.1f2cd1478ff02p-1,0x1.36d36d4abaf54p-1,0x1.34e49e99c0a52p-1
WF,SC_53a986e1b37a,Mycetoporus.nigrans,0x1.3981750fb7079p-1,0x1.186232fbe47b0p-1,0x1.1f2cd1478ff02p-1,0x1.a7d515763b7ecp-2,0x1.a4af5cfa742a0p-2
WF,SC_53a986e1b37a,Nassipa.hoppingi,0x1.3981750fb7079p-1,0x1.186232fbe47b0p-1,0x1.1f2cd1478ff02p-1,0x1.a5a5b8a22fc45p-2,0x1.abac7abaf8e97p-2
WF,SC_53a986e1b37a,Neohypdonus.tumescens,0x1.3981750fb7079p-1,0x1.186232fbe47b0p-1,0x1.1f2cd1478ff02p-1,0x1.6db4480fd2923p-1,0x1.6bc7e77c98d40p-1
WF,SC_53a986e1b37a,Notiophilus.semistriatus,0x1.3981750fb7079p-1,0x1.186232fbe47b0p-1,0x1.1f2cd1478ff02p-1,0x1.a641bd68cf8f2p-2,0x1.a33f5c7d3c237p-2
WF,SC_53a986e1b37a,Nycteus.testaceus,0x1.3981750fb7079p-1,0x1.186232fbe47b0p-1,0x1.1f2cd1478ff02p-1,0x1.a5a5b8a22fc45p-2,0x1.abac7abaf8e97p-2
WF,SC_53a986e1b37a,Ontholestes.cingulatus,0x1.3981750fb7079p-1,0x1.186232fbe47b0p-1,0x1.1f2cd1478ff02p-1,0x1.0625253eb3fbep-1,0x1.05d9bbb2f4906p-1
WF,SC_53a986e1b37a,Orthocis.punctatus,0x1.3981750fb7079p-1,0x1.186232fbe47b0p-1,0x1.1f2cd1478ff02p-1,0x1.063344bccc8abp-1,0x1.05e6bc738f7e0p-1
WF,SC_53a986e1b37a,Otiorhynchus.ovatus,0x1.3981750fb7079p-1,0x1.186232fbe47b0p-1,0x1.1f2cd1478ff02p-1,0x1.6db4480fd2923p-1,0x1.6bc7e77c98d40p-1
WF,SC_53a986e1b37a,Oxytelus.laqueatus,0x1.3981750fb7079p-1,0x1.186232fbe47b0p-1,0x1.1f2cd1478ff02p-1,0x1.06ca104ac2596p-1,0x1.065a60e76ab1ep-1
WF,SC_53a986e1b37a,Pediacus.fuscus,0x1.3981750fb7079p-1,0x1.186232fbe47b0p-1,0x1.1f2cd1478ff02p-1,0x1.06499712dfe39p-1,0x1.0467cbd1f7936p-1
WF,SC_53a986e1b37a,Peltis.septentrionalis,0x1.3981750fb7079p-1,0x1.186232fbe47b0p-1,0x1.1f2cd1478ff02p-1,0x1.a8cdcf3d6b86dp-2,0x1.a87413edc087ap-2
WF,SC_53a986e1b37a,Philonthus.caeruleipennis,0x1.3981750fb7079p-1,0x1.186232fbe47b0p-1,0x1.1f2cd1478ff02p-1,0x1.6db4480fd2923p-1,0x1.6bc7e77c98d40p-1
WF,SC_53a986e1b37a,Phyllobaenus.humeralis,0x1.3981750fb7079p-1,0x1.186232fbe47b0p-1,0x1.1f2cd1478ff02p-1,0x1.a7a13c6b45af3p-2,0x1.a78cf265a5fe1p-2
WF,SC_53a986e1b37a,Phyllotreta.Phyllotreta Species A,0x1.3981750fb7079p-1,0x1.186232fbe47b0p-1,0x1.1f2cd1478ff02p-1,0x1.a8fb71fdc9888p-2,0x1.a8cb26ed2ae94p-2
WF,SC_53a986e1b37a,Phyllotreta.striolata,0x1.3981750fb7079p-1,0x1.186232fbe47b0p-1,0x1.1f2cd1478ff02p-1,0x1.0584eb84d9a1cp-1,0x1.03b418d6ba508p-1
WF,SC_53a986e1b37a,Platynus.decentis,0x1.3981750fb7079p-1,0x1.186232fbe47b0p-1,0x1.1f2cd1478ff02p-1,0x1.b5c7354c0992bp-1,0x1.b44b6398d420bp-1
WF,SC_53a986e1b37a,Poecilus.lucublandus,0x1.3981750fb7079p-1,0x1.186232fbe47b0p-1,0x1.1f2cd1478ff02p-1,0x1.a7d515763b7ecp-2,0x1.a4af5cfa742a0p-2
WF,SC_53a986e1b37a,Proteinus.limbatus,0x1.3981750fb7079p-1,0x1.186232fbe47b0p-1,0x1.1f2cd1478ff02p-1,0x1.b5c7354c0992bp-1,0x1.b44b6398d420bp-1
WF,SC_53a986e1b37a,Pselaphus.bellax,0x1.3981750fb7079p-1,0x1.186232fbe47b0p-1,0x1.1f2cd1478ff02p-1,0x1.0625253eb3fbep-1,0x1.05d9bbb2f4906p-1
WF,SC_53a986e1b37a,Pseudanostirus.triundulatus,0x1.3981750fb7079p-1,0x1.186232fbe47b0p-1,0x1.1f2cd1478ff02p-1,0x1.05a5b6b48894dp-1,0x1.03d12093768e1p-1
WF,SC_53a986e1b37a,Pseudopsis.sulcata complex,0x1.3981750fb7079p-1,0x1.186232fbe47b0p-1,0x1.1f2cd1478ff02p-1,0x1.a7a13c6b45af3p-2,0x1.a78cf265a5fe1p-2
WF,SC_53a986e1b37a,Pterostichus.adstrictus,0x1.3981750fb7079p-1,0x1.186232fbe47b0p-1,0x1.1f2cd1478ff02p-1,0x1.b5c7354c0992bp-1,0x1.b44b6398d420bp-1
WF,SC_53a986e1b37a,Pterostichus.brevicornis,0x1.3981750fb7079p-1,0x1.186232fbe47b0p-1,0x1.1f2cd1478ff02p-1,0x1.a5a5b8a22fc45p-2,0x1.abac7abaf8e97p-2
WF,SC_53a986e1b37a,Pterostichus.pensylvanicus,0x1.3981750fb7079p-1,0x1.186232fbe47b0p-1,0x1.1f2cd1478ff02p-1,0x1.b5c7354c0992bp-1,0x1.b44b6398d420bp-1
WF,SC_53a986e1b37a,Pterostichus.punctatissimus,0x1.3981750fb7079p-1,0x1.186232fbe47b0p-1,0x1.1f2cd1478ff02p-1,0x1.6e5ca2159b592p-1,0x1.6c630f8ffc864p-1
WF,SC_53a986e1b37a,Ptiliid species A.Ptiliid species A,0x1.3981750fb7079p-1,0x1.186232fbe47b0p-1,0x1.1f2cd1478ff02p-1,0x1.b5c7354c0992bp-1,0x1.b44b6398d420bp-1
WF,SC_53a986e1b37a,Quedius.labradorensis,0x1.3981750fb7079p-1,0x1.186232fbe47b0p-1,0x1.1f2cd1478ff02p-1,0x1.6ec413ca60f34p-1,0x1.6e0d95802729bp-1
WF,SC_53a986e1b37a,Quedius.rusticus,0x1.3981750fb7079p-1,0x1.186232fbe47b0p-1,0x1.1f2cd1478ff02p-1,0x1.a8b1f52e863f5p-2,0x1.a85a735bcc532p-2
WF,SC_53a986e1b37a,Scaphium.castanipes,0x1.3981750fb7079p-1,0x1.186232fbe47b0p-1,0x1.1f2cd1478ff02p-1,0x1.6dbec05713456p-1,0x1.6bd19ee767c33p-1
WF,SC_53a986e1b37a,Sericus.incongruus,0x1.3981750fb7079p-1,0x1.186232fbe47b0p-1,0x1.1f2cd1478ff02p-1,0x1.a68196a5a698bp-2,0x1.a377bbbe3a026p-2
WF,SC_53a986e1b37a,Setasomus.arata,0x1.3981750fb7079p-1,0x1.186232fbe47b0p-1,0x1.1f2cd1478ff02p-1,0x1.a8c7f1a7680d8p-2,0x1.a86f0c82a0fbep-2
WF,SC_53a986e1b37a,Setasomus.nitidulus,0x1.3981750fb7079p-1,0x1.186232fbe47b0p-1,0x1.1f2cd1478ff02p-1,0x1.a5fe0fbb76668p-2,0x1.aa7b27f5410d6p-2
WF,SC_53a986e1b37a,Stenichnus.pubipennis,0x1.3981750fb7079p-1,0x1.186232fbe47b0p-1,0x1.1f2cd1478ff02p-1,0x1.0598ab6607123p-1,0x1.03c51e9c4673ap-1
WF,SC_53a986e1b37a,Stenus.,0x1.3981750fb7079p-1,0x1.186232fbe47b0p-1,0x1.1f2cd1478ff02p-1,0x1.6e5ca2159b592p-1,0x1.6c630f8ffc864p-1
WF,SC_53a986e1b37a,Syntomus.americanus,0x1.3981750fb7079p-1,0x1.186232fbe47b0p-1,0x1.1f2cd1478ff02p-1,0x1.0577e548969b4p-1,0x1.03a81b6900948p-1
WF,SC_53a986e1b37a,Synuchus.impunctatus,0x1.3981750fb7079p-1,0x1.186232fbe47b0p-1,0x1.1f2cd1478ff02p-1,0x1.b5c7354c0992bp-1,0x1.b44b6398d420bp-1
WF,SC_53a986e1b37a,Tachinus.basalis,0x1.3981750fb7079p-1,0x1.186232fbe47b0p-1,0x1.1f2cd1478ff02p-1,0x1.6db4480fd2923p-1,0x1.6bc7e77c98d40p-1
WF,SC_53a986e1b37a,Tachinus.frigidus,0x1.3981750fb7079p-1,0x1.186232fbe47b0p-1,0x1.1f2cd1478ff02p-1,0x1.6dbec05713456p-1,0x1.6bd19ee767c33p-1
WF,SC_53a986e1b37a,Tachinus.fumipennis,0x1.3981750fb7079p-1,0x1.186232fbe47b0p-1,0x1.1f2cd1478ff02p-1,0x1.06e4c20d4be7ap-1,0x1.0689f215c090cp-1
WF,SC_53a986e1b37a,Tachinus.quebecensis,0x1.3981750fb7079p-1,0x1.186232fbe47b0p-1,0x1.1f2cd1478ff02p-1,0x1.b5c7354c0992bp-1,0x1.b44b6398d420bp-1
WF,SC_53a986e1b37a,Tachyporus.borealis,0x1.3981750fb7079p-1,0x1.186232fbe47b0p-1,0x1.1f2cd1478ff02p-1,0x1.6dbec05713456p-1,0x1.6bd19ee767c33p-1
WF,SC_53a986e1b37a,Trachypachus.holmbergi,0x1.3981750fb7079p-1,0x1.186232fbe47b0p-1,0x1.1f2cd1478ff02p-1,0x1.a7c0d8da345d1p-2,0x1.a49c72ac14b22p-2
WF,SC_53a986e1b37a,Tympanophorus.puncticollis,0x1.3981750fb7079p-1,0x1.186232fbe47b0p-1,0x1.1f2cd1478ff02p-1,0x1.0577e548969b4p-1,0x1.03a81b6900948p-1
WF,SC_53a986e1b37a,Upis.ceramboides,0x1.3981750fb7079p-1,0x1.186232fbe47b0p-1,0x1.1f2cd1478ff02p-1,0x1.a68196a5a698bp-2,0x1.a377bbbe3a026p-2
BB,SC_fc686c314491,Acidota.crenata,0x1.323fbc85ae2c5p-1,0x1.48fb5e8d0a254p-1,0x1.3e5cd47e957aap-1,0x1.fc8a489a51a41p-2,0x1.06a3a886593c8p-1
BB,SC_fc686c314491,Acrotrichis.Acrotrichis spp.,0x1.323fbc85ae2c5p-1,0x1.48fb5e8d0a254p-1,0x1.3e5cd47e957aap-1,0x1.9035dd5bb3820p-1,0x1.92d90df2655f7p-1
BB,SC_fc686c314491,Agathidium.depressum,0x1.323fbc85ae2c5p-1,0x1.48fb5e8d0a254p-1,0x1.3e5cd47e957aap-1,0x1.fd2edceb6216dp-2,0x1.07c245e4d87d5p-1
BB,SC_fc686c314491,Agathidium.exiguum,0x1.323fbc85ae2c5p-1,0x1.48fb5e8d0a254p-1,0x1.3e5cd47e957aap-1,0x1.606029e13d5f9p-1,0x1.6402c75f4b768p-1
BB,SC_fc686c314491,Agonum.gratiosum,0x1.323fbc85ae2c5p-1,0x1.48fb5e8d0a254p-1,0x1.3e5cd47e957aap-1,0x1.c9e110bf4e078p-1,0x1.cb188432157c8p-1
BB,SC_fc686c314491,Agonum.retractum,0x1.323fbc85ae2c5p-1,0x1.48fb5e8d0a254p-1,0x1.3e5cd47e957aap-1,0x1.c9e110bf4e078p-1,0x1.cb188432157c8p-1
BB,SC_fc686c314491,Agriotes.limosus,0x1.323fbc85ae2c5p-1,0x1.48fb5e8d0a254p-1,0x1.3e5cd47e957aap-1,0x1.30d744a2e0930p-1,0x1.38c7c2ab659a8p-1
BB,SC_fc686c314491,Aleocharinae,0x1.323fbc85ae2c5p-1,0x1.48fb5e8d0a254p-1,0x1.3e5cd47e957aap-1,0x1.c9e110bf4e078p-1,0x1.cb188432157c8p-1
BB,SC_fc686c314491,Anisotoma.obsoleta,0x1.323fbc85ae2c5p-1,0x1.48fb5e8d0a254p-1,0x1.3e5cd47e957aap-1,0x1.fe7cfef0cd32ep-2,0x1.0414dc69339b3p-1
BB,SC_fc686c314491,Atomaria.nigricollis,0x1.323fbc85ae2c5p-1,0x1.48fb5e8d0a254p-1,0x1.3e5cd47e957aap-1,0x1.31108b8fa315bp-1,0x1.3991eb76fb915p-1
BB,SC_fc686c314491,Atomaria.parviceps,0x1.323fbc85ae2c5p-1,0x1.48fb5e8d0a254p-1,0x1.3e5cd47e957aap-1,0x1.fd35ee4d31e58p-2,0x1.080d83bb50249p-1
BB,SC_fc686c314491,Badister.neopulchellus,0x1.323fbc85ae2c5p-1,0x1.48fb5e8d0a254p-1,0x1.3e5cd47e957aap-1,0x1.606513672b521p-1,0x1.6406962e5aadbp-1
BB,SC_fc686c314491,Baeocera.,0x1.323fbc85ae2c5p-1,0x1.48fb5e8d0a254p-1,0x1.3e5cd47e957aap-1,0x1.c9e110bf4e078p-1,0x1.cb188432157c8p-1
BB,SC_fc686c314491,Bolitobius.cingulatus,0x1.323fbc85ae2c5p-1,0x1.48fb5e8d0a254p-1,0x1.3e5cd47e957aap-1,0x1.60681cef2e08ap-1,0x1.6408ec404d8c6p-1
BB,SC_fc686c314491,Bolitobius.horni,0x1.323fbc85ae2c5p-1,0x1.48fb5e8d0a254p-1,0x1.3e5cd47e957aap-1,0x1.60680348ec8f9p-1,0x1.6408d7b9285e5p-1
BB,SC_fc686c314491,Caenoscelis.ferruginea,0x1.323fbc85ae2c5p-1,0x1.48fb5e8d0a254p-1,0x1.3e5cd47e957aap-1,0x1.3112751940616p-1,0x1.39d45b3556758p-1
BB,SC_fc686c314491,Calathus.ingratus,0x1.323fbc85ae2c5p-1,0x1.48fb5e8d0a254p-1,0x1.3e5cd47e957aap-1,0x1.c9e110bf4e078p-1,0x1.cb188432157c8p-1
BB,SC_fc686c314491,Canifa.pallipes,0x1.323fbc85ae2c5p-1,0x1.48fb5e8d0a254p-1,0x1.3e5cd47e957aap-1,0x1.31a9c6a1a7b48p-1,0x1.3606cc1823d8dp-1
BB,SC_fc686c314491,Carabus.chamissonis,0x1.323fbc85ae2c5p-1,0x1.48fb5e8d0a254p-1,0x1.3e5cd47e957aap-1,0x1.fe6d8ca45ea5cp-2,0x1.040ebf3c80eddp-1
BB,SC_fc686c314491,Carabus.taedatus,0x1.323fbc85ae2c5p-1,0x1.48fb5e8d0a254p-1,0x1.3e5cd47e957aap-1,0x1.6063199be0556p-1,0x1.640508c8a6d37p-1
BB,SC_fc686c314491,Carcinocephalus.exsculpta,0x1.323fbc85ae2c5p-1,0x1.48fb5e8d0a254p-1,0x1.3e5cd47e957aap-1,0x1.60680348ec8f9p-1,0x1.6408d7b9285e5p-1
BB,SC_fc686c314491,Cercyon.minusculus,0x1.323fbc85ae2c5p-1,0x1.48fb5e8d0a254p-1,0x1.3e5cd47e957aap-1,0x1.c9e110bf4e078p-1,0x1.cb188432157c8p-1
BB,SC_fc686c314491,Cis.Cis Species A,0x1.323fbc85ae2c5p-1,0x1.48fb5e8d0a254p-1,0x1.3e5cd47e957aap-1,0x1.5fdf4b3c746e2p-1,0x1.672b2e3dd17bbp-1
BB,SC_fc686c314491,Clambus.pubescens,0x1.323fbc85ae2c5p-1,0x1.48fb5e8d0a254p-1,0x1.3e5cd47e957aap-1,0x1.fe7cfef0cd32ep-2,0x1.0414dc69339b3p-1
BB,SC_fc686c314491,Corticaria.,0x1.323fbc85ae2c5p-1,0x1.48fb5e8d0a254p-1,0x1.3e5cd47e957aap-1,0x1.c9e110bf4e078p-1,0x1.cb188432157c8p-1
BB,SC_fc686c314491,Cortinicara.gibbosa,0x1.323fbc85ae2c5p-1,0x1.48fb5e8d0a254p-1,0x1.3e5cd47e957aap-1,0x1.c9e110bf4e078p-1,0x1.cb188432157c8p-1
BB,SC_fc686c314491,Cryptophagus.Crypto Species B,0x1.323fbc85ae2c5p-1,0x1.48fb5e8d0a254p-1,0x1.3e5cd47e957aap-1,0x1.310c69418b938p-1,0x1.398ea60897d67p-1
BB,SC_fc686c314491,Cryptophagus.difficilis,0x1.323fbc85ae2c5p-1,0x1.48fb5e8d0a254p-1,0x1.3e5cd47e957aap-1,0x1.c9e110bf4e078p-1,0x1.cb188432157c8p-1
BB,SC_fc686c314491,Cymindis.cribricollis,0x1.323fbc85ae2c5p-1,0x1.48fb5e8d0a254p-1,0x1.3e5cd47e957aap-1,0x1.31a9c6a1a7b48p-1,0x1.3606cc1823d8dp-1
BB,SC_fc686c314491,Herthania.concinnus,0x1.323fbc85ae2c5p-1,0x1.48fb5e8d0a254p-1,0x1.3e5cd47e957aap-1,0x1.fe6d50bf8d89cp-2,0x1.040ea6f7b6f2cp-1
BB,SC_fc686c314491,Ellychnia.corrusca,0x1.323fbc85ae2c5p-1,0x1.48fb5e8d0a254p-1,0x1.3e5cd47e957aap-1,0x1.c9e110bf4e078p-1,0x1.cb188432157c8p-1
BB,SC_fc686c314491,Epuraea.planulata,0x1.323fbc85ae2c5p-1,0x1.48fb5e8d0a254p-1,0x1.3e5cd47e957aap-1,0x1.5fdf4b3c746e2p-1,0x1.672b2e3dd17bbp-1
BB,SC_fc686c314491,Epuraea.truncatella,0x1.323fbc85ae2c5p-1,0x1.48fb5e8d0a254p-1,0x1.3e5cd47e957aap-1,0x1.fd26793eb3368p-2,0x1.0c607dc542972p-1
BB,SC_fc686c314491,Eucinetus.haemorrhoidalis,0x1.323fbc85ae2c5p-1,0x1.48fb5e8d0a254p-1,0x1.3e5cd47e957aap-1,0x1.90309c2853cb8p-1,0x1.92d4f7214e407p-1
BB,SC_fc686c314491,Glischrochilus.siepmanni,0x1.323fbc85ae2c5p-1,0x1.48fb5e8d0a254p-1,0x1.3e5cd47e957aap-1,0x1.30d744a2e0930p-1,0x1.38c7c2ab659a8p-1
BB,SC_fc686c314491,Habrocerus.schwarzi,0x1.323fbc85ae2c5p-1,0x1.48fb5e8d0a254p-1,0x1.3e5cd47e957aap-1,0x1.30d744a2e0930p-1,0x1.38c7c2ab659a8p-1
BB,SC_fc686c314491,Harpalus.fulvilabris,0x1.323fbc85ae2c5p-1,0x1.48fb5e8d0a254p-1,0x1.3e5cd47e957aap-1,0x1.fe79062445ec8p-2,0x1.0413403385bbcp-1
BB,SC_fc686c314491,Hemicoelus.umbrosus,0x1.323fbc85ae2c5p-1,0x1.48fb5e8d0a254p-1,0x1.3e5cd47e957aap-1,0x1.fe6d8ca45ea5cp-2,0x1.040ebf3c80eddp-1
BB,SC_fc686c314491,Henotiderus.centromaculatus,0x1.323fbc85ae2c5p-1,0x1.48fb5e8d0a254p-1,0x1.3e5cd47e957aap-1,0x1.fcb82f1dfe0e5p-2,0x1.073644dc1e9cdp-1
BB,SC_fc686c314491,Hylobius.congener,0x1.323fbc85ae2c5p-1,0x1.48fb5e8d0a254p-1,0x1.3e5cd47e957aap-1,0x1.fe79062445ec8p-2,0x1.0413403385bbcp-1
BB,SC_fc686c314491,Hymenorus.niger,0x1.323fbc85ae2c5p-1,0x1.48fb5e8d0a254p-1,0x1.3e5cd47e957aap-1,0x1.fe6d8ca45ea5cp-2,0x1.040ebf3c80eddp-1
BB,SC_fc686c314491,Hypnoidus.bicolor,0x1.323fbc85ae2c5p-1,0x1.48fb5e8d0a254p-1,0x1.3e5cd47e957aap-1,0x1.606513672b521p-1,0x1.6406962e5aadbp-1
BB,SC_fc686c314491,Ischnosoma.fimbriatum,0x1.323fbc85ae2c5p-1,0x1.48fb5e8d0a254p-1,0x1.3e5cd47e957aap-1,0x1.c9e110bf4e078p-1,0x1.cb188432157c8p-1
BB,SC_fc686c314491,Ischnosoma.pictum,0x1.323fbc85ae2c5p-1,0x1.48fb5e8d0a254p-1,0x1.3e5cd47e957aap-1,0x1.c9e110bf4e078p-1,0x1.cb188432157c8p-1
BB,SC_fc686c314491,Ischnosoma.splendidum,0x1.323fbc85ae2c5p-1,0x1.48fb5e8d0a254p-1,0x1.3e5cd47e957aap-1,0x1.c9e110bf4e078p-1,0x1.cb188432157c8p-1
BB,SC_fc686c314491,Latridius.minutus,0x1.323fbc85ae2c5p-1,0x1.48fb5e8d0a254p-1,0x1.3e5cd47e957aap-1,0x1.c9e110bf4e078p-1,0x1.cb188432157c8p-1
BB,SC_fc686c314491,Leiodes.punctostriata,0x1.323fbc85ae2c5p-1,0x1.48fb5e8d0a254p-1,0x1.3e5cd47e957aap-1,0x1.31ae03f340f95p-1,0x1.360a2d647b426p-1
BB,SC_fc686c314491,Leiodes.rufipes,0x1.323fbc85ae2c5p-1,0x1.48fb5e8d0a254p-1,0x1.3e5cd47e957aap-1,0x1.fd31f4cb07652p-2,0x1.07c7966d758edp-1
BB,SC_fc686c314491,Limonius.aeger,0x1.323fbc85ae2c5p-1,0x1.48fb5e8d0a254p-1,0x1.3e5cd47e957aap-1,0x1.fe6d8ca45ea5cp-2,0x1.040ebf3c80eddp-1
BB,SC_fc686c314491,Lordithon.fungicola,0x1.323fbc85ae2c5p-1,0x1.48fb5e8d0a254p-1,0x1.3e5cd47e957aap-1,0x1.9032f189c5401p-1,0x1.92d6bfe222056p-1
BB,SC_fc686c314491,Lordithon.kelleyi,0x1.323fbc85ae2c5p-1,0x1.48fb5e8d0a254p-1,0x1.3e5cd47e957aap-1,0x1.fe6d8ca45ea5cp-2,0x1.040ebf3c80eddp-1
BB,SC_fc686c314491,Megarthrus.,0x1.323fbc85ae2c5p-1,0x1.48fb5e8d0a254p-1,0x1.3e5cd47e957aap-1,0x1.c9e110bf4e078p-1,0x1.cb188432157c8p-1
BB,SC_fc686c314491,Melanophthalma.helvola-villosa type,0x1.323fbc85ae2c5p-1,0x1.48fb5e8d0a254p-1,0x1.3e5cd47e957aap-1,0x1.c9e110bf4e078p-1,0x1.cb188432157c8p-1
BB,SC_fc686c314491,Melanophthalma.pumila,0x1.323fbc85ae2c5p-1,0x1.48fb5e8d0a254p-1,0x1.3e5cd47e957aap-1,0x1.c9e110bf4e078p-1,0x1.cb188432157c8p-1
BB,SC_fc686c314491,Mycetoporus.consors,0x1.323fbc85ae2c5p-1,0x1.48fb5e8d0a254p-1,0x1.3e5cd47e957aap-1,0x1.60680348ec8f9p-1,0x1.6408d7b9285e5p-1
BB,SC_fc686c314491,Mycetoporus.nigrans,0x1.323fbc85ae2c5p-1,0x1.48fb5e8d0a254p-1,0x1.3e5cd47e957aap-1,0x1.fe6d50bf8d89cp-2,0x1.040ea6f7b6f2cp-1
BB,SC_fc686c314491,Nassipa.hoppingi,0x1.323fbc85ae2c5p-1,0x1.48fb5e8d0a254p-1,0x1.3e5cd47e957aap-1,0x1.fd26793eb3368p-2,0x1.0c607dc542972p-1
BB,SC_fc686c314491,Neohypdonus.tumescens,0x1.323fbc85ae2c5p-1,0x1.48fb5e8d0a254p-1,0x1.3e5cd47e957aap-1,0x1.9035dd5bb3820p-1,0x1.92d90df2655f7p-1
BB,SC_fc686c314491,Notiophilus.semistriatus,0x1.323fbc85ae2c5p-1,0x1.48fb5e8d0a254p-1,0x1.3e5cd47e957aap-1,0x1.fe79062445ec8p-2,0x1.0413403385bbcp-1
BB,SC_fc686c314491,Nycteus.testaceus,0x1.323fbc85ae2c5p-1,0x1.48fb5e8d0a254p-1,0x1.3e5cd47e957aap-1,0x1.fd26793eb3368p-2,0x1.0c607dc542972p-1
BB,SC_fc686c314491,Ontholestes.cingulatus,0x1.323fbc85ae2c5p-1,0x1.48fb5e8d0a254p-1,0x1.3e5cd47e957aap-1,0x1.30d744a2e0930p-1,0x1.38c7c2ab659a8p-1
BB,SC_fc686c314491,Orthocis.punctatus,0x1.323fbc85ae2c5p-1,0x1.48fb5e8d0a254p-1,0x1.3e5cd47e957aap-1,0x1.31125bc5a12dcp-1,0x1.398f670161661p-1
BB,SC_fc686c314491,Otiorhynchus.ovatus,0x1.323fbc85ae2c5p-1,0x1.48fb5e8d0a254p-1,0x1.3e5cd47e957aap-1,0x1.9035dd5bb3820p-1,0x1.92d90df2655f7p-1
BB,SC_fc686c314491,Oxytelus.laqueatus,0x1.323fbc85ae2c5p-1,0x1.48fb5e8d0a254p-1,0x1.3e5cd47e957aap-1,0x1.310e52b50744fp-1,0x1.39d1161a170d2p-1
BB,SC_fc686c314491,Pediacus.fuscus,0x1.323fbc85ae2c5p-1,0x1.48fb5e8d0a254p-1,0x1.3e5cd47e957aap-1,0x1.31a8800891f94p-1,0x1.3605e0c0ddd29p-1
BB,SC_fc686c314491,Peltis.septentrionalis,0x1.323fbc85ae2c5p-1,0x1.48fb5e8d0a254p-1,0x1.3e5cd47e957aap-1,0x1.fd32d66eea5e9p-2,0x1.0808334a40342p-1
BB,SC_fc686c314491,Philonthus.caeruleipennis,0x1.323fbc85ae2c5p-1,0x1.48fb5e8d0a254p-1,0x1.3e5cd47e957aap-1,0x1.9035dd5bb3820p-1,0x1.92d90df2655f7p-1
BB,SC_fc686c314491,Phyllobaenus.humeralis,0x1.323fbc85ae2c5p-1,0x1.48fb5e8d0a254p-1,0x1.3e5cd47e957aap-1,0x1.fc8a489a51a41p-2,0x1.06a3a886593c8p-1
BB,SC_fc686c314491,Phyllotreta.Phyllotreta Species A,0x1.323fbc85ae2c5p-1,0x1.48fb5e8d0a254p-1,0x1.3e5cd47e957aap-1,0x1.fcb43568bf31fp-2,0x1.06f054063da0cp-1
BB,SC_fc686c314491,Phyllotreta.striolata,0x1.323fbc85ae2c5p-1,0x1.48fb5e8d0a254p-1,0x1.3e5cd47e957aap-1,0x1.31a9e36bfaf4cp-1,0x1.3606e3439ddbap-1
BB,SC_fc686c314491,Platynus.decentis,0x1.323fbc85ae2c5p-1,0x1.48fb5e8d0a254p-1,0x1.3e5cd47e957aap-1,0x1.c9e110bf4e078p-1,0x1.cb188432157c8p-1
BB,SC_fc686c314491,Poecilus.lucublandus,0x1.323fbc85ae2c5p-1,0x1.48fb5e8d0a254p-1,0x1.3e5cd47e957aap-1,0x1.fe6d50bf8d89cp-2,0x1.040ea6f7b6f2cp-1
BB,SC_fc686c314491,Proteinus.limbatus,0x1.323fbc85ae2c5p-1,0x1.48fb5e8d0a254p-1,0x1.3e5cd47e957aap-1,0x1.c9e110bf4e078p-1,0x1.cb188432157c8p-1
BB,SC_fc686c314491,Pselaphus.bellax,0x1.323fbc85ae2c5p-1,0x1.48fb5e8d0a254p-1,0x1.3e5cd47e957aap-1,0x1.30d744a2e0930p-1,0x1.38c7c2ab659a8p-1
BB,SC_fc686c314491,Pseudanostirus.triundulatus,0x1.323fbc85ae2c5p-1,0x1.48fb5e8d0a254p-1,0x1.3e5cd47e957aap-1,0x1.31abcc0d219abp-1,0x1.36086cb3fba86p-1
BB,SC_fc686c314491,Pseudopsis.sulcata complex,0x1.323fbc85ae2c5p-1,0x1.48fb5e8d0a254p-1,0x1.3e5cd47e957aap-1,0x1.fc8a489a51a41p-2,0x1.06a3a886593c8p-1
BB,SC_fc686c314491,Pterostichus.adstrictus,0x1.323fbc85ae2c5p-1,0x1.48fb5e8d0a254p-1,0x1.3e5cd47e957aap-1,0x1.c9e110bf4e078p-1,0x1.cb188432157c8p-1
BB,SC_fc686c314491,Pterostichus.brevicornis,0x1.323fbc85ae2c5p-1,0x1.48fb5e8d0a254p-1,0x1.3e5cd47e957aap-1,0x1.fd26793eb3368p-2,0x1.0c607dc542972p-1
BB,SC_fc686c314491,Pterostichus.pensylvanicus,0x1.323fbc85ae2c5p-1,0x1.48fb5e8d0a254p-1,0x1.3e5cd47e957aap-1,0x1.c9e110bf4e078p-1,0x1.cb188432157c8p-1
BB,SC_fc686c314491,Pterostichus.punctatissimus,0x1.323fbc85ae2c5p-1,0x1.48fb5e8d0a254p-1,0x1.3e5cd47e957aap-1,0x1.9031f5fba83f5p-1,0x1.92d60ac884fb7p-1
BB,SC_fc686c314491,Ptiliid species A.Ptiliid species A,0x1.323fbc85ae2c5p-1,0x1.48fb5e8d0a254p-1,0x1.3e5cd47e957aap-1,0x1.c9e110bf4e078p-1,0x1.cb188432157c8p-1
BB,SC_fc686c314491,Quedius.labradorensis,0x1.323fbc85ae2c5p-1,0x1.48fb5e8d0a254p-1,0x1.3e5cd47e957aap-1,0x1.8fc61c757de74p-1,0x1.9550721dd0cc2p-1
BB,SC_fc686c314491,Quedius.rusticus,0x1.323fbc85ae2c5p-1,0x1.48fb5e8d0a254p-1,0x1.3e5cd47e957aap-1,0x1.fcb82f1dfe0e5p-2,0x1.073644dc1e9cdp-1
BB,SC_fc686c314491,Scaphium.castanipes,0x1.323fbc85ae2c5p-1,0x1.48fb5e8d0a254p-1,0x1.3e5cd47e957aap-1,0x1.9032f189c5401p-1,0x1.92d6bfe222056p-1
BB,SC_fc686c314491,Sericus.incongruus,0x1.323fbc85ae2c5p-1,0x1.48fb5e8d0a254p-1,0x1.3e5cd47e957aap-1,0x1.fe7cfef0cd32ep-2,0x1.0414dc69339b3p-1
BB,SC_fc686c314491,Setasomus.arata,0x1.323fbc85ae2c5p-1,0x1.48fb5e8d0a254p-1,0x1.3e5cd47e957aap-1,0x1.fd35ee4d31e58p-2,0x1.080d83bb50249p-1
BB,SC_fc686c314491,Setasomus.nitidulus,0x1.323fbc85ae2c5p-1,0x1.48fb5e8d0a254p-1,0x1.3e5cd47e957aap-1,0x1.fd2bf8df67ba1p-2,0x1.0bacb86419370p-1
BB,SC_fc686c314491,Stenichnus.pubipennis,0x1.323fbc85ae2c5p-1,0x1.48fb5e8d0a254p-1,0x1.3e5cd47e957aap-1,0x1.31afecaa71955p-1,0x1.360bb6e6c0cb0p-1
BB,SC_fc686c314491,Stenus.,0x1.323fbc85ae2c5p-1,0x1.48fb5e8d0a254p-1,0x1.3e5cd47e957aap-1,0x1.9031f5fba83f5p-1,0x1.92d60ac884fb7p-1
BB,SC_fc686c314491,Syntomus.americanus,0x1.323fbc85ae2c5p-1,0x1.48fb5e8d0a254p-1,0x1.3e5cd47e957aap-1,0x1.31ae03f340f95p-1,0x1.360a2d647b426p-1
BB,SC_fc686c314491,Synuchus.impunctatus,0x1.323fbc85ae2c5p-1,0x1.48fb5e8d0a254p-1,0x1.3e5cd47e957aap-1,0x1.c9e110bf4e078p-1,0x1.cb188432157c8p-1
BB,SC_fc686c314491,Tachinus.basalis,0x1.323fbc85ae2c5p-1,0x1.48fb5e8d0a254p-1,0x1.3e5cd47e957aap-1,0x1.9035dd5bb3820p-1,0x1.92d90df2655f7p-1
BB,SC_fc686c314491,Tachinus.frigidus,0x1.323fbc85ae2c5p-1,0x1.48fb5e8d0a254p-1,0x1.3e5cd47e957aap-1,0x1.9032f189c5401p-1,0x1.92d6bfe222056p-1
BB,SC_fc686c314491,Tachinus.fumipennis,0x1.323fbc85ae2c5p-1,0x1.48fb5e8d0a254p-1,0x1.3e5cd47e957aap-1,0x1.310f0e1f892fcp-1,0x1.398cde7f2a0d0p-1
BB,SC_fc686c314491,Tachinus.quebecensis,0x1.323fbc85ae2c5p-1,0x1.48fb5e8d0a254p-1,0x1.3e5cd47e957aap-1,0x1.c9e110bf4e078p-1,0x1.cb188432157c8p-1
BB,SC_fc686c314491,Tachyporus.borealis,0x1.323fbc85ae2c5p-1,0x1.48fb5e8d0a254p-1,0x1.3e5cd47e957aap-1,0x1.9032f189c5401p-1,0x1.92d6bfe222056p-1
BB,SC_fc686c314491,Trachypachus.holmbergi,0x1.323fbc85ae2c5p-1,0x1.48fb5e8d0a254p-1,0x1.3e5cd47e957aap-1,0x1.fe76229d5c06fp-2,0x1.041231527235fp-1
BB,SC_fc686c314491,Tympanophorus.puncticollis,0x1.323fbc85ae2c5p-1,0x1.48fb5e8d0a254p-1,0x1.3e5cd47e957aap-1,0x1.31ae03f340f95p-1,0x1.360a2d647b426p-1
BB,SC_fc686c314491,Upis.ceramboides,0x1.323fbc85ae2c5p-1,0x1.48fb5e8d0a254p-1,0x1.3e5cd47e957aap-1,0x1.fe7cfef0cd32ep-2,0x1.0414dc69339b3p-1
HF,SC_088d2e949e6e,Acidota.crenata,0x1.26c940c0de109p-2,0x1.6996c172828f9p-1,0x1.70406aba67af9p-1,0x1.2ed2ddf3c0addp-1,0x1.2e5de35ef3716p-1
HF,SC_088d2e949e6e,Acrotrichis.Acrotrichis spp.,0x1.26c940c0de109p-2,0x1.6996c172828f9p-1,0x1.70406aba67af9p-1,0x1.a1a372077c03fp-1,0x1.a1b759302972ep-1
HF,SC_088d2e949e6e,Agathidium.depressum,0x1.26c940c0de109p-2,0x1.6996c172828f9p-1,0x1.70406aba67af9p-1,0x1.3a79590ed1b7fp-1,0x1.3916ec1f83621p-1
HF,SC_088d2e949e6e,Agathidium.exiguum,0x1.26c940c0de109p-2,0x1.6996c172828f9p-1,0x1.70406aba67af9p-1,0x1.8780b11112ad2p-1,0x1.86886960f91eap-1
HF,SC_088d2e949e6e,Agonum.gratiosum,0x1.26c940c0de109p-2,0x1.6996c172828f9p-1,0x1.70406aba67af9p-1,0x1.d2c93cc779482p-1,0x1.d2ac3b828208ap-1
HF,SC_088d2e949e6e,Agonum.retractum,0x1.26c940c0de109p-2,0x1.6996c172828f9p-1,0x1.70406aba67af9p-1,0x1.d2c93cc779482p-1,0x1.d2ac3b828208ap-1
HF,SC_088d2e949e6e,Agriotes.limosus,0x1.26c940c0de109p-2,0x1.6996c172828f9p-1,0x1.70406aba67af9p-1,0x1.5b1f9e1edf407p-1,0x1.5ab90dda30145p-1
HF,SC_088d2e949e6e,Aleocharinae,0x1.26c940c0de109p-2,0x1.6996c172828f9p-1,0x1.70406aba67af9p-1,0x1.d2c93cc779482p-1,0x1.d2ac3b828208ap-1
HF,SC_088d2e949e6e,Anisotoma.obsoleta,0x1.26c940c0de109p-2,0x1.6996c172828f9p-1,0x1.70406aba67af9p-1,0x1.2af293518925ap-1,0x1.2a87b0d9daeb8p-1
HF,SC_088d2e949e6e,Atomaria.nigricollis,0x1.26c940c0de109p-2,0x1.6996c172828f9p-1,0x1.70406aba67af9p-1,0x1.650c19c821bf0p-1,0x1.63e024a5ecfbfp-1
HF,SC_088d2e949e6e,Atomaria.parviceps,0x1.26c940c0de109p-2,0x1.6996c172828f9p-1,0x1.70406aba67af9p-1,0x1.3b52839d7d274p-1,0x1.39ecc9af4bc95p-1
HF,SC_088d2e949e6e,Badister.neopulchellus,0x1.26c940c0de109p-2,0x1.6996c172828f9p-1,0x1.70406aba67af9p-1,0x1.7efb2e70aa028p-1,0x1.7eab70dd541d6p-1
HF,SC_088d2e949e6e,Baeocera.,0x1.26c940c0de109p-2,0x1.6996c172828f9p-1,0x1.70406aba67af9p-1,0x1.d2c93cc779482p-1,0x1.d2ac3b828208ap-1
HF,SC_088d2e949e6e,Bolitobius.cingulatus,0x1.26c940c0de109p-2,0x1.6996c172828f9p-1,0x1.70406aba67af9p-1,0x1.78a66cdd22e06p-1,0x1.78d82cfa8e8d8p-1
HF,SC_088d2e949e6e,Bolitobius.horni,0x1.26c940c0de109p-2,0x1.6996c172828f9p-1,0x1.70406aba67af9p-1,0x1.7896b86c469bcp-1,0x1.78ca23f1906fdp-1
HF,SC_088d2e949e6e,Caenoscelis.ferruginea,0x1.26c940c0de109p-2,0x1.6996c172828f9p-1,0x1.70406aba67af9p-1,0x1.65d61d4d23a62p-1,0x1.64a68af8c2797p-1
HF,SC_088d2e949e6e,Calathus.ingratus,0x1.26c940c0de109p-2,0x1.6996c172828f9p-1,0x1.70406aba67af9p-1,0x1.d2c93cc779482p-1,0x1.d2ac3b828208ap-1
HF,SC_088d2e949e6e,Canifa.pallipes,0x1.26c940c0de109p-2,0x1.6996c172828f9p-1,0x1.70406aba67af9p-1,0x1.5746149b30c06p-1,0x1.56ef3474b859fp-1
HF,SC_088d2e949e6e,Carabus.chamissonis,0x1.26c940c0de109p-2,0x1.6996c172828f9p-1,0x1.70406aba67af9p-1,0x1.35847c5baec24p-1,0x1.34416859a690fp-1
HF,SC_088d2e949e6e,Carabus.taedatus,0x1.26c940c0de109p-2,0x1.6996c172828f9p-1,0x1.70406aba67af9p-1,0x1.8083c91a448a2p-1,0x1.8013baee46b5bp-1
HF,SC_088d2e949e6e,Carcinocephalus.exsculpta,0x1.26c940c0de109p-2,0x1.6996c172828f9p-1,0x1.70406aba67af9p-1,0x1.7896b86c469bcp-1,0x1.78ca23f1906fdp-1
HF,SC_088d2e949e6e,Cercyon.minusculus,0x1.26c940c0de109p-2,0x1.6996c172828f9p-1,0x1.70406aba67af9p-1,0x1.d2c93cc779482p-1,0x1.d2ac3b828208ap-1
HF,SC_088d2e949e6e,Cis.Cis Species A,0x1.26c940c0de109p-2,0x1.6996c172828f9p-1,0x1.70406aba67af9p-1,0x1.828faf108b373p-1,0x1.822e24a454d40p-1
HF,SC_088d2e949e6e,Clambus.pubescens,0x1.26c940c0de109p-2,0x1.6996c172828f9p-1,0x1.70406aba67af9p-1,0x1.2af293518925ap-1,0x1.2a87b0d9daeb8p-1
HF,SC_088d2e949e6e,Corticaria.,0x1.26c940c0de109p-2,0x1.6996c172828f9p-1,0x1.70406aba67af9p-1,0x1.d2c93cc779482p-1,0x1.d2ac3b828208ap-1
HF,SC_088d2e949e6e,Cortinicara.gibbosa,0x1.26c940c0de109p-2,0x1.6996c172828f9p-1,0x1.70406aba67af9p-1,0x1.d2c93cc779482p-1,0x1.d2ac3b828208ap-1
HF,SC_088d2e949e6e,Cryptophagus.Crypto Species B,0x1.26c940c0de109p-2,0x1.6996c172828f9p-1,0x1.70406aba67af9p-1,0x1.65db88c3b56d9p-1,0x1.649f4b8190c87p-1
HF,SC_088d2e949e6e,Cryptophagus.difficilis,0x1.26c940c0de109p-2,0x1.6996c172828f9p-1,0x1.70406aba67af9p-1,0x1.d2c93cc779482p-1,0x1.d2ac3b828208ap-1
HF,SC_088d2e949e6e,Cymindis.cribricollis,0x1.26c940c0de109p-2,0x1.6996c172828f9p-1,0x1.70406aba67af9p-1,0x1.5746149b30c06p-1,0x1.56ef3474b859fp-1
HF,SC_088d2e949e6e,Herthania.concinnus,0x1.26c940c0de109p-2,0x1.6996c172828f9p-1,0x1.70406aba67af9p-1,0x1.356a336bc030dp-1,0x1.3429d76d94960p-1
HF,SC_088d2e949e6e,Ellychnia.corrusca,0x1.26c940c0de109p-2,0x1.6996c172828f9p-1,0x1.70406aba67af9p-1,0x1.d2c93cc779482p-1,0x1.d2ac3b828208ap-1
HF,SC_088d2e949e6e,Epuraea.planulata,0x1.26c940c0de109p-2,0x1.6996c172828f9p-1,0x1.70406aba67af9p-1,0x1.828faf108b373p-1,0x1.822e24a454d40p-1
HF,SC_088d2e949e6e,Epuraea.truncatella,0x1.26c940c0de109p-2,0x1.6996c172828f9p-1,0x1.70406aba67af9p-1,0x1.41870648acbcdp-1,0x1.41bd1fb5a8c9dp-1
HF,SC_088d2e949e6e,Eucinetus.haemorrhoidalis,0x1.26c940c0de109p-2,0x1.6996c172828f9p-1,0x1.70406aba67af9p-1,0x1.a6cfe06df745ep-1,0x1.a67af7c4bb6c4p-1
HF,SC_088d2e949e6e,Glischrochilus.siepmanni,0x1.26c940c0de109p-2,0x1.6996c172828f9p-1,0x1.70406aba67af9p-1,0x1.5b1f9e1edf407p-1,0x1.5ab90dda30145p-1
HF,SC_088d2e949e6e,Habrocerus.schwarzi,0x1.26c940c0de109p-2,0x1.6996c172828f9p-1,0x1.70406aba67af9p-1,0x1.5b1f9e1edf407p-1,0x1.5ab90dda30145p-1
HF,SC_088d2e949e6e,Harpalus.fulvilabris,0x1.26c940c0de109p-2,0x1.6996c172828f9p-1,0x1.70406aba67af9p-1,0x1.299a0793b9b13p-1,0x1.294c9131501b8p-1
HF,SC_088d2e949e6e,Hemicoelus.umbrosus,0x1.26c940c0de109p-2,0x1.6996c172828f9p-1,0x1.70406aba67af9p-1,0x1.35847c5baec24p-1,0x1.34416859a690fp-1
HF,SC_088d2e949e6e,Henotiderus.centromaculatus,0x1.26c940c0de109p-2,0x1.6996c172828f9p-1,0x1.70406aba67af9p-1,0x1.3a79c33e4e3dcp-1,0x1.3924e7c50c2dcp-1
HF,SC_088d2e949e6e,Hylobius.congener,0x1.26c940c0de109p-2,0x1.6996c172828f9p-1,0x1.70406aba67af9p-1,0x1.299a0793b9b13p-1,0x1.294c9131501b8p-1
HF,SC_088d2e949e6e,Hymenorus.niger,0x1.26c940c0de109p-2,0x1.6996c172828f9p-1,0x1.70406aba67af9p-1,0x1.35847c5baec24p-1,0x1.34416859a690fp-1
HF,SC_088d2e949e6e,Hypnoidus.bicolor,0x1.26c940c0de109p-2,0x1.6996c172828f9p-1,0x1.70406aba67af9p-1,0x1.7efb2e70aa028p-1,0x1.7eab70dd541d6p-1
HF,SC_088d2e949e6e,Ischnosoma.fimbriatum,0x1.26c940c0de109p-2,0x1.6996c172828f9p-1,0x1.70406aba67af9p-1,0x1.d2c93cc779482p-1,0x1.d2ac3b828208ap-1
HF,SC_088d2e949e6e,Ischnosoma.pictum,0x1.26c940c0de109p-2,0x1.6996c172828f9p-1,0x1.70406aba67af9p-1,0x1.d2c93cc779482p-1,0x1.d2ac3b828208ap-1
HF,SC_088d2e949e6e,Ischnosoma.splendidum,0x1.26c940c0de109p-2,0x1.6996c172828f9p-1,0x1.70406aba67af9p-1,0x1.d2c93cc779482p-1,0x1.d2ac3b828208ap-1
HF,SC_088d2e949e6e,Latridius.minutus,0x1.26c940c0de109p-2,0x1.6996c172828f9p-1,0x1.70406aba67af9p-1,0x1.d2c93cc779482p-1,0x1.d2ac3b828208ap-1
HF,SC_088d2e949e6e,Leiodes.punctostriata,0x1.26c940c0de109p-2,0x1.6996c172828f9p-1,0x1.70406aba67af9p-1,0x1.56b102120e457p-1,0x1.5665fc2252713p-1
HF,SC_088d2e949e6e,Leiodes.rufipes,0x1.26c940c0de109p-2,0x1.6996c172828f9p-1,0x1.70406aba67af9p-1,0x1.3a5c36c833505p-1,0x1.38fcc9e1075bap-1
HF,SC_088d2e949e6e,Limonius.aeger,0x1.26c940c0de109p-2,0x1.6996c172828f9p-1,0x1.70406aba67af9p-1,0x1.35847c5baec24p-1,0x1.34416859a690fp-1
HF,SC_088d2e949e6e,Lordithon.fungicola,0x1.26c940c0de109p-2,0x1.6996c172828f9p-1,0x1.70406aba67af9p-1,0x1.a205ccee06961p-1,0x1.a2117eac6ba76p-1
HF,SC_088d2e949e6e,Lordithon.kelleyi,0x1.26c940c0de109p-2,0x1.6996c172828f9p-1,0x1.70406aba67af9p-1,0x1.35847c5baec24p-1,0x1.34416859a690fp-1
HF,SC_088d2e949e6e,Megarthrus.,0x1.26c940c0de109p-2,0x1.6996c172828f9p-1,0x1.70406aba67af9p-1,0x1.d2c93cc779482p-1,0x1.d2ac3b828208ap-1
HF,SC_088d2e949e6e,Melanophthalma.helvola-villosa type,0x1.26c940c0de109p-2,0x1.6996c172828f9p-1,0x1.70406aba67af9p-1,0x1.d2c93cc779482p-1,0x1.d2ac3b828208ap-1
HF,SC_088d2e949e6e,Melanophthalma.pumila,0x1.26c940c0de109p-2,0x1.6996c172828f9p-1,0x1.70406aba67af9p-1,0x1.d2c93cc779482p-1,0x1.d2ac3b828208ap-1
HF,SC_088d2e949e6e,Mycetoporus.consors,0x1.26c940c0de109p-2,0x1.6996c172828f9p-1,0x1.70406aba67af9p-1,0x1.7896b86c469bcp-1,0x1.78ca23f1906fdp-1
HF,SC_088d2e949e6e,Mycetoporus.nigrans,0x1.26c940c0de109p-2,0x1.6996c172828f9p-1,0x1.70406aba67af9p-1,0x1.356a336bc030dp-1,0x1.3429d76d94960p-1
HF,SC_088d2e949e6e,Nassipa.hoppingi,0x1.26c940c0de109p-2,0x1.6996c172828f9p-1,0x1.70406aba67af9p-1,0x1.41870648acbcdp-1,0x1.41bd1fb5a8c9dp-1
HF,SC_088d2e949e6e,Neohypdonus.tumescens,0x1.26c940c0de109p-2,0x1.6996c172828f9p-1,0x1.70406aba67af9p-1,0x1.a1a372077c03fp-1,0x1.a1b759302972ep-1
HF,SC_088d2e949e6e,Notiophilus.semistriatus,0x1.26c940c0de109p-2,0x1.6996c172828f9p-1,0x1.70406aba67af9p-1,0x1.299a0793b9b13p-1,0x1.294c9131501b8p-1
HF,SC_088d2e949e6e,Nycteus.testaceus,0x1.26c940c0de109p-2,0x1.6996c172828f9p-1,0x1.70406aba67af9p-1,0x1.41870648acbcdp-1,0x1.41bd1fb5a8c9dp-1
HF,SC_088d2e949e6e,Ontholestes.cingulatus,0x1.26c940c0de109p-2,0x1.6996c172828f9p-1,0x1.70406aba67af9p-1,0x1.5b1f9e1edf407p-1,0x1.5ab90dda30145p-1
HF,SC_088d2e949e6e,Orthocis.punctatus,0x1.26c940c0de109p-2,0x1.6996c172828f9p-1,0x1.70406aba67af9p-1,0x1.5bda456d4a39ep-1,0x1.5b646367f420bp-1
HF,SC_088d2e949e6e,Otiorhynchus.ovatus,0x1.26c940c0de109p-2,0x1.6996c172828f9p-1,0x1.70406aba67af9p-1,0x1.a1a372077c03fp-1,0x1.a1b759302972ep-1
HF,SC_088d2e949e6e,Oxytelus.laqueatus,0x1.26c940c0de109p-2,0x1.6996c172828f9p-1,0x1.70406aba67af9p-1,0x1.66a9484c1d4dfp-1,0x1.65692973293c0p-1
HF,SC_088d2e949e6e,Pediacus.fuscus,0x1.26c940c0de109p-2,0x1.6996c172828f9p-1,0x1.70406aba67af9p-1,0x1.610c46bf1b80dp-1,0x1.5fefe65f3fc7bp-1
HF,SC_088d2e949e6e,Peltis.septentrionalis,0x1.26c940c0de109p-2,0x1.6996c172828f9p-1,0x1.70406aba67af9p-1,0x1.3b703b1ab6eedp-1,0x1.3a077283566acp-1
HF,SC_088d2e949e6e,Philonthus.caeruleipennis,0x1.26c940c0de109p-2,0x1.6996c172828f9p-1,0x1.70406aba67af9p-1,0x1.a1a372077c03fp-1,0x1.a1b759302972ep-1
HF,SC_088d2e949e6e,Phyllobaenus.humeralis,0x1.26c940c0de109p-2,0x1.6996c172828f9p-1,0x1.70406aba67af9p-1,0x1.2ed2ddf3c0addp-1,0x1.2e5de35ef3716p-1
HF,SC_088d2e949e6e,Phyllotreta.Phyllotreta Species A,0x1.26c940c0de109p-2,0x1.6996c172828f9p-1,0x1.70406aba67af9p-1,0x1.3987b18430284p-1,0x1.3838d42936605p-1
HF,SC_088d2e949e6e,Phyllotreta.striolata,0x1.26c940c0de109p-2,0x1.6996c172828f9p-1,0x1.70406aba67af9p-1,0x1.575a7bdb8d2c9p-1,0x1.570179ecc2f52p-1
HF,SC_088d2e949e6e,Platynus.decentis,0x1.26c940c0de109p-2,0x1.6996c172828f9p-1,0x1.70406aba67af9p-1,0x1.d2c93cc779482p-1,0x1.d2ac3b828208ap-1
HF,SC_088d2e949e6e,Poecilus.lucublandus,0x1.26c940c0de109p-2,0x1.6996c172828f9p-1,0x1.70406aba67af9p-1,0x1.356a336bc030dp-1,0x1.3429d76d94960p-1
HF,SC_088d2e949e6e,Proteinus.limbatus,0x1.26c940c0de109p-2,0x1.6996c172828f9p-1,0x1.70406aba67af9p-1,0x1.d2c93cc779482p-1,0x1.d2ac3b828208ap-1
HF,SC_088d2e949e6e,Pselaphus.bellax,0x1.26c940c0de109p-2,0x1.6996c172828f9p-1,0x1.70406aba67af9p-1,0x1.5b1f9e1edf407p-1,0x1.5ab90dda30145p-1
HF,SC_088d2e949e6e,Pseudanostirus.triundulatus,0x1.26c940c0de109p-2,0x1.6996c172828f9p-1,0x1.70406aba67af9p-1,0x1.588adc5f634afp-1,0x1.58183a06b6f01p-1
HF,SC_088d2e949e6e,Pseudopsis.sulcata complex,0x1.26c940c0de109p-2,0x1.6996c172828f9p-1,0x1.70406aba67af9p-1,0x1.2ed2ddf3c0addp-1,0x1.2e5de35ef3716p-1
HF,SC_088d2e949e6e,Pterostichus.adstrictus,0x1.26c940c0de109p-2,0x1.6996c172828f9p-1,0x1.70406aba67af9p-1,0x1.d2c93cc779482p-1,0x1.d2ac3b828208ap-1
HF,SC_088d2e949e6e,Pterostichus.brevicornis,0x1.26c940c0de109p-2,0x1.6996c172828f9p-1,0x1.70406aba67af9p-1,0x1.41870648acbcdp-1,0x1.41bd1fb5a8c9dp-1
HF,SC_088d2e949e6e,Pterostichus.pensylvanicus,0x1.26c940c0de109p-2,0x1.6996c172828f9p-1,0x1.70406aba67af9p-1,0x1.d2c93cc779482p-1,0x1.d2ac3b828208ap-1
HF,SC_088d2e949e6e,Pterostichus.punctatissimus,0x1.26c940c0de109p-2,0x1.6996c172828f9p-1,0x1.70406aba67af9p-1,0x1.a78a54d29f2d9p-1,0x1.a72640157a9a4p-1
HF,SC_088d2e949e6e,Ptiliid species A.Ptiliid species A,0x1.26c940c0de109p-2,0x1.6996c172828f9p-1,0x1.70406aba67af9p-1,0x1.d2c93cc779482p-1,0x1.d2ac3b828208ap-1
HF,SC_088d2e949e6e,Quedius.labradorensis,0x1.26c940c0de109p-2,0x1.6996c172828f9p-1,0x1.70406aba67af9p-1,0x1.a968fc541aad4p-1,0x1.a90ac09bdc67bp-1
HF,SC_088d2e949e6e,Quedius.rusticus,0x1.26c940c0de109p-2,0x1.6996c172828f9p-1,0x1.70406aba67af9p-1,0x1.3a79c33e4e3dcp-1,0x1.3924e7c50c2dcp-1
HF,SC_088d2e949e6e,Scaphium.castanipes,0x1.26c940c0de109p-2,0x1.6996c172828f9p-1,0x1.70406aba67af9p-1,0x1.a205ccee06961p-1,0x1.a2117eac6ba76p-1
HF,SC_088d2e949e6e,Sericus.incongruus,0x1.26c940c0de109p-2,0x1.6996c172828f9p-1,0x1.70406aba67af9p-1,0x1.2af293518925ap-1,0x1.2a87b0d9daeb8p-1
HF,SC_088d2e949e6e,Setasomus.arata,0x1.26c940c0de109p-2,0x1.6996c172828f9p-1,0x1.70406aba67af9p-1,0x1.3b52839d7d274p-1,0x1.39ecc9af4bc95p-1
HF,SC_088d2e949e6e,Setasomus.nitidulus,0x1.26c940c0de109p-2,0x1.6996c172828f9p-1,0x1.70406aba67af9p-1,0x1.41605195b6c9bp-1,0x1.412cd7824a486p-1
HF,SC_088d2e949e6e,Stenichnus.pubipennis,0x1.26c940c0de109p-2,0x1.6996c172828f9p-1,0x1.70406aba67af9p-1,0x1.57df3e4cb5538p-1,0x1.577ab7ea05931p-1
HF,SC_088d2e949e6e,Stenus.,0x1.26c940c0de109p-2,0x1.6996c172828f9p-1,0x1.70406aba67af9p-1,0x1.a78a54d29f2d9p-1,0x1.a72640157a9a4p-1
HF,SC_088d2e949e6e,Syntomus.americanus,0x1.26c940c0de109p-2,0x1.6996c172828f9p-1,0x1.70406aba67af9p-1,0x1.56b102120e457p-1,0x1.5665fc2252713p-1
HF,SC_088d2e949e6e,Synuchus.impunctatus,0x1.26c940c0de109p-2,0x1.6996c172828f9p-1,0x1.70406aba67af9p-1,0x1.d2c93cc779482p-1,0x1.d2ac3b828208ap-1
HF,SC_088d2e949e6e,Tachinus.basalis,0x1.26c940c0de109p-2,0x1.6996c172828f9p-1,0x1.70406aba67af9p-1,0x1.a1a372077c03fp-1,0x1.a1b759302972ep-1
HF,SC_088d2e949e6e,Tachinus.frigidus,0x1.26c940c0de109p-2,0x1.6996c172828f9p-1,0x1.70406aba67af9p-1,0x1.a205ccee06961p-1,0x1.a2117eac6ba76p-1
HF,SC_088d2e949e6e,Tachinus.fumipennis,0x1.26c940c0de109p-2,0x1.6996c172828f9p-1,0x1.70406aba67af9p-1,0x1.6524e7253e2edp-1,0x1.63f67129673dcp-1
HF,SC_088d2e949e6e,Tachinus.quebecensis,0x1.26c940c0de109p-2,0x1.6996c172828f9p-1,0x1.70406aba67af9p-1,0x1.d2c93cc779482p-1,0x1.d2ac3b828208ap-1
HF,SC_088d2e949e6e,Tachyporus.borealis,0x1.26c940c0de109p-2,0x1.6996c172828f9p-1,0x1.70406aba67af9p-1,0x1.a205ccee06961p-1,0x1.a2117eac6ba76p-1
HF,SC_088d2e949e6e,Trachypachus.holmbergi,0x1.26c940c0de109p-2,0x1.6996c172828f9p-1,0x1.70406aba67af9p-1,0x1.34aa5f43be268p-1,0x1.33790d1ccd7e8p-1
HF,SC_088d2e949e6e,Tympanophorus.puncticollis,0x1.26c940c0de109p-2,0x1.6996c172828f9p-1,0x1.70406aba67af9p-1,0x1.56b102120e457p-1,0x1.5665fc2252713p-1
HF,SC_088d2e949e6e,Upis.ceramboides,0x1.26c940c0de109p-2,0x1.6996c172828f9p-1,0x1.70406aba67af9p-1,0x1.2af293518925ap-1,0x1.2a87b0d9daeb8p-1
NH,SC_088d2e949e6e,Acidota.crenata,0x1.655451cca2edap-1,0x1.4e2f0951236ddp-1,0x1.5ca1250cc3dfbp-1,0x1.015d9ba221bcep-1,0x1.035a501118ed7p-1
NH,SC_088d2e949e6e,Acrotrichis.Acrotrichis spp.,0x1.655451cca2edap-1,0x1.4e2f0951236ddp-1,0x1.5ca1250cc3dfbp-1,0x1.84d3d0c9c0bacp-1,0x1.86be58fe34bdep-1
NH,SC_088d2e949e6e,Agathidium.depressum,0x1.655451cca2edap-1,0x1.4e2f0951236ddp-1,0x1.5ca1250cc3dfbp-1,0x1.1133b081aa543p-1,0x1.11de033075e15p-1
NH,SC_088d2e949e6e,Agathidium.exiguum,0x1.655451cca2edap-1,0x1.4e2f0951236ddp-1,0x1.5ca1250cc3dfbp-1,0x1.6b960a359e195p-1,0x1.6c352aa5116e7p-1
NH,SC_088d2e949e6e,Agonum.gratiosum,0x1.655451cca2edap-1,0x1.4e2f0951236ddp-1,0x1.5ca1250cc3dfbp-1,0x1.c2990dc4a511cp-1,0x1.c3838f6fa830ep-1
NH,SC_088d2e949e6e,Agonum.retractum,0x1.655451cca2edap-1,0x1.4e2f0951236ddp-1,0x1.5ca1250cc3dfbp-1,0x1.c2990dc4a511cp-1,0x1.c3838f6fa830ep-1
NH,SC_088d2e949e6e,Agriotes.limosus,0x1.655451cca2edap-1,0x1.4e2f0951236ddp-1,0x1.5ca1250cc3dfbp-1,0x1.302997fb15bf8p-1,0x1.321f352a0ce9ep-1
NH,SC_088d2e949e6e,Aleocharinae,0x1.655451cca2edap-1,0x1.4e2f0951236ddp-1,0x1.5ca1250cc3dfbp-1,0x1.c2990dc4a511cp-1,0x1.c3838f6fa830ep-1
NH,SC_088d2e949e6e,Anisotoma.obsoleta,0x1.655451cca2edap-1,0x1.4e2f0951236ddp-1,0x1.5ca1250cc3dfbp-1,0x1.05a1bd142910bp-1,0x1.0752aaa8a4223p-1
NH,SC_088d2e949e6e,Atomaria.nigricollis,0x1.655451cca2edap-1,0x1.4e2f0951236ddp-1,0x1.5ca1250cc3dfbp-1,0x1.3e687e18f59e1p-1,0x1.3f28f64ff4d7fp-1
NH,SC_088d2e949e6e,Atomaria.parviceps,0x1.655451cca2edap-1,0x1.4e2f0951236ddp-1,0x1.5ca1250cc3dfbp-1,0x1.123e6297bd8d4p-1,0x1.12e49de71956bp-1
NH,SC_088d2e949e6e,Badister.neopulchellus,0x1.655451cca2edap-1,0x1.4e2f0951236ddp-1,0x1.5ca1250cc3dfbp-1,0x1.5f74160a69668p-1,0x1.60eff5302f187p-1
NH,SC_088d2e949e6e,Baeocera.,0x1.655451cca2edap-1,0x1.4e2f0951236ddp-1,0x1.5ca1250cc3dfbp-1,0x1.c2990dc4a511cp-1,0x1.c3838f6fa830ep-1
NH,SC_088d2e949e6e,Bolitobius.cingulatus,0x1.655451cca2edap-1,0x1.4e2f0951236ddp-1,0x1.5ca1250cc3dfbp-1,0x1.551b22618c922p-1,0x1.5780ca3089360p-1
NH,SC_088d2e949e6e,Bolitobius.horni,0x1.655451cca2edap-1,0x1.4e2f0951236ddp-1,0x1.5ca1250cc3dfbp-1,0x1.550441d8a2971p-1,0x1.576c50a7e118ep-1
NH,SC_088d2e949e6e,Caenoscelis.ferruginea,0x1.655451cca2edap-1,0x1.4e2f0951236ddp-1,0x1.5ca1250cc3dfbp-1,0x1.3f6b442972b6ep-1,0x1.4026bb8c7a4bdp-1
NH,SC_088d2e949e6e,Calathus.ingratus,0x1.655451cca2edap-1,0x1.4e2f0951236ddp-1,0x1.5ca1250cc3dfbp-1,0x1.c2990dc4a511cp-1,0x1.c3838f6fa830ep-1
NH,SC_088d2e949e6e,Canifa.pallipes,0x1.655451cca2edap-1,0x1.4e2f0951236ddp-1,0x1.5ca1250cc3dfbp-1,0x1.342f88e030b5bp-1,0x1.35cb589a8448cp-1
NH,SC_088d2e949e6e,Carabus.chamissonis,0x1.655451cca2edap-1,0x1.4e2f0951236ddp-1,0x1.5ca1250cc3dfbp-1,0x1.14bef91325571p-1,0x1.155097be1bdcfp-1
NH,SC_088d2e949e6e,Carabus.taedatus,0x1.655451cca2edap-1,0x1.4e2f0951236ddp-1,0x1.5ca1250cc3dfbp-1,0x1.61025371fffe4p-1,0x1.626aba70622acp-1
NH,SC_088d2e949e6e,Carcinocephalus.exsculpta,0x1.655451cca2edap-1,0x1.4e2f0951236ddp-1,0x1.5ca1250cc3dfbp-1,0x1.550441d8a2971p-1,0x1.576c50a7e118ep-1
NH,SC_088d2e949e6e,Cercyon.minusculus,0x1.655451cca2edap-1,0x1.4e2f0951236ddp-1,0x1.5ca1250cc3dfbp-1,0x1.c2990dc4a511cp-1,0x1.c3838f6fa830ep-1
NH,SC_088d2e949e6e,Cis.Cis Species A,0x1.655451cca2edap-1,0x1.4e2f0951236ddp-1,0x1.5ca1250cc3dfbp-1,0x1.5cc24600eed2ap-1,0x1.5e7c3181a6966p-1
NH,SC_088d2e949e6e,Clambus.pubescens,0x1.655451cca2edap-1,0x1.4e2f0951236ddp-1,0x1.5ca1250cc3dfbp-1,0x1.05a1bd142910bp-1,0x1.0752aaa8a4223p-1
NH,SC_088d2e949e6e,Corticaria.,0x1.655451cca2edap-1,0x1.4e2f0951236ddp-1,0x1.5ca1250cc3dfbp-1,0x1.c2990dc4a511cp-1,0x1.c3838f6fa830ep-1
NH,SC_088d2e949e6e,Cortinicara.gibbosa,0x1.655451cca2edap-1,0x1.4e2f0951236ddp-1,0x1.5ca1250cc3dfbp-1,0x1.c2990dc4a511cp-1,0x1.c3838f6fa830ep-1
NH,SC_088d2e949e6e,Cryptophagus.Crypto Species B,0x1.655451cca2edap-1,0x1.4e2f0951236ddp-1,0x1.5ca1250cc3dfbp-1,0x1.3f94bef6d3da0p-1,0x1.403bef4f78f65p-1
NH,SC_088d2e949e6e,Cryptophagus.difficilis,0x1.655451cca2edap-1,0x1.4e2f0951236ddp-1,0x1.5ca1250cc3dfbp-1,0x1.c2990dc4a511cp-1,0x1.c3838f6fa830ep-1
NH,SC_088d2e949e6e,Cymindis.cribricollis,0x1.655451cca2edap-1,0x1.4e2f0951236ddp-1,0x1.5ca1250cc3dfbp-1,0x1.342f88e030b5bp-1,0x1.35cb589a8448cp-1
NH,SC_088d2e949e6e,Herthania.concinnus,0x1.655451cca2edap-1,0x1.4e2f0951236ddp-1,0x1.5ca1250cc3dfbp-1,0x1.1496e054aee88p-1,0x1.152c74b7c44aep-1
NH,SC_088d2e949e6e,Ellychnia.corrusca,0x1.655451cca2edap-1,0x1.4e2f0951236ddp-1,0x1.5ca1250cc3dfbp-1,0x1.c2990dc4a511cp-1,0x1.c3838f6fa830ep-1
NH,SC_088d2e949e6e,Epuraea.planulata,0x1.655451cca2edap-1,0x1.4e2f0951236ddp-1,0x1.5ca1250cc3dfbp-1,0x1.5cc24600eed2ap-1,0x1.5e7c3181a6966p-1
NH,SC_088d2e949e6e,Epuraea.truncatella,0x1.655451cca2edap-1,0x1.4e2f0951236ddp-1,0x1.5ca1250cc3dfbp-1,0x1.1c4e61c905c25p-1,0x1.1de9a21f03225p-1
NH,SC_088d2e949e6e,Eucinetus.haemorrhoidalis,0x1.655451cca2edap-1,0x1.4e2f0951236ddp-1,0x1.5ca1250cc3dfbp-1,0x1.8db0c896f5195p-1,0x1.8ecdb448d40c0p-1
NH,SC_088d2e949e6e,Glischrochilus.siepmanni,0x1.655451cca2edap-1,0x1.4e2f0951236ddp-1,0x1.5ca1250cc3dfbp-1,0x1.302997fb15bf8p-1,0x1.321f352a0ce9ep-1
NH,SC_088d2e949e6e,Habrocerus.schwarzi,0x1.655451cca2edap-1,0x1.4e2f0951236ddp-1,0x1.5ca1250cc3dfbp-1,0x1.302997fb15bf8p-1,0x1.321f352a0ce9ep-1
NH,SC_088d2e949e6e,Harpalus.fulvilabris,0x1.655451cca2edap-1,0x1.4e2f0951236ddp-1,0x1.5ca1250cc3dfbp-1,0x1.04bdb963050c6p-1,0x1.067016825c915p-1
NH,SC_088d2e949e6e,Hemicoelus.umbrosus,0x1.655451cca2edap-1,0x1.4e2f0951236ddp-1,0x1.5ca1250cc3dfbp-1,0x1.14bef91325571p-1,0x1.155097be1bdcfp-1
NH,SC_088d2e949e6e,Henotiderus.centromaculatus,0x1.655451cca2edap-1,0x1.4e2f0951236ddp-1,0x1.5ca1250cc3dfbp-1,0x1.11105f732d058p-1,0x1.11cf4fe95a69bp-1
NH,SC_088d2e949e6e,Hylobius.congener,0x1.655451cca2edap-1,0x1.4e2f0951236ddp-1,0x1.5ca1250cc3dfbp-1,0x1.04bdb963050c6p-1,0x1.067016825c915p-1
NH,SC_088d2e949e6e,Hymenorus.niger,0x1.655451cca2edap-1,0x1.4e2f0951236ddp-1,0x1.5ca1250cc3dfbp-1,0x1.14bef91325571p-1,0x1.155097be1bdcfp-1
NH,SC_088d2e949e6e,Hypnoidus.bicolor,0x1.655451cca2edap-1,0x1.4e2f0951236ddp-1,0x1.5ca1250cc3dfbp-1,0x1.5f74160a69668p-1,0x1.60eff5302f187p-1
NH,SC_088d2e949e6e,Ischnosoma.fimbriatum,0x1.655451cca2edap-1,0x1.4e2f0951236ddp-1,0x1.5ca1250cc3dfbp-1,0x1.c2990dc4a511cp-1,0x1.c3838f6fa830ep-1
NH,SC_088d2e949e6e,Ischnosoma.pictum,0x1.655451cca2edap-1,0x1.4e2f0951236ddp-1,0x1.5ca1250cc3dfbp-1,0x1.c2990dc4a511cp-1,0x1.c3838f6fa830ep-1
NH,SC_088d2e949e6e,Ischnosoma.splendidum,0x1.655451cca2edap-1,0x1.4e2f0951236ddp-1,0x1.5ca1250cc3dfbp-1,0x1.c2990dc4a511cp-1,0x1.c3838f6fa830ep-1
NH,SC_088d2e949e6e,Latridius.minutus,0x1.655451cca2edap-1,0x1.4e2f0951236ddp-1,0x1.5ca1250cc3dfbp-1,0x1.c2990dc4a511cp-1,0x1.c3838f6fa830ep-1
NH,SC_088d2e949e6e,Leiodes.punctostriata,0x1.655451cca2edap-1,0x1.4e2f0951236ddp-1,0x1.5ca1250cc3dfbp-1,0x1.334362e342805p-1,0x1.34f30e0e38221p-1
NH,SC_088d2e949e6e,Leiodes.rufipes,0x1.655451cca2edap-1,0x1.4e2f0951236ddp-1,0x1.5ca1250cc3dfbp-1,0x1.110e7a309ac07p-1,0x1.11bc79ec9a0fcp-1
NH,SC_088d2e949e6e,Limonius.aeger,0x1.655451cca2edap-1,0x1.4e2f0951236ddp-1,0x1.5ca1250cc3dfbp-1,0x1.14bef91325571p-1,0x1.155097be1bdcfp-1
NH,SC_088d2e949e6e,Lordithon.fungicola,0x1.655451cca2edap-1,0x1.4e2f0951236ddp-1,0x1.5ca1250cc3dfbp-1,0x1.85769cf106668p-1,0x1.8752063af0efbp-1
NH,SC_088d2e949e6e,Lordithon.kelleyi,0x1.655451cca2edap-1,0x1.4e2f0951236ddp-1,0x1.5ca1250cc3dfbp-1,0x1.14bef91325571p-1,0x1.155097be1bdcfp-1
NH,SC_088d2e949e6e,Megarthrus.,0x1.655451cca2edap-1,0x1.4e2f0951236ddp-1,0x1.5ca1250cc3dfbp-1,0x1.c2990dc4a511cp-1,0x1.c3838f6fa830ep-1
NH,SC_088d2e949e6e,Melanophthalma.helvola-villosa type,0x1.655451cca2edap-1,0x1.4e2f0951236ddp-1,0x1.5ca1250cc3dfbp-1,0x1.c2990dc4a511cp-1,0x1.c3838f6fa830ep-1
NH,SC_088d2e949e6e,Melanophthalma.pumila,0x1.655451cca2edap-1,0x1.4e2f0951236ddp-1,0x1.5ca1250cc3dfbp-1,0x1.c2990dc4a511cp-1,0x1.c3838f6fa830ep-1
NH,SC_088d2e949e6e,Mycetoporus.consors,0x1.655451cca2edap-1,0x1.4e2f0951236ddp-1,0x1.5ca1250cc3dfbp-1,0x1.550441d8a2971p-1,0x1.576c50a7e118ep-1
NH,SC_088d2e949e6e,Mycetoporus.nigrans,0x1.655451cca2edap-1,0x1.4e2f0951236ddp-1,0x1.5ca1250cc3dfbp-1,0x1.1496e054aee88p-1,0x1.152c74b7c44aep-1
NH,SC_088d2e949e6e,Nassipa.hoppingi,0x1.655451cca2edap-1,0x1.4e2f0951236ddp-1,0x1.5ca1250cc3dfbp-1,0x1.1c4e61c905c25p-1,0x1.1de9a21f03225p-1
NH,SC_088d2e949e6e,Neohypdonus.tumescens,0x1.655451cca2edap-1,0x1.4e2f0951236ddp-1,0x1.5ca1250cc3dfbp-1,0x1.84d3d0c9c0bacp-1,0x1.86be58fe34bdep-1
NH,SC_088d2e949e6e,Notiophilus.semistriatus,0x1.655451cca2edap-1,0x1.4e2f0951236ddp-1,0x1.5ca1250cc3dfbp-1,0x1.04bdb963050c6p-1,0x1.067016825c915p-1
NH,SC_088d2e949e6e,Nycteus.testaceus,0x1.655451cca2edap-1,0x1.4e2f0951236ddp-1,0x1.5ca1250cc3dfbp-1,0x1.1c4e61c905c25p-1,0x1.1de9a21f03225p-1
NH,SC_088d2e949e6e,Ontholestes.cingulatus,0x1.655451cca2edap-1,0x1.4e2f0951236ddp-1,0x1.5ca1250cc3dfbp-1,0x1.302997fb15bf8p-1,0x1.321f352a0ce9ep-1
NH,SC_088d2e949e6e,Orthocis.punctatus,0x1.655451cca2edap-1,0x1.4e2f0951236ddp-1,0x1.5ca1250cc3dfbp-1,0x1.312aa0087a00bp-1,0x1.330a12d8fce27p-1
NH,SC_088d2e949e6e,Otiorhynchus.ovatus,0x1.655451cca2edap-1,0x1.4e2f0951236ddp-1,0x1.5ca1250cc3dfbp-1,0x1.84d3d0c9c0bacp-1,0x1.86be58fe34bdep-1
NH,SC_088d2e949e6e,Oxytelus.laqueatus,0x1.655451cca2edap-1,0x1.4e2f0951236ddp-1,0x1.5ca1250cc3dfbp-1,0x1.409e68a8d867ap-1,0x1.414006eacfbcep-1
NH,SC_088d2e949e6e,Pediacus.fuscus,0x1.655451cca2edap-1,0x1.4e2f0951236ddp-1,0x1.5ca1250cc3dfbp-1,0x1.418bf381fdf33p-1,0x1.4238e91761cb8p-1
NH,SC_088d2e949e6e,Peltis.septentrionalis,0x1.655451cca2edap-1,0x1.4e2f0951236ddp-1,0x1.5ca1250cc3dfbp-1,0x1.12648df36e963p-1,0x1.1307040fa7076p-1
NH,SC_088d2e949e6e,Philonthus.caeruleipennis,0x1.655451cca2edap-1,0x1.4e2f0951236ddp-1,0x1.5ca1250cc3dfbp-1,0x1.84d3d0c9c0bacp-1,0x1.86be58fe34bdep-1
NH,SC_088d2e949e6e,Phyllobaenus.humeralis,0x1.655451cca2edap-1,0x1.4e2f0951236ddp-1,0x1.5ca1250cc3dfbp-1,0x1.015d9ba221bcep-1,0x1.035a501118ed7p-1
NH,SC_088d2e949e6e,Phyllotreta.Phyllotreta Species A,0x1.655451cca2edap-1,0x1.4e2f0951236ddp-1,0x1.5ca1250cc3dfbp-1,0x1.0fe7fce535821p-1,0x1.10ae1493be7e5p-1
NH,SC_088d2e949e6e,Phyllotreta.striolata,0x1.655451cca2edap-1,0x1.4e2f0951236ddp-1,0x1.5ca1250cc3dfbp-1,0x1.344d51e5c8473p-1,0x1.35e61fa96684ap-1
NH,SC_088d2e949e6e,Platynus.decentis,0x1.655451cca2edap-1,0x1.4e2f0951236ddp-1,0x1.5ca1250cc3dfbp-1,0x1.c2990dc4a511cp-1,0x1.c3838f6fa830ep-1
NH,SC_088d2e949e6e,Poecilus.lucublandus,0x1.655451cca2edap-1,0x1.4e2f0951236ddp-1,0x1.5ca1250cc3dfbp-1,0x1.1496e054aee88p-1,0x1.152c74b7c44aep-1
NH,SC_088d2e949e6e,Proteinus.limbatus,0x1.655451cca2edap-1,0x1.4e2f0951236ddp-1,0x1.5ca1250cc3dfbp-1,0x1.c2990dc4a511cp-1,0x1.c3838f6fa830ep-1
NH,SC_088d2e949e6e,Pselaphus.bellax,0x1.655451cca2edap-1,0x1.4e2f0951236ddp-1,0x1.5ca1250cc3dfbp-1,0x1.302997fb15bf8p-1,0x1.321f352a0ce9ep-1
NH,SC_088d2e949e6e,Pseudanostirus.triundulatus,0x1.655451cca2edap-1,0x1.4e2f0951236ddp-1,0x1.5ca1250cc3dfbp-1,0x1.35182113485fap-1,0x1.36b09ac36e669p-1
NH,SC_088d2e949e6e,Pseudopsis.sulcata complex,0x1.655451cca2edap-1,0x1.4e2f0951236ddp-1,0x1.5ca1250cc3dfbp-1,0x1.015d9ba221bcep-1,0x1.035a501118ed7p-1
NH,SC_088d2e949e6e,Pterostichus.adstrictus,0x1.655451cca2edap-1,0x1.4e2f0951236ddp-1,0x1.5ca1250cc3dfbp-1,0x1.c2990dc4a511cp-1,0x1.c3838f6fa830ep-1
NH,SC_088d2e949e6e,Pterostichus.brevicornis,0x1.655451cca2edap-1,0x1.4e2f0951236ddp-1,0x1.5ca1250cc3dfbp-1,0x1.1c4e61c905c25p-1,0x1.1de9a21f03225p-1
NH,SC_088d2e949e6e,Pterostichus.pensylvanicus,0x1.655451cca2edap-1,0x1.4e2f0951236ddp-1,0x1.5ca1250cc3dfbp-1,0x1.c2990dc4a511cp-1,0x1.c3838f6fa830ep-1
NH,SC_088d2e949e6e,Pterostichus.punctatissimus,0x1.655451cca2edap-1,0x1.4e2f0951236ddp-1,0x1.5ca1250cc3dfbp-1,0x1.8e2af9db8975fp-1,0x1.8f49808ef6239p-1
NH,SC_088d2e949e6e,Ptiliid species A.Ptiliid species A,0x1.655451cca2edap-1,0x1.4e2f0951236ddp-1,0x1.5ca1250cc3dfbp-1,0x1.c2990dc4a511cp-1,0x1.c3838f6fa830ep-1
NH,SC_088d2e949e6e,Quedius.labradorensis,0x1.655451cca2edap-1,0x1.4e2f0951236ddp-1,0x1.5ca1250cc3dfbp-1,0x1.8b9508597f7e7p-1,0x1.8ce356c0b42c5p-1
NH,SC_088d2e949e6e,Quedius.rusticus,0x1.655451cca2edap-1,0x1.4e2f0951236ddp-1,0x1.5ca1250cc3dfbp-1,0x1.11105f732d058p-1,0x1.11cf4fe95a69bp-1
NH,SC_088d2e949e6e,Scaphium.castanipes,0x1.655451cca2edap-1,0x1.4e2f0951236ddp-1,0x1.5ca1250cc3dfbp-1,0x1.85769cf106668p-1,0x1.8752063af0efbp-1
NH,SC_088d2e949e6e,Sericus.incongruus,0x1.655451cca2edap-1,0x1.4e2f0951236ddp-1,0x1.5ca1250cc3dfbp-1,0x1.05a1bd142910bp-1,0x1.0752aaa8a4223p-1
NH,SC_088d2e949e6e,Setasomus.arata,0x1.655451cca2edap-1,0x1.4e2f0951236ddp-1,0x1.5ca1250cc3dfbp-1,0x1.123e6297bd8d4p-1,0x1.12e49de71956bp-1
NH,SC_088d2e949e6e,Setasomus.nitidulus,0x1.655451cca2edap-1,0x1.4e2f0951236ddp-1,0x1.5ca1250cc3dfbp-1,0x1.1be3ea1e5b36ep-1,0x1.1d2dd5d91a4f7p-1
NH,SC_088d2e949e6e,Stenichnus.pubipennis,0x1.655451cca2edap-1,0x1.4e2f0951236ddp-1,0x1.5ca1250cc3dfbp-1,0x1.3408c622528e7p-1,0x1.35b896b7c0474p-1
NH,SC_088d2e949e6e,Stenus.,0x1.655451cca2edap-1,0x1.4e2f0951236ddp-1,0x1.5ca1250cc3dfbp-1,0x1.8e2af9db8975fp-1,0x1.8f49808ef6239p-1
NH,SC_088d2e949e6e,Syntomus.americanus,0x1.655451cca2edap-1,0x1.4e2f0951236ddp-1,0x1.5ca1250cc3dfbp-1,0x1.334362e342805p-1,0x1.34f30e0e38221p-1
NH,SC_088d2e949e6e,Synuchus.impunctatus,0x1.655451cca2edap-1,0x1.4e2f0951236ddp-1,0x1.5ca1250cc3dfbp-1,0x1.c2990dc4a511cp-1,0x1.c3838f6fa830ep-1
NH,SC_088d2e949e6e,Tachinus.basalis,0x1.655451cca2edap-1,0x1.4e2f0951236ddp-1,0x1.5ca1250cc3dfbp-1,0x1.84d3d0c9c0bacp-1,0x1.86be58fe34bdep-1
NH,SC_088d2e949e6e,Tachinus.frigidus,0x1.655451cca2edap-1,0x1.4e2f0951236ddp-1,0x1.5ca1250cc3dfbp-1,0x1.85769cf106668p-1,0x1.8752063af0efbp-1
NH,SC_088d2e949e6e,Tachinus.fumipennis,0x1.655451cca2edap-1,0x1.4e2f0951236ddp-1,0x1.5ca1250cc3dfbp-1,0x1.3e89c41353e98p-1,0x1.3f46ed2d21af8p-1
NH,SC_088d2e949e6e,Tachinus.quebecensis,0x1.655451cca2edap-1,0x1.4e2f0951236ddp-1,0x1.5ca1250cc3dfbp-1,0x1.c2990dc4a511cp-1,0x1.c3838f6fa830ep-1
NH,SC_088d2e949e6e,Tachyporus.borealis,0x1.655451cca2edap-1,0x1.4e2f0951236ddp-1,0x1.5ca1250cc3dfbp-1,0x1.85769cf106668p-1,0x1.8752063af0efbp-1
NH,SC_088d2e949e6e,Trachypachus.holmbergi,0x1.655451cca2edap-1,0x1.4e2f0951236ddp-1,0x1.5ca1250cc3dfbp-1,0x1.1359b972f7257p-1,0x1.14093e949069ap-1
NH,SC_088d2e949e6e,Tympanophorus.puncticollis,0x1.655451cca2edap-1,0x1.4e2f0951236ddp-1,0x1.5ca1250cc3dfbp-1,0x1.334362e342805p-1,0x1.34f30e0e38221p-1
NH,SC_088d2e949e6e,Upis.ceramboides,0x1.655451cca2edap-1,0x1.4e2f0951236ddp-1,0x1.5ca1250cc3dfbp-1,0x1.05a1bd142910bp-1,0x1.0752aaa8a4223p-1
EB,SC_cfba9de3e226,Acidota.crenata,0x1.c945aa5d6bbcep-2,0x1.4e5e36acbd194p-1,0x1.56c111752201ap-1,0x1.20706fb9acc00p-1,0x1.272c306096925p-1
EB,SC_cfba9de3e226,Acrotrichis.Acrotrichis spp.,0x1.c945aa5d6bbcep-2,0x1.4e5e36acbd194p-1,0x1.56c111752201ap-1,0x1.a56adbabefcd7p-1,0x1.a623206a9385bp-1
EB,SC_cfba9de3e226,Agathidium.depressum,0x1.c945aa5d6bbcep-2,0x1.4e5e36acbd194p-1,0x1.56c111752201ap-1,0x1.206a37102ac71p-1,0x1.27289e0f576dcp-1
EB,SC_cfba9de3e226,Agathidium.exiguum,0x1.c945aa5d6bbcep-2,0x1.4e5e36acbd194p-1,0x1.56c111752201ap-1,0x1.7bece0107646ep-1,0x1.7d1b7f73d0d66p-1
EB,SC_cfba9de3e226,Agonum.gratiosum,0x1.c945aa5d6bbcep-2,0x1.4e5e36acbd194p-1,0x1.56c111752201ap-1,0x1.d53856abe87ffp-1,0x1.d56b48c43da1fp-1
EB,SC_cfba9de3e226,Agonum.retractum,0x1.c945aa5d6bbcep-2,0x1.4e5e36acbd194p-1,0x1.56c111752201ap-1,0x1.d53856abe87ffp-1,0x1.d56b48c43da1fp-1
EB,SC_cfba9de3e226,Agriotes.limosus,0x1.c945aa5d6bbcep-2,0x1.4e5e36acbd194p-1,0x1.56c111752201ap-1,0x1.5093c8655efa7p-1,0x1.56805da99429ep-1
EB,SC_cfba9de3e226,Aleocharinae,0x1.c945aa5d6bbcep-2,0x1.4e5e36acbd194p-1,0x1.56c111752201ap-1,0x1.d53856abe87ffp-1,0x1.d56b48c43da1fp-1
EB,SC_cfba9de3e226,Anisotoma.obsoleta,0x1.c945aa5d6bbcep-2,0x1.4e5e36acbd194p-1,0x1.56c111752201ap-1,0x1.218719ecc794ep-1,0x1.237f1209fbe1dp-1
EB,SC_cfba9de3e226,Atomaria.nigricollis,0x1.c945aa5d6bbcep-2,0x1.4e5e36acbd194p-1,0x1.56c111752201ap-1,0x1.508cfb1e1d7e1p-1,0x1.567c3e17e9d03p-1
EB,SC_cfba9de3e226,Atomaria.parviceps,0x1.c945aa5d6bbcep-2,0x1.4e5e36acbd194p-1,0x1.56c111752201ap-1,0x1.206554eb75d94p-1,0x1.275d831ba625ep-1
EB,SC_cfba9de3e226,Badister.neopulchellus,0x1.c945aa5d6bbcep-2,0x1.4e5e36acbd194p-1,0x1.56c111752201ap-1,0x1.7be97e8cbf230p-1,0x1.7d179208e7b73p-1
EB,SC_cfba9de3e226,Baeocera.,0x1.c945aa5d6bbcep-2,0x1.4e5e36acbd194p-1,0x1.56c111752201ap-1,0x1.d53856abe87ffp-1,0x1.d56b48c43da1fp-1
EB,SC_cfba9de3e226,Bolitobius.cingulatus,0x1.c945aa5d6bbcep-2,0x1.4e5e36acbd194p-1,0x1.56c111752201ap-1,0x1.7be73576ee976p-1,0x1.7d14bfe94917ap-1
EB,SC_cfba9de3e226,Bolitobius.horni,0x1.c945aa5d6bbcep-2,0x1.4e5e36acbd194p-1,0x1.56c111752201ap-1,0x1.7be64220e4e0dp-1,0x1.7d13fb49d85f9p-1
EB,SC_cfba9de3e226,Caenoscelis.ferruginea,0x1.c945aa5d6bbcep-2,0x1.4e5e36acbd194p-1,0x1.56c111752201ap-1,0x1.508999f6a09eep-1,0x1.56ad168f81469p-1
EB,SC_cfba9de3e226,Calathus.ingratus,0x1.c945aa5d6bbcep-2,0x1.4e5e36acbd194p-1,0x1.56c111752201ap-1,0x1.d53856abe87ffp-1,0x1.d56b48c43da1fp-1
EB,SC_cfba9de3e226,Canifa.pallipes,0x1.c945aa5d6bbcep-2,0x1.4e5e36acbd194p-1,0x1.56c111752201ap-1,0x1.517f16b922ec4p-1,0x1.531892c2d4f8fp-1
EB,SC_cfba9de3e226,Carabus.chamissonis,0x1.c945aa5d6bbcep-2,0x1.4e5e36acbd194p-1,0x1.56c111752201ap-1,0x1.2180ec9a29244p-1,0x1.237b817b53eb2p-1
EB,SC_cfba9de3e226,Carabus.taedatus,0x1.c945aa5d6bbcep-2,0x1.4e5e36acbd194p-1,0x1.56c111752201ap-1,0x1.7be9a3866e698p-1,0x1.7d17e87679231p-1
EB,SC_cfba9de3e226,Carcinocephalus.exsculpta,0x1.c945aa5d6bbcep-2,0x1.4e5e36acbd194p-1,0x1.56c111752201ap-1,0x1.7be64220e4e0dp-1,0x1.7d13fb49d85f9p-1
EB,SC_cfba9de3e226,Cercyon.minusculus,0x1.c945aa5d6bbcep-2,0x1.4e5e36acbd194p-1,0x1.56c111752201ap-1,0x1.d53856abe87ffp-1,0x1.d56b48c43da1fp-1
EB,SC_cfba9de3e226,Cis.Cis Species A,0x1.c945aa5d6bbcep-2,0x1.4e5e36acbd194p-1,0x1.56c111752201ap-1,0x1.7b174be528b39p-1,0x1.7ff41d57d4b87p-1
EB,SC_cfba9de3e226,Clambus.pubescens,0x1.c945aa5d6bbcep-2,0x1.4e5e36acbd194p-1,0x1.56c111752201ap-1,0x1.218719ecc794ep-1,0x1.237f1209fbe1dp-1
EB,SC_cfba9de3e226,Corticaria.,0x1.c945aa5d6bbcep-2,0x1.4e5e36acbd194p-1,0x1.56c111752201ap-1,0x1.d53856abe87ffp-1,0x1.d56b48c43da1fp-1
EB,SC_cfba9de3e226,Cortinicara.gibbosa,0x1.c945aa5d6bbcep-2,0x1.4e5e36acbd194p-1,0x1.56c111752201ap-1,0x1.d53856abe87ffp-1,0x1.d56b48c43da1fp-1
EB,SC_cfba9de3e226,Cryptophagus.Crypto Species B,0x1.c945aa5d6bbcep-2,0x1.4e5e36acbd194p-1,0x1.56c111752201ap-1,0x1.50837650b7767p-1,0x1.5674cebf48bfap-1
EB,SC_cfba9de3e226,Cryptophagus.difficilis,0x1.c945aa5d6bbcep-2,0x1.4e5e36acbd194p-1,0x1.56c111752201ap-1,0x1.d53856abe87ffp-1,0x1.d56b48c43da1fp-1
EB,SC_cfba9de3e226,Cymindis.cribricollis,0x1.c945aa5d6bbcep-2,0x1.4e5e36acbd194p-1,0x1.56c111752201ap-1,0x1.517f16b922ec4p-1,0x1.531892c2d4f8fp-1
EB,SC_cfba9de3e226,Herthania.concinnus,0x1.c945aa5d6bbcep-2,0x1.4e5e36acbd194p-1,0x1.56c111752201ap-1,0x1.217fb1267d006p-1,0x1.237a81a75ab1fp-1
EB,SC_cfba9de3e226,Ellychnia.corrusca,0x1.c945aa5d6bbcep-2,0x1.4e5e36acbd194p-1,0x1.56c111752201ap-1,0x1.d53856abe87ffp-1,0x1.d56b48c43da1fp-1
EB,SC_cfba9de3e226,Epuraea.planulata,0x1.c945aa5d6bbcep-2,0x1.4e5e36acbd194p-1,0x1.56c111752201ap-1,0x1.7b174be528b39p-1,0x1.7ff41d57d4b87p-1
EB,SC_cfba9de3e226,Epuraea.truncatella,0x1.c945aa5d6bbcep-2,0x1.4e5e36acbd194p-1,0x1.56c111752201ap-1,0x1.205f1bf25ee51p-1,0x1.2cf7f414fbbbcp-1
EB,SC_cfba9de3e226,Eucinetus.haemorrhoidalis,0x1.c945aa5d6bbcep-2,0x1.4e5e36acbd194p-1,0x1.56c111752201ap-1,0x1.a5674038e41e4p-1,0x1.a621109a2d194p-1
EB,SC_cfba9de3e226,Glischrochilus.siepmanni,0x1.c945aa5d6bbcep-2,0x1.4e5e36acbd194p-1,0x1.56c111752201ap-1,0x1.5093c8655efa7p-1,0x1.56805da99429ep-1
EB,SC_cfba9de3e226,Habrocerus.schwarzi,0x1.c945aa5d6bbcep-2,0x1.4e5e36acbd194p-1,0x1.56c111752201ap-1,0x1.5093c8655efa7p-1,0x1.56805da99429ep-1
EB,SC_cfba9de3e226,Harpalus.fulvilabris,0x1.c945aa5d6bbcep-2,0x1.4e5e36acbd194p-1,0x1.56c111752201ap-1,0x1.217c8ade6e28bp-1,0x1.2376694f406f6p-1
EB,SC_cfba9de3e226,Hemicoelus.umbrosus,0x1.c945aa5d6bbcep-2,0x1.4e5e36acbd194p-1,0x1.56c111752201ap-1,0x1.2180ec9a29244p-1,0x1.237b817b53eb2p-1
EB,SC_cfba9de3e226,Henotiderus.centromaculatus,0x1.c945aa5d6bbcep-2,0x1.4e5e36acbd194p-1,0x1.56c111752201ap-1,0x1.204e09c79f6c2p-1,0x1.26f5c03f87abbp-1
EB,SC_cfba9de3e226,Hylobius.congener,0x1.c945aa5d6bbcep-2,0x1.4e5e36acbd194p-1,0x1.56c111752201ap-1,0x1.217c8ade6e28bp-1,0x1.2376694f406f6p-1
EB,SC_cfba9de3e226,Hymenorus.niger,0x1.c945aa5d6bbcep-2,0x1.4e5e36acbd194p-1,0x1.56c111752201ap-1,0x1.2180ec9a29244p-1,0x1.237b817b53eb2p-1
EB,SC_cfba9de3e226,Hypnoidus.bicolor,0x1.c945aa5d6bbcep-2,0x1.4e5e36acbd194p-1,0x1.56c111752201ap-1,0x1.7be97e8cbf230p-1,0x1.7d179208e7b73p-1
EB,SC_cfba9de3e226,Ischnosoma.fimbriatum,0x1.c945aa5d6bbcep-2,0x1.4e5e36acbd194p-1,0x1.56c111752201ap-1,0x1.d53856abe87ffp-1,0x1.d56b48c43da1fp-1
EB,SC_cfba9de3e226,Ischnosoma.pictum,0x1.c945aa5d6bbcep-2,0x1.4e5e36acbd194p-1,0x1.56c111752201ap-1,0x1.d53856abe87ffp-1,0x1.d56b48c43da1fp-1
EB,SC_cfba9de3e226,Ischnosoma.splendidum,0x1.c945aa5d6bbcep-2,0x1.4e5e36acbd194p-1,0x1.56c111752201ap-1,0x1.d53856abe87ffp-1,0x1.d56b48c43da1fp-1
EB,SC_cfba9de3e226,Latridius.minutus,0x1.c945aa5d6bbcep-2,0x1.4e5e36acbd194p-1,0x1.56c111752201ap-1,0x1.d53856abe87ffp-1,0x1.d56b48c43da1fp-1
EB,SC_cfba9de3e226,Leiodes.punctostriata,0x1.c945aa5d6bbcep-2,0x1.4e5e36acbd194p-1,0x1.56c111752201ap-1,0x1.5189a4efa41a7p-1,0x1.5320f121ec936p-1
EB,SC_cfba9de3e226,Leiodes.rufipes,0x1.c945aa5d6bbcep-2,0x1.4e5e36acbd194p-1,0x1.56c111752201ap-1,0x1.2068f95987525p-1,0x1.27279dc8c9f27p-1
EB,SC_cfba9de3e226,Limonius.aeger,0x1.c945aa5d6bbcep-2,0x1.4e5e36acbd194p-1,0x1.56c111752201ap-1,0x1.2180ec9a29244p-1,0x1.237b817b53eb2p-1
EB,SC_cfba9de3e226,Lordithon.fungicola,0x1.c945aa5d6bbcep-2,0x1.4e5e36acbd194p-1,0x1.56c111752201ap-1,0x1.a564cd1756e9fp-1,0x1.a61e58757a9a1p-1
EB,SC_cfba9de3e226,Lordithon.kelleyi,0x1.c945aa5d6bbcep-2,0x1.4e5e36acbd194p-1,0x1.56c111752201ap-1,0x1.2180ec9a29244p-1,0x1.237b817b53eb2p-1
EB,SC_cfba9de3e226,Megarthrus.,0x1.c945aa5d6bbcep-2,0x1.4e5e36acbd194p-1,0x1.56c111752201ap-1,0x1.d53856abe87ffp-1,0x1.d56b48c43da1fp-1
EB,SC_cfba9de3e226,Melanophthalma.helvola-villosa type,0x1.c945aa5d6bbcep-2,0x1.4e5e36acbd194p-1,0x1.56c111752201ap-1,0x1.d53856abe87ffp-1,0x1.d56b48c43da1fp-1
EB,SC_cfba9de3e226,Melanophthalma.pumila,0x1.c945aa5d6bbcep-2,0x1.4e5e36acbd194p-1,0x1.56c111752201ap-1,0x1.d53856abe87ffp-1,0x1.d56b48c43da1fp-1
EB,SC_cfba9de3e226,Mycetoporus.consors,0x1.c945aa5d6bbcep-2,0x1.4e5e36acbd194p-1,0x1.56c111752201ap-1,0x1.7be64220e4e0dp-1,0x1.7d13fb49d85f9p-1
EB,SC_cfba9de3e226,Mycetoporus.nigrans,0x1.c945aa5d6bbcep-2,0x1.4e5e36acbd194p-1,0x1.56c111752201ap-1,0x1.217fb1267d006p-1,0x1.237a81a75ab1fp-1
EB,SC_cfba9de3e226,Nassipa.hoppingi,0x1.c945aa5d6bbcep-2,0x1.4e5e36acbd194p-1,0x1.56c111752201ap-1,0x1.205f1bf25ee51p-1,0x1.2cf7f414fbbbcp-1
EB,SC_cfba9de3e226,Neohypdonus.tumescens,0x1.c945aa5d6bbcep-2,0x1.4e5e36acbd194p-1,0x1.56c111752201ap-1,0x1.a56adbabefcd7p-1,0x1.a623206a9385bp-1
EB,SC_cfba9de3e226,Notiophilus.semistriatus,0x1.c945aa5d6bbcep-2,0x1.4e5e36acbd194p-1,0x1.56c111752201ap-1,0x1.217c8ade6e28bp-1,0x1.2376694f406f6p-1
EB,SC_cfba9de3e226,Nycteus.testaceus,0x1.c945aa5d6bbcep-2,0x1.4e5e36acbd194p-1,0x1.56c111752201ap-1,0x1.205f1bf25ee51p-1,0x1.2cf7f414fbbbcp-1
EB,SC_cfba9de3e226,Ontholestes.cingulatus,0x1.c945aa5d6bbcep-2,0x1.4e5e36acbd194p-1,0x1.56c111752201ap-1,0x1.5093c8655efa7p-1,0x1.56805da99429ep-1
EB,SC_cfba9de3e226,Orthocis.punctatus,0x1.c945aa5d6bbcep-2,0x1.4e5e36acbd194p-1,0x1.56c111752201ap-1,0x1.508a42e7dd4abp-1,0x1.5678edb57a877p-1
EB,SC_cfba9de3e226,Otiorhynchus.ovatus,0x1.c945aa5d6bbcep-2,0x1.4e5e36acbd194p-1,0x1.56c111752201ap-1,0x1.a56adbabefcd7p-1,0x1.a623206a9385bp-1
EB,SC_cfba9de3e226,Oxytelus.laqueatus,0x1.c945aa5d6bbcep-2,0x1.4e5e36acbd194p-1,0x1.56c111752201ap-1,0x1.508013d7417a4p-1,0x1.56a5a7533271ep-1
EB,SC_cfba9de3e226,Pediacus.fuscus,0x1.c945aa5d6bbcep-2,0x1.4e5e36acbd194p-1,0x1.56c111752201ap-1,0x1.518da1c515d33p-1,0x1.532592d3abbfdp-1
EB,SC_cfba9de3e226,Peltis.septentrionalis,0x1.c945aa5d6bbcep-2,0x1.4e5e36acbd194p-1,0x1.56c111752201ap-1,0x1.2060e4dea28d2p-1,0x1.274c2c79e139fp-1
EB,SC_cfba9de3e226,Philonthus.caeruleipennis,0x1.c945aa5d6bbcep-2,0x1.4e5e36acbd194p-1,0x1.56c111752201ap-1,0x1.a56adbabefcd7p-1,0x1.a623206a9385bp-1
EB,SC_cfba9de3e226,Phyllobaenus.humeralis,0x1.c945aa5d6bbcep-2,0x1.4e5e36acbd194p-1,0x1.56c111752201ap-1,0x1.20706fb9acc00p-1,0x1.272c306096925p-1
EB,SC_cfba9de3e226,Phyllotreta.Phyllotreta Species A,0x1.c945aa5d6bbcep-2,0x1.4e5e36acbd194p-1,0x1.56c111752201ap-1,0x1.2074a9bb5e278p-1,0x1.2730db1e545bap-1
EB,SC_cfba9de3e226,Phyllotreta.striolata,0x1.c945aa5d6bbcep-2,0x1.4e5e36acbd194p-1,0x1.56c111752201ap-1,0x1.518035a34131ap-1,0x1.53197ae87c56ep-1
EB,SC_cfba9de3e226,Platynus.decentis,0x1.c945aa5d6bbcep-2,0x1.4e5e36acbd194p-1,0x1.56c111752201ap-1,0x1.d53856abe87ffp-1,0x1.d56b48c43da1fp-1
EB,SC_cfba9de3e226,Poecilus.lucublandus,0x1.c945aa5d6bbcep-2,0x1.4e5e36acbd194p-1,0x1.56c111752201ap-1,0x1.217fb1267d006p-1,0x1.237a81a75ab1fp-1
EB,SC_cfba9de3e226,Proteinus.limbatus,0x1.c945aa5d6bbcep-2,0x1.4e5e36acbd194p-1,0x1.56c111752201ap-1,0x1.d53856abe87ffp-1,0x1.d56b48c43da1fp-1
EB,SC_cfba9de3e226,Pselaphus.bellax,0x1.c945aa5d6bbcep-2,0x1.4e5e36acbd194p-1,0x1.56c111752201ap-1,0x1.5093c8655efa7p-1,0x1.56805da99429ep-1
EB,SC_cfba9de3e226,Pseudanostirus.triundulatus,0x1.c945aa5d6bbcep-2,0x1.4e5e36acbd194p-1,0x1.56c111752201ap-1,0x1.5189d08bd9311p-1,0x1.532156e1add9bp-1
EB,SC_cfba9de3e226,Pseudopsis.sulcata complex,0x1.c945aa5d6bbcep-2,0x1.4e5e36acbd194p-1,0x1.56c111752201ap-1,0x1.20706fb9acc00p-1,0x1.272c306096925p-1
EB,SC_cfba9de3e226,Pterostichus.adstrictus,0x1.c945aa5d6bbcep-2,0x1.4e5e36acbd194p-1,0x1.56c111752201ap-1,0x1.d53856abe87ffp-1,0x1.d56b48c43da1fp-1
EB,SC_cfba9de3e226,Pterostichus.brevicornis,0x1.c945aa5d6bbcep-2,0x1.4e5e36acbd194p-1,0x1.56c111752201ap-1,0x1.205f1bf25ee51p-1,0x1.2cf7f414fbbbcp-1
EB,SC_cfba9de3e226,Pterostichus.pensylvanicus,0x1.c945aa5d6bbcep-2,0x1.4e5e36acbd194p-1,0x1.56c111752201ap-1,0x1.d53856abe87ffp-1,0x1.d56b48c43da1fp-1
EB,SC_cfba9de3e226,Pterostichus.punctatissimus,0x1.c945aa5d6bbcep-2,0x1.4e5e36acbd194p-1,0x1.56c111752201ap-1,0x1.a56d6afab30e4p-1,0x1.a6261a49b2e94p-1
EB,SC_cfba9de3e226,Ptiliid species A.Ptiliid species A,0x1.c945aa5d6bbcep-2,0x1.4e5e36acbd194p-1,0x1.56c111752201ap-1,0x1.d53856abe87ffp-1,0x1.d56b48c43da1fp-1
EB,SC_cfba9de3e226,Quedius.labradorensis,0x1.c945aa5d6bbcep-2,0x1.4e5e36acbd194p-1,0x1.56c111752201ap-1,0x1.a4c6d2fd4521ap-1,0x1.a84c80ae017b3p-1
EB,SC_cfba9de3e226,Quedius.rusticus,0x1.c945aa5d6bbcep-2,0x1.4e5e36acbd194p-1,0x1.56c111752201ap-1,0x1.204e09c79f6c2p-1,0x1.26f5c03f87abbp-1
EB,SC_cfba9de3e226,Scaphium.castanipes,0x1.c945aa5d6bbcep-2,0x1.4e5e36acbd194p-1,0x1.56c111752201ap-1,0x1.a564cd1756e9fp-1,0x1.a61e58757a9a1p-1
EB,SC_cfba9de3e226,Sericus.incongruus,0x1.c945aa5d6bbcep-2,0x1.4e5e36acbd194p-1,0x1.56c111752201ap-1,0x1.218719ecc794ep-1,0x1.237f1209fbe1dp-1
EB,SC_cfba9de3e226,Setasomus.arata,0x1.c945aa5d6bbcep-2,0x1.4e5e36acbd194p-1,0x1.56c111752201ap-1,0x1.206554eb75d94p-1,0x1.275d831ba625ep-1
EB,SC_cfba9de3e226,Setasomus.nitidulus,0x1.c945aa5d6bbcep-2,0x1.4e5e36acbd194p-1,0x1.56c111752201ap-1,0x1.20651f2bab7ffp-1,0x1.2c0eeea5e31b6p-1
EB,SC_cfba9de3e226,Stenichnus.pubipennis,0x1.c945aa5d6bbcep-2,0x1.4e5e36acbd194p-1,0x1.56c111752201ap-1,0x1.519340cebae11p-1,0x1.5328cde8f0805p-1
EB,SC_cfba9de3e226,Stenus.,0x1.c945aa5d6bbcep-2,0x1.4e5e36acbd194p-1,0x1.56c111752201ap-1,0x1.a56d6afab30e4p-1,0x1.a6261a49b2e94p-1
EB,SC_cfba9de3e226,Syntomus.americanus,0x1.c945aa5d6bbcep-2,0x1.4e5e36acbd194p-1,0x1.56c111752201ap-1,0x1.5189a4efa41a7p-1,0x1.5320f121ec936p-1
EB,SC_cfba9de3e226,Synuchus.impunctatus,0x1.c945aa5d6bbcep-2,0x1.4e5e36acbd194p-1,0x1.56c111752201ap-1,0x1.d53856abe87ffp-1,0x1.d56b48c43da1fp-1
EB,SC_cfba9de3e226,Tachinus.basalis,0x1.c945aa5d6bbcep-2,0x1.4e5e36acbd194p-1,0x1.56c111752201ap-1,0x1.a56adbabefcd7p-1,0x1.a623206a9385bp-1
EB,SC_cfba9de3e226,Tachinus.frigidus,0x1.c945aa5d6bbcep-2,0x1.4e5e36acbd194p-1,0x1.56c111752201ap-1,0x1.a564cd1756e9fp-1,0x1.a61e58757a9a1p-1
EB,SC_cfba9de3e226,Tachinus.fumipennis,0x1.c945aa5d6bbcep-2,0x1.4e5e36acbd194p-1,0x1.56c111752201ap-1,0x1.508e1cb6c9eebp-1,0x1.567d25829122fp-1
EB,SC_cfba9de3e226,Tachinus.quebecensis,0x1.c945aa5d6bbcep-2,0x1.4e5e36acbd194p-1,0x1.56c111752201ap-1,0x1.d53856abe87ffp-1,0x1.d56b48c43da1fp-1
EB,SC_cfba9de3e226,Tachyporus.borealis,0x1.c945aa5d6bbcep-2,0x1.4e5e36acbd194p-1,0x1.56c111752201ap-1,0x1.a564cd1756e9fp-1,0x1.a61e58757a9a1p-1
EB,SC_cfba9de3e226,Trachypachus.holmbergi,0x1.c945aa5d6bbcep-2,0x1.4e5e36acbd194p-1,0x1.56c111752201ap-1,0x1.218b4c39c53abp-1,0x1.2383bad6345a8p-1
EB,SC_cfba9de3e226,Tympanophorus.puncticollis,0x1.c945aa5d6bbcep-2,0x1.4e5e36acbd194p-1,0x1.56c111752201ap-1,0x1.5189a4efa41a7p-1,0x1.5320f121ec936p-1
EB,SC_cfba9de3e226,Upis.ceramboides,0x1.c945aa5d6bbcep-2,0x1.4e5e36acbd194p-1,0x1.56c111752201ap-1,0x1.218719ecc794ep-1,0x1.237f1209fbe1dp-1
