island,block,species,pilot_presences,H_hex,S_hex,p_R3_hex,p_C_actual_hex,p_C_null_01_hex,p_C_null_02_hex,p_C_null_03_hex,p_C_null_04_hex,p_C_null_05_hex,p_C_null_06_hex,p_C_null_07_hex,p_C_null_08_hex,p_C_null_09_hex,p_C_null_10_hex,p_C_null_11_hex,p_C_null_12_hex,p_C_null_13_hex,p_C_null_14_hex,p_C_null_15_hex,p_C_null_16_hex,p_C_null_17_hex,p_C_null_18_hex,p_C_null_19_hex,p_C_null_20_hex
OS,SC_343d012d58b2,ALFL,3,0x1.5919efb75e537p+1,0x1.1414bfc5e50f9p-1,0x1.3f6c435f42786p-2,0x1.33e6c9e91952dp-2,0x1.36c4fc88747e8p-2,0x1.29790f9246cd1p-2,0x1.2cf1bef621769p-2,0x1.26571cd16c306p-2,0x1.26380a950f7b5p-2,0x1.2577b34ad460dp-2,0x1.24ea1555bddfbp-2,0x1.296be97d99adfp-2,0x1.21ea7bf658d62p-2,0x1.24e872e2795f8p-2,0x1.22b144f2ff288p-2,0x1.295f6472f0014p-2,0x1.20edd0a421b0fp-2,0x1.26ddb0dc0a528p-2,0x1.3642db77625e7p-2,0x1.2264f1f487285p-2,0x1.22b144f2ff288p-2,0x1.21ea7bf658d62p-2,0x1.29474cbed6204p-2,0x1.22eb7d57a9865p-2
OS,SC_343d012d58b2,AMRE,1,0x1.5919efb75e537p+1,0x1.5919efb75e537p+1,0x1.5653866e52540p-3,0x1.5858e6d4a2f63p-3,0x1.5a5356de77818p-3,0x1.5a5356de77818p-3,0x1.4e71c26d0df90p-3,0x1.43edf4992273ep-3,0x1.43c104e6170efp-3,0x1.4488a8ce3e998p-3,0x1.43ca4a5c188e1p-3,0x1.44962315997e5p-3,0x1.4443916be0b4cp-3,0x1.482920f91144fp-3,0x1.59837d00e7e5dp-3,0x1.44962315997e5p-3,0x1.59386dd541213p-3,0x1.443494aaa32a7p-3,0x1.59837d00e7e5dp-3,0x1.44962315997e5p-3,0x1.459b2beae5987p-3,0x1.58d06a89a3ee7p-3,0x1.456ccd81c38ffp-3,0x1.44dddc969ce57p-3
OS,SC_343d012d58b2,AMRO,3,0x1.5919efb75e537p+1,0x1.1414bfc5e50f9p-1,0x1.3f491e5a39306p-2,0x1.27ebd4612487fp-2,0x1.2a457aabb524ep-2,0x1.29359a6e8c2f9p-2,0x1.2001b992df881p-2,0x1.194ac1db9b60dp-2,0x1.192f702d6eb08p-2,0x1.1dc7afa86b603p-2,0x1.1bd50035190e8p-2,0x1.1c490e7293794p-2,0x1.22c740eeac8dbp-2,0x1.20d65d34a00f9p-2,0x1.1ffd6dbeb8eb9p-2,0x1.1c57999490ba3p-2,0x1.1e31b2b834674p-2,0x1.1a3519572c279p-2,0x1.29b0ed7123719p-2,0x1.233f0b096f36dp-2,0x1.23b5b3ac54b6dp-2,0x1.1f499e2ddeda2p-2,0x1.1beebe68bc18fp-2,0x1.23c9da2853561p-2
OS,SC_343d012d58b2,ATTW,1,0x1.5919efb75e537p+1,0x1.5919efb75e537p+1,0x1.5a5a2a84ff4a5p-3,0x1.6c4f125ea7d04p-3,0x1.6eff30e3a8b5cp-3,0x1.5ec4085262369p-3,0x1.63847dbaf1c35p-3,0x1.58dad9fd9cbb8p-3,0x1.58a7591757023p-3,0x1.56f81d0b7e790p-3,0x1.5820db0dcdce3p-3,0x1.598c1ecbc6ef1p-3,0x1.4c93013fd8a87p-3,0x1.55fdbabc55f93p-3,0x1.4d49bd5cf0545p-3,0x1.598c1ecbc6ef1p-3,0x1.4c5f086ff15c8p-3,0x1.5898167127905p-3,0x1.6e4429af7db0dp-3,0x1.4cec56cba3709p-3,0x1.4d49bd5cf0545p-3,0x1.4c93013fd8a87p-3,0x1.5aba0a5c390f5p-3,0x1.4ca9de8470da1p-3
OS,SC_343d012d58b2,BBWO,1,0x1.5919efb75e537p+1,0x1.5919efb75e537p+1,0x1.5a5a2a84ff4a5p-3,0x1.6c4f125ea7d04p-3,0x1.6eff30e3a8b5cp-3,0x1.5ec4085262369p-3,0x1.63847dbaf1c35p-3,0x1.58dad9fd9cbb8p-3,0x1.58a7591757023p-3,0x1.56f81d0b7e790p-3,0x1.5820db0dcdce3p-3,0x1.598c1ecbc6ef1p-3,0x1.4c93013fd8a87p-3,0x1.55fdbabc55f93p-3,0x1.4d49bd5cf0545p-3,0x1.598c1ecbc6ef1p-3,0x1.4c5f086ff15c8p-3,0x1.5898167127905p-3,0x1.6e4429af7db0dp-3,0x1.4cec56cba3709p-3,0x1.4d49bd5cf0545p-3,0x1.4c93013fd8a87p-3,0x1.5aba0a5c390f5p-3,0x1.4ca9de8470da1p-3
OS,SC_343d012d58b2,CEDW,3,0x1.5919efb75e537p+1,0x1.1414bfc5e50f9p-1,0x1.3f6c435f42786p-2,0x1.33e6c9e91952dp-2,0x1.36c4fc88747e8p-2,0x1.29790f9246cd1p-2,0x1.2cf1bef621769p-2,0x1.26571cd16c306p-2,0x1.26380a950f7b5p-2,0x1.2577b34ad460dp-2,0x1.24ea1555bddfbp-2,0x1.296be97d99adfp-2,0x1.21ea7bf658d62p-2,0x1.24e872e2795f8p-2,0x1.22b144f2ff288p-2,0x1.295f6472f0014p-2,0x1.20edd0a421b0fp-2,0x1.26ddb0dc0a528p-2,0x1.3642db77625e7p-2,0x1.2264f1f487285p-2,0x1.22b144f2ff288p-2,0x1.21ea7bf658d62p-2,0x1.29474cbed6204p-2,0x1.22eb7d57a9865p-2
OS,SC_343d012d58b2,DEJU,1,0x1.5919efb75e537p+1,0x1.5919efb75e537p+1,0x1.57de468446ac0p-3,0x1.6d52fcf61db2bp-3,0x1.702fb47687b1bp-3,0x1.58be0232cc693p-3,0x1.64efd0b2768b0p-3,0x1.5a9b236cf6675p-3,0x1.5a68bcea17b98p-3,0x1.50fc97c33be41p-3,0x1.521135926896dp-3,0x1.57696dfa09837p-3,0x1.461b7c16e938ep-3,0x1.4ff6dc38fbe85p-3,0x1.478f150abe41ap-3,0x1.578dec42742f5p-3,0x1.460a6eb962eddp-3,0x1.5a38d8cc747a3p-3,0x1.6f7b5650ea97cp-3,0x1.466e89037188ap-3,0x1.478f150abe41ap-3,0x1.461b7c16e938ep-3,0x1.5c8db35a71264p-3,0x1.46fd3e0a3e23ap-3
OS,SC_343d012d58b2,GRYE,1,0x1.5919efb75e537p+1,0x1.5919efb75e537p+1,0x1.57de468446ac0p-3,0x1.6d52fcf61db2bp-3,0x1.702fb47687b1bp-3,0x1.58be0232cc693p-3,0x1.64efd0b2768b0p-3,0x1.5a9b236cf6675p-3,0x1.5a68bcea17b98p-3,0x1.50fc97c33be41p-3,0x1.521135926896dp-3,0x1.57696dfa09837p-3,0x1.461b7c16e938ep-3,0x1.4ff6dc38fbe85p-3,0x1.478f150abe41ap-3,0x1.578dec42742f5p-3,0x1.460a6eb962eddp-3,0x1.5a38d8cc747a3p-3,0x1.6f7b5650ea97cp-3,0x1.466e89037188ap-3,0x1.478f150abe41ap-3,0x1.461b7c16e938ep-3,0x1.5c8db35a71264p-3,0x1.46fd3e0a3e23ap-3
OS,SC_343d012d58b2,LEFL,1,0x1.5919efb75e537p+1,0x1.5919efb75e537p+1,0x1.5a5a2a84ff4a5p-3,0x1.6c4f125ea7d04p-3,0x1.6eff30e3a8b5cp-3,0x1.5ec4085262369p-3,0x1.63847dbaf1c35p-3,0x1.58dad9fd9cbb8p-3,0x1.58a7591757023p-3,0x1.56f81d0b7e790p-3,0x1.5820db0dcdce3p-3,0x1.598c1ecbc6ef1p-3,0x1.4c93013fd8a87p-3,0x1.55fdbabc55f93p-3,0x1.4d49bd5cf0545p-3,0x1.598c1ecbc6ef1p-3,0x1.4c5f086ff15c8p-3,0x1.5898167127905p-3,0x1.6e4429af7db0dp-3,0x1.4cec56cba3709p-3,0x1.4d49bd5cf0545p-3,0x1.4c93013fd8a87p-3,0x1.5aba0a5c390f5p-3,0x1.4ca9de8470da1p-3
OS,SC_343d012d58b2,MAWA,2,0x1.5919efb75e537p+1,0x1.1414bfc5e50f9p+0,0x1.e7abea330c1b5p-3,0x1.d3704186b25cdp-3,0x1.d6c0f684ac969p-3,0x1.d36c5aad91cf1p-3,0x1.c658f22f515dep-3,0x1.b9ff5a23e50b0p-3,0x1.b9cbb5c9ec8dfp-3,0x1.be628dfff2e45p-3,0x1.bc2b1192fbe25p-3,0x1.bd0e17cc14531p-3,0x1.c23b9e0bc3abdp-3,0x1.c3466180d2622p-3,0x1.bdd7ceae058d7p-3,0x1.bd2c240a4db2bp-3,0x1.bbf79523053bap-3,0x1.bb03779e8fb17p-3,0x1.d5bea4c3d54a1p-3,0x1.c2db17643bc61p-3,0x1.c42ffc8732c81p-3,0x1.bd22eae2613c9p-3,0x1.bd48fd60edd8fp-3,0x1.c3d5159e841bbp-3
OS,SC_343d012d58b2,NOWA,3,0x1.5919efb75e537p+1,0x1.1414bfc5e50f9p-1,0x1.3f491e5a39306p-2,0x1.27ebd4612487fp-2,0x1.2a457aabb524ep-2,0x1.29359a6e8c2f9p-2,0x1.2001b992df881p-2,0x1.194ac1db9b60dp-2,0x1.192f702d6eb08p-2,0x1.1dc7afa86b603p-2,0x1.1bd50035190e8p-2,0x1.1c490e7293794p-2,0x1.22c740eeac8dbp-2,0x1.20d65d34a00f9p-2,0x1.1ffd6dbeb8eb9p-2,0x1.1c57999490ba3p-2,0x1.1e31b2b834674p-2,0x1.1a3519572c279p-2,0x1.29b0ed7123719p-2,0x1.233f0b096f36dp-2,0x1.23b5b3ac54b6dp-2,0x1.1f499e2ddeda2p-2,0x1.1beebe68bc18fp-2,0x1.23c9da2853561p-2
OS,SC_343d012d58b2,OCWA,1,0x1.5919efb75e537p+1,0x1.5919efb75e537p+1,0x1.57592c39d1239p-3,0x1.6c69cbaba19afp-3,0x1.6fa8340918b64p-3,0x1.57c4fe8ab3ae6p-3,0x1.63ff0f8c9dfb7p-3,0x1.59a5330d3e9b7p-3,0x1.5972be69710e9p-3,0x1.5006c8b425d0fp-3,0x1.51189a662a183p-3,0x1.5764cb98113d8p-3,0x1.460f032c18bd8p-3,0x1.4f005c73d3ee2p-3,0x1.46a744c645abep-3,0x1.5696fd4cddb64p-3,0x1.45f8cf4a4cee9p-3,0x1.5944f8f5e21c8p-3,0x1.6ef4038b7855ap-3,0x1.4662ff8b03f11p-3,0x1.46a744c645abep-3,0x1.460f032c18bd8p-3,0x1.5c0b4de6bcbb4p-3,0x1.46173139275e0p-3
OS,SC_343d012d58b2,PHVI,1,0x1.5919efb75e537p+1,0x1.5919efb75e537p+1,0x1.5a5a2a84ff4a5p-3,0x1.6c4f125ea7d04p-3,0x1.6eff30e3a8b5cp-3,0x1.5ec4085262369p-3,0x1.63847dbaf1c35p-3,0x1.58dad9fd9cbb8p-3,0x1.58a7591757023p-3,0x1.56f81d0b7e790p-3,0x1.5820db0dcdce3p-3,0x1.598c1ecbc6ef1p-3,0x1.4c93013fd8a87p-3,0x1.55fdbabc55f93p-3,0x1.4d49bd5cf0545p-3,0x1.598c1ecbc6ef1p-3,0x1.4c5f086ff15c8p-3,0x1.5898167127905p-3,0x1.6e4429af7db0dp-3,0x1.4cec56cba3709p-3,0x1.4d49bd5cf0545p-3,0x1.4c93013fd8a87p-3,0x1.5aba0a5c390f5p-3,0x1.4ca9de8470da1p-3
OS,SC_343d012d58b2,SPSA,3,0x1.5919efb75e537p+1,0x1.1414bfc5e50f9p-1,0x1.2af962ae8c5bap-2,0x1.04eb159e48ea0p-2,0x1.0692203e5a535p-2,0x1.076a8cb46074bp-2,0x1.04858fa9d442ap-2,0x1.08649979e5015p-2,0x1.087c471126baep-2,0x1.0bdd17f6153c1p-2,0x1.0a45c2c95a337p-2,0x1.0af2ea561db24p-2,0x1.0bda3c26ee34cp-2,0x1.0cfb5ffa0d4acp-2,0x1.0a6b9cfeef315p-2,0x1.0b03ad00aefdap-2,0x1.07887099e640ep-2,0x1.072ac97631238p-2,0x1.062c99ea2b39dp-2,0x1.0c5f461ea42ddp-2,0x1.0ec22ab152f59p-2,0x1.0a100dfb1b2cdp-2,0x1.08273e705ad9dp-2,0x1.0d122b21dc68dp-2
OS,SC_343d012d58b2,SWSP,1,0x1.5919efb75e537p+1,0x1.5919efb75e537p+1,0x1.57592c39d1239p-3,0x1.6c69cbaba19afp-3,0x1.6fa8340918b64p-3,0x1.57c4fe8ab3ae6p-3,0x1.63ff0f8c9dfb7p-3,0x1.59a5330d3e9b7p-3,0x1.5972be69710e9p-3,0x1.5006c8b425d0fp-3,0x1.51189a662a183p-3,0x1.5764cb98113d8p-3,0x1.460f032c18bd8p-3,0x1.4f005c73d3ee2p-3,0x1.46a744c645abep-3,0x1.5696fd4cddb64p-3,0x1.45f8cf4a4cee9p-3,0x1.5944f8f5e21c8p-3,0x1.6ef4038b7855ap-3,0x1.4662ff8b03f11p-3,0x1.46a744c645abep-3,0x1.460f032c18bd8p-3,0x1.5c0b4de6bcbb4p-3,0x1.46173139275e0p-3
OS,SC_343d012d58b2,TEWA,1,0x1.5919efb75e537p+1,0x1.5919efb75e537p+1,0x1.5653866e52540p-3,0x1.5858e6d4a2f63p-3,0x1.5a5356de77818p-3,0x1.5a5356de77818p-3,0x1.4e71c26d0df90p-3,0x1.43edf4992273ep-3,0x1.43c104e6170efp-3,0x1.4488a8ce3e998p-3,0x1.43ca4a5c188e1p-3,0x1.44962315997e5p-3,0x1.4443916be0b4cp-3,0x1.482920f91144fp-3,0x1.59837d00e7e5dp-3,0x1.44962315997e5p-3,0x1.59386dd541213p-3,0x1.443494aaa32a7p-3,0x1.59837d00e7e5dp-3,0x1.44962315997e5p-3,0x1.459b2beae5987p-3,0x1.58d06a89a3ee7p-3,0x1.456ccd81c38ffp-3,0x1.44dddc969ce57p-3
OS,SC_343d012d58b2,YEWA,4,0x1.5919efb75e537p+1,0x1.1414bfc5e50f9p-2,0x1.927a361c6ced8p-2,0x1.6bc4febbe928ap-2,0x1.6edad9997482cp-2,0x1.6ec67ab513bdcp-2,0x1.6464892e124c1p-2,0x1.6018418173fc8p-2,0x1.600fee884a450p-2,0x1.653e2ba222788p-2,0x1.62a7593b1f5a2p-2,0x1.64454735cc8e3p-2,0x1.69dd6290fa9f5p-2,0x1.6749c668ed141p-2,0x1.636b6f241c23dp-2,0x1.6441c614d75aep-2,0x1.6019b1b31262ap-2,0x1.6192b27f972c3p-2,0x1.6e453ef0c81b5p-2,0x1.6a857d2ebcc8fp-2,0x1.6aa1aceccb5d2p-2,0x1.621f47c605101p-2,0x1.63ef8222848bcp-2,0x1.6b23515cf6a3ap-2
OS,SC_343d012d58b2,YRWA,4,0x1.5919efb75e537p+1,0x1.1414bfc5e50f9p-2,0x1.7e536a7fc985dp-2,0x1.46f18575321f7p-2,0x1.4943e43cef15fp-2,0x1.4ad0ec4dbd77ep-2,0x1.46458fb8e5cd5p-2,0x1.4b79c454034dbp-2,0x1.4b99a5a70eb3bp-2,0x1.50acd9000dc68p-2,0x1.4e3786267cc15p-2,0x1.4f63f3bfd3d93p-2,0x1.528801d14fd95p-2,0x1.5208ccc1ace13p-2,0x1.50efb1c25f6b2p-2,0x1.4f770f940eaabp-2,0x1.4d250da9f68d1p-2,0x1.4a732c43f8315p-2,0x1.48d2cf00276f6p-2,0x1.533ec02ea3cb3p-2,0x1.55e0e07b187afp-2,0x1.50772ba1586abp-2,0x1.4bf5886a7aa49p-2,0x1.545212ef58631p-2
BT,SC_2f455671a546,ALFL,3,0x1.5919efb75e537p+1,0x1.1414bfc5e50f9p-1,0x1.757cdfacb4046p-2,0x1.7b9b64ed2f55ep-2,0x1.7ef7253d1f6ccp-2,0x1.7269e078c528cp-2,0x1.757433f4023a6p-2,0x1.6f28530c377f1p-2,0x1.6f07d5674972ap-2,0x1.6daf4004facf5p-2,0x1.6d9bdb41b9008p-2,0x1.721073779eba5p-2,0x1.660e96e6200e1p-2,0x1.6cbddb00c1686p-2,0x1.66d544668cdecp-2,0x1.71fc02e8f7d05p-2,0x1.64591d81ffd24p-2,0x1.6f68b8caf5442p-2,0x1.7e84cd6cb589dp-2,0x1.66a8903e41de7p-2,0x1.66d544668cdecp-2,0x1.660e96e6200e1p-2,0x1.72795618da442p-2,0x1.6713d409529afp-2
BT,SC_2f455671a546,AMRE,1,0x1.5919efb75e537p+1,0x1.5919efb75e537p+1,0x1.c75f315a42a90p-3,0x1.e2e1d836ac6ccp-3,0x1.e5f6fcf19b91ap-3,0x1.e5f6fcf19b91ap-3,0x1.d92c574f0f2c7p-3,0x1.cd2d24f09a4bdp-3,0x1.ccf2260be8b7ep-3,0x1.ce17dc07f1f2fp-3,0x1.cdd4acbce99d0p-3,0x1.ce1f020b79972p-3,0x1.cda62a33c59bep-3,0x1.d2b509cb5090ap-3,0x1.e528269a9ca02p-3,0x1.ce1f020b79972p-3,0x1.e3bfc463b1245p-3,0x1.ccc787d424beep-3,0x1.e528269a9ca02p-3,0x1.ce1f020b79972p-3,0x1.cf8b289b51d82p-3,0x1.e40b89e1bb6e1p-3,0x1.cf4f38f267ba3p-3,0x1.ce885aab7e04dp-3
BT,SC_2f455671a546,AMRO,3,0x1.5919efb75e537p+1,0x1.1414bfc5e50f9p-1,0x1.74b0b273bec5bp-2,0x1.7117c00ad557cp-2,0x1.74052e4f72679p-2,0x1.71e55e3294ab1p-2,0x1.69e0d0fad4186p-2,0x1.626f8249cb701p-2,0x1.6249cad6a3227p-2,0x1.655bf01244db7p-2,0x1.641604ec68fb2p-2,0x1.654cb8d4af535p-2,0x1.654dd3b165e4ep-2,0x1.67fa279e256b3p-2,0x1.661cbe4f37ef4p-2,0x1.654df9aa780cdp-2,0x1.63a38f0dd93b8p-2,0x1.62f4f9da3bd8ep-2,0x1.7381518fdc76fp-2,0x1.65e662787f248p-2,0x1.66570c8e8a7e7p-2,0x1.655938b22bacdp-2,0x1.658786ef00eddp-2,0x1.666ed168de1a1p-2
BT,SC_2f455671a546,ATTW,1,0x1.5919efb75e537p+1,0x1.5919efb75e537p+1,0x1.b80612a2b8ffbp-3,0x1.e3d9f23a517ddp-3,0x1.e7a8431f5e38fp-3,0x1.d83256a88f542p-3,0x1.dbf667169f122p-3,0x1.d1d697af1edd5p-3,0x1.d1a417d0207dbp-3,0x1.d043844990fbdp-3,0x1.d1f2a728e190ap-3,0x1.d2c6815bb427cp-3,0x1.c547f0785bb64p-3,0x1.cf974d83f3a97p-3,0x1.c66b8de65bed3p-3,0x1.d2c6815bb427cp-3,0x1.c43dc037ce08fp-3,0x1.d0f0e0ced0759p-3,0x1.e6f68c7e63e79p-3,0x1.c5c411948d2bbp-3,0x1.c66b8de65bed3p-3,0x1.c547f0785bb64p-3,0x1.d447b7ec1aeb6p-3,0x1.c58f2d31f34aap-3
BT,SC_2f455671a546,BBWO,1,0x1.5919efb75e537p+1,0x1.5919efb75e537p+1,0x1.b80612a2b8ffbp-3,0x1.e3d9f23a517ddp-3,0x1.e7a8431f5e38fp-3,0x1.d83256a88f542p-3,0x1.dbf667169f122p-3,0x1.d1d697af1edd5p-3,0x1.d1a417d0207dbp-3,0x1.d043844990fbdp-3,0x1.d1f2a728e190ap-3,0x1.d2c6815bb427cp-3,0x1.c547f0785bb64p-3,0x1.cf974d83f3a97p-3,0x1.c66b8de65bed3p-3,0x1.d2c6815bb427cp-3,0x1.c43dc037ce08fp-3,0x1.d0f0e0ced0759p-3,0x1.e6f68c7e63e79p-3,0x1.c5c411948d2bbp-3,0x1.c66b8de65bed3p-3,0x1.c547f0785bb64p-3,0x1.d447b7ec1aeb6p-3,0x1.c58f2d31f34aap-3
BT,SC_2f455671a546,CEDW,3,0x1.5919efb75e537p+1,0x1.1414bfc5e50f9p-1,0x1.757cdfacb4046p-2,0x1.7b9b64ed2f55ep-2,0x1.7ef7253d1f6ccp-2,0x1.7269e078c528cp-2,0x1.757433f4023a6p-2,0x1.6f28530c377f1p-2,0x1.6f07d5674972ap-2,0x1.6daf4004facf5p-2,0x1.6d9bdb41b9008p-2,0x1.721073779eba5p-2,0x1.660e96e6200e1p-2,0x1.6cbddb00c1686p-2,0x1.66d544668cdecp-2,0x1.71fc02e8f7d05p-2,0x1.64591d81ffd24p-2,0x1.6f68b8caf5442p-2,0x1.7e84cd6cb589dp-2,0x1.66a8903e41de7p-2,0x1.66d544668cdecp-2,0x1.660e96e6200e1p-2,0x1.72795618da442p-2,0x1.6713d409529afp-2
BT,SC_2f455671a546,DEJU,1,0x1.5919efb75e537p+1,0x1.5919efb75e537p+1,0x1.af97c7f08d565p-3,0x1.def668d421b93p-3,0x1.e2f09efd8dc35p-3,0x1.ccb2a596a47c8p-3,0x1.d786ee32062e9p-3,0x1.cdde15e12f39ap-3,0x1.cdadc32f52f7fp-3,0x1.c4b5c611341c4p-3,0x1.c65fb93844107p-3,0x1.cb0b3542bb8f5p-3,0x1.b899afa3bddfep-3,0x1.c3f3888ef93d7p-3,0x1.baa3836a0802fp-3,0x1.cb2ea84c6053ap-3,0x1.b7a50ca31818bp-3,0x1.ccd781e789217p-3,0x1.e245ee6f62723p-3,0x1.b9138f6d16fbap-3,0x1.baa3836a0802fp-3,0x1.b899afa3bddfep-3,0x1.d05d99d7ce753p-3,0x1.b9d46b0f6956dp-3
BT,SC_2f455671a546,GRYE,1,0x1.5919efb75e537p+1,0x1.5919efb75e537p+1,0x1.af97c7f08d565p-3,0x1.def668d421b93p-3,0x1.e2f09efd8dc35p-3,0x1.ccb2a596a47c8p-3,0x1.d786ee32062e9p-3,0x1.cdde15e12f39ap-3,0x1.cdadc32f52f7fp-3,0x1.c4b5c611341c4p-3,0x1.c65fb93844107p-3,0x1.cb0b3542bb8f5p-3,0x1.b899afa3bddfep-3,0x1.c3f3888ef93d7p-3,0x1.baa3836a0802fp-3,0x1.cb2ea84c6053ap-3,0x1.b7a50ca31818bp-3,0x1.ccd781e789217p-3,0x1.e245ee6f62723p-3,0x1.b9138f6d16fbap-3,0x1.baa3836a0802fp-3,0x1.b899afa3bddfep-3,0x1.d05d99d7ce753p-3,0x1.b9d46b0f6956dp-3
BT,SC_2f455671a546,LEFL,1,0x1.5919efb75e537p+1,0x1.5919efb75e537p+1,0x1.b80612a2b8ffbp-3,0x1.e3d9f23a517ddp-3,0x1.e7a8431f5e38fp-3,0x1.d83256a88f542p-3,0x1.dbf667169f122p-3,0x1.d1d697af1edd5p-3,0x1.d1a417d0207dbp-3,0x1.d043844990fbdp-3,0x1.d1f2a728e190ap-3,0x1.d2c6815bb427cp-3,0x1.c547f0785bb64p-3,0x1.cf974d83f3a97p-3,0x1.c66b8de65bed3p-3,0x1.d2c6815bb427cp-3,0x1.c43dc037ce08fp-3,0x1.d0f0e0ced0759p-3,0x1.e6f68c7e63e79p-3,0x1.c5c411948d2bbp-3,0x1.c66b8de65bed3p-3,0x1.c547f0785bb64p-3,0x1.d447b7ec1aeb6p-3,0x1.c58f2d31f34aap-3
BT,SC_2f455671a546,MAWA,2,0x1.5919efb75e537p+1,0x1.1414bfc5e50f9p+0,0x1.269247268e55cp-2,0x1.2d0228ffeb6d6p-2,0x1.2f4b5a226cf2dp-2,0x1.2d506a1701fd8p-2,0x1.26f2fe49219e7p-2,0x1.202953bab5eadp-2,0x1.200763844a4f0p-2,0x1.21d29cb0500ecp-2,0x1.21289920085fdp-2,0x1.21cd11e20c2fdp-2,0x1.21a563f607c99p-2,0x1.2453c6ad7f6f9p-2,0x1.227a605172395p-2,0x1.21ce6e2e40ba8p-2,0x1.20e9e66941b0bp-2,0x1.2048d47c18ea2p-2,0x1.2ed4603bf2a36p-2,0x1.221044ecc7d75p-2,0x1.22ae89e6af021p-2,0x1.2203b1ed83861p-2,0x1.223e82a12cbe6p-2,0x1.2272b7d200095p-2
BT,SC_2f455671a546,NOWA,3,0x1.5919efb75e537p+1,0x1.1414bfc5e50f9p-1,0x1.74b0b273bec5bp-2,0x1.7117c00ad557cp-2,0x1.74052e4f72679p-2,0x1.71e55e3294ab1p-2,0x1.69e0d0fad4186p-2,0x1.626f8249cb701p-2,0x1.6249cad6a3227p-2,0x1.655bf01244db7p-2,0x1.641604ec68fb2p-2,0x1.654cb8d4af535p-2,0x1.654dd3b165e4ep-2,0x1.67fa279e256b3p-2,0x1.661cbe4f37ef4p-2,0x1.654df9aa780cdp-2,0x1.63a38f0dd93b8p-2,0x1.62f4f9da3bd8ep-2,0x1.7381518fdc76fp-2,0x1.65e662787f248p-2,0x1.66570c8e8a7e7p-2,0x1.655938b22bacdp-2,0x1.658786ef00eddp-2,0x1.666ed168de1a1p-2
BT,SC_2f455671a546,OCWA,1,0x1.5919efb75e537p+1,0x1.5919efb75e537p+1,0x1.afa6b81c8a2f5p-3,0x1.dea61f78f27b3p-3,0x1.e2fc2bfacfcd3p-3,0x1.cc48d9b7b3ab2p-3,0x1.d72c77487a6d4p-3,0x1.cd79c2b6cf7a8p-3,0x1.cd4941bd54338p-3,0x1.c44778aaedb14p-3,0x1.c5eff8aaa54fap-3,0x1.cb8ef759b6f52p-3,0x1.b92d5defbd8b7p-3,0x1.c3814044ecb05p-3,0x1.ba28932634be8p-3,0x1.cac6cc82b0177p-3,0x1.b835c122370c0p-3,0x1.cc75e4dce378ap-3,0x1.e251738ef93adp-3,0x1.b9a7868f2348dp-3,0x1.ba28932634be8p-3,0x1.b92d5defbd8b7p-3,0x1.d0684244bfa3fp-3,0x1.b95b7200cd5d8p-3
BT,SC_2f455671a546,PHVI,1,0x1.5919efb75e537p+1,0x1.5919efb75e537p+1,0x1.b80612a2b8ffbp-3,0x1.e3d9f23a517ddp-3,0x1.e7a8431f5e38fp-3,0x1.d83256a88f542p-3,0x1.dbf667169f122p-3,0x1.d1d697af1edd5p-3,0x1.d1a417d0207dbp-3,0x1.d043844990fbdp-3,0x1.d1f2a728e190ap-3,0x1.d2c6815bb427cp-3,0x1.c547f0785bb64p-3,0x1.cf974d83f3a97p-3,0x1.c66b8de65bed3p-3,0x1.d2c6815bb427cp-3,0x1.c43dc037ce08fp-3,0x1.d0f0e0ced0759p-3,0x1.e6f68c7e63e79p-3,0x1.c5c411948d2bbp-3,0x1.c66b8de65bed3p-3,0x1.c547f0785bb64p-3,0x1.d447b7ec1aeb6p-3,0x1.c58f2d31f34aap-3
BT,SC_2f455671a546,SPSA,3,0x1.5919efb75e537p+1,0x1.1414bfc5e50f9p-1,0x1.740dfca76ab44p-2,0x1.60233fba313f2p-2,0x1.6257291fc866dp-2,0x1.626abb595fd21p-2,0x1.5ebe98c3c3d92p-2,0x1.5fcc11f6f0f77p-2,0x1.5fce3701595a4p-2,0x1.62c593623dc0bp-2,0x1.6175f9c978086p-2,0x1.62854e4337132p-2,0x1.6490364245f78p-2,0x1.64e6c034508f6p-2,0x1.62190d6169cccp-2,0x1.6286d25229fa9p-2,0x1.633e81f16d280p-2,0x1.628e3e04d35c3p-2,0x1.61b69f4e7733cp-2,0x1.652873f80e0a9p-2,0x1.63531efc4375ep-2,0x1.622325994c816p-2,0x1.5e5041d010069p-2,0x1.65b344beb5688p-2
BT,SC_2f455671a546,SWSP,1,0x1.5919efb75e537p+1,0x1.5919efb75e537p+1,0x1.afa6b81c8a2f5p-3,0x1.dea61f78f27b3p-3,0x1.e2fc2bfacfcd3p-3,0x1.cc48d9b7b3ab2p-3,0x1.d72c77487a6d4p-3,0x1.cd79c2b6cf7a8p-3,0x1.cd4941bd54338p-3,0x1.c44778aaedb14p-3,0x1.c5eff8aaa54fap-3,0x1.cb8ef759b6f52p-3,0x1.b92d5defbd8b7p-3,0x1.c3814044ecb05p-3,0x1.ba28932634be8p-3,0x1.cac6cc82b0177p-3,0x1.b835c122370c0p-3,0x1.cc75e4dce378ap-3,0x1.e251738ef93adp-3,0x1.b9a7868f2348dp-3,0x1.ba28932634be8p-3,0x1.b92d5defbd8b7p-3,0x1.d0684244bfa3fp-3,0x1.b95b7200cd5d8p-3
BT,SC_2f455671a546,TEWA,1,0x1.5919efb75e537p+1,0x1.5919efb75e537p+1,0x1.c75f315a42a90p-3,0x1.e2e1d836ac6ccp-3,0x1.e5f6fcf19b91ap-3,0x1.e5f6fcf19b91ap-3,0x1.d92c574f0f2c7p-3,0x1.cd2d24f09a4bdp-3,0x1.ccf2260be8b7ep-3,0x1.ce17dc07f1f2fp-3,0x1.cdd4acbce99d0p-3,0x1.ce1f020b79972p-3,0x1.cda62a33c59bep-3,0x1.d2b509cb5090ap-3,0x1.e528269a9ca02p-3,0x1.ce1f020b79972p-3,0x1.e3bfc463b1245p-3,0x1.ccc787d424beep-3,0x1.e528269a9ca02p-3,0x1.ce1f020b79972p-3,0x1.cf8b289b51d82p-3,0x1.e40b89e1bb6e1p-3,0x1.cf4f38f267ba3p-3,0x1.ce885aab7e04dp-3
BT,SC_2f455671a546,YEWA,4,0x1.5919efb75e537p+1,0x1.1414bfc5e50f9p-2,0x1.c896fda4a200dp-2,0x1.b937cd51ef98fp-2,0x1.bcafc8b6fdb0fp-2,0x1.bb8af2ab37514p-2,0x1.b1da81e45d90ep-2,0x1.aa3e1936fd109p-2,0x1.aa177f5bb13b6p-2,0x1.ae57d9384bbb1p-2,0x1.ac6d53fd00ea1p-2,0x1.ae5d7f0b59088p-2,0x1.ae1cb9244ac0bp-2,0x1.b0d0d10848709p-2,0x1.aeeeb9c4231d0p-2,0x1.ae5d350f49270p-2,0x1.ab7abe5a77e6dp-2,0x1.ab3cee27327c2p-2,0x1.bc238d2176af2p-2,0x1.aee1c35a84badp-2,0x1.af1332be71e4ap-2,0x1.add7d02811200p-2,0x1.ae5f226a4f6bfp-2,0x1.af8f1bd1f0b36p-2
BT,SC_2f455671a546,YRWA,4,0x1.5919efb75e537p+1,0x1.1414bfc5e50f9p-2,0x1.c93ced7f60a58p-2,0x1.a8a29505f54aep-2,0x1.ab677c974010ap-2,0x1.ab893b6ed977ap-2,0x1.a6a38274385c6p-2,0x1.a7eee494f9720p-2,0x1.a7f19dcd64db8p-2,0x1.ac326fa27c453p-2,0x1.aa3928edb4544p-2,0x1.abef45c9f50f3p-2,0x1.ae2e3f92bcca6p-2,0x1.ae46eefbd7e74p-2,0x1.ab6c4d1ba8ebep-2,0x1.abf0e6c3b70c9p-2,0x1.ac3f70ba85c22p-2,0x1.ab50dd73f3cf6p-2,0x1.aabb351f01a09p-2,0x1.aef480bd11936p-2,0x1.acbdbd2020c9fp-2,0x1.ab9313f50d36dp-2,0x1.a725e01b595a1p-2,0x1.afabcc2d35806p-2
DF,SC_2f455671a546,ALFL,3,0x1.5919efb75e53bp+1,0x1.1414bfc5e50fcp-1,0x1.3d300641cbae3p-1,0x1.317d72f2a88c3p-1,0x1.32f7b4eb771b1p-1,0x1.2c707997c932ep-1,0x1.2e2ead90f8505p-1,0x1.2ae5b72f582b8p-1,0x1.2ad482ce04279p-1,0x1.29df1ba33b2edp-1,0x1.29b467f133d51p-1,0x1.2c33a4dd50b99p-1,0x1.25c1ff4873573p-1,0x1.29704f9f93f71p-1,0x1.2647cf64c2107p-1,0x1.2c28e2cfc920dp-1,0x1.2532b04b86858p-1,0x1.2b1be9c21f20ep-1,0x1.32bcea2d861b1p-1,0x1.2621c6b156399p-1,0x1.2647cf64c2107p-1,0x1.25c1ff4873573p-1,0x1.2c78891eacde5p-1,0x1.26670259de2a9p-1
DF,SC_2f455671a546,AMRE,1,0x1.5919efb75e53bp+1,0x1.5919efb75e53bp+1,0x1.c9b9eaaa48a54p-2,0x1.bdc96ed1e06cap-2,0x1.bf6c1f64991f9p-2,0x1.bf6c1f64991f9p-2,0x1.b6e8da21861fep-2,0x1.aea1fc581f93fp-2,0x1.ae78ad3104a23p-2,0x1.aecbca3dccb35p-2,0x1.ae60748494b32p-2,0x1.aed7e8a56481fp-2,0x1.ae670079dc2f0p-2,0x1.b228ef7fc0670p-2,0x1.bedf18beb1d84p-2,0x1.aed7e8a56481fp-2,0x1.be60c8c3af316p-2,0x1.ae7c513a22589p-2,0x1.bedf18beb1d84p-2,0x1.aed7e8a56481fp-2,0x1.aff46e9c85a82p-2,0x1.bde1d6e7378dbp-2,0x1.afca947ee632ap-2,0x1.af3ae177d01b1p-2
DF,SC_2f455671a546,AMRO,3,0x1.5919efb75e53bp+1,0x1.1414bfc5e50fcp-1,0x1.3cee27227753ep-1,0x1.2c18d3c9f340ap-1,0x1.2d621ce8bd3c7p-1,0x1.2c44898f8c963p-1,0x1.28281a1ff7658p-1,0x1.242d47fc872b6p-1,0x1.2418d172d92e2p-1,0x1.2583be4ec71fbp-1,0x1.24b31bdbb3214p-1,0x1.257eac83c96e6p-1,0x1.2574411338ef0p-1,0x1.26fe5c33092afp-1,0x1.25fdcb735af02p-1,0x1.257f5dd4f2ca3p-1,0x1.24e9488fab687p-1,0x1.2489ab10ca79fp-1,0x1.2d1ce1059984ep-1,0x1.25d38c7047530p-1,0x1.261e4a1cc96fbp-1,0x1.257951738a3e4p-1,0x1.25ac3f1b68767p-1,0x1.2628b1ee5ba8ap-1
DF,SC_2f455671a546,ATTW,1,0x1.5919efb75e53bp+1,0x1.5919efb75e53bp+1,0x1.c090464cf67bdp-2,0x1.c03d2990675d9p-2,0x1.c2592188ef40ep-2,0x1.b7bbe285ba2d0p-2,0x1.ba9c451a3889cp-2,0x1.b3a7d4b616208p-2,0x1.b3849b73577afp-2,0x1.b2139a047ed24p-2,0x1.b3015f899ddfap-2,0x1.b3db50f4959d0p-2,0x1.aa4767575040dp-2,0x1.b1bf2c13f86adp-2,0x1.ab4db8d5628cfp-2,0x1.b3db50f4959d0p-2,0x1.aa3e55759ca40p-2,0x1.b32c2b284d142p-2,0x1.c1e01e5abf13ap-2,0x1.aabae0a8cd098p-2,0x1.ab4db8d5628cfp-2,0x1.aa4767575040dp-2,0x1.b504241779bd2p-2,0x1.aaae40e3b3fefp-2
DF,SC_2f455671a546,BBWO,1,0x1.5919efb75e53bp+1,0x1.5919efb75e53bp+1,0x1.c090464cf67bdp-2,0x1.c03d2990675d9p-2,0x1.c2592188ef40ep-2,0x1.b7bbe285ba2d0p-2,0x1.ba9c451a3889cp-2,0x1.b3a7d4b616208p-2,0x1.b3849b73577afp-2,0x1.b2139a047ed24p-2,0x1.b3015f899ddfap-2,0x1.b3db50f4959d0p-2,0x1.aa4767575040dp-2,0x1.b1bf2c13f86adp-2,0x1.ab4db8d5628cfp-2,0x1.b3db50f4959d0p-2,0x1.aa3e55759ca40p-2,0x1.b32c2b284d142p-2,0x1.c1e01e5abf13ap-2,0x1.aabae0a8cd098p-2,0x1.ab4db8d5628cfp-2,0x1.aa4767575040dp-2,0x1.b504241779bd2p-2,0x1.aaae40e3b3fefp-2
DF,SC_2f455671a546,CEDW,3,0x1.5919efb75e53bp+1,0x1.1414bfc5e50fcp-1,0x1.3d300641cbae3p-1,0x1.317d72f2a88c3p-1,0x1.32f7b4eb771b1p-1,0x1.2c707997c932ep-1,0x1.2e2ead90f8505p-1,0x1.2ae5b72f582b8p-1,0x1.2ad482ce04279p-1,0x1.29df1ba33b2edp-1,0x1.29b467f133d51p-1,0x1.2c33a4dd50b99p-1,0x1.25c1ff4873573p-1,0x1.29704f9f93f71p-1,0x1.2647cf64c2107p-1,0x1.2c28e2cfc920dp-1,0x1.2532b04b86858p-1,0x1.2b1be9c21f20ep-1,0x1.32bcea2d861b1p-1,0x1.2621c6b156399p-1,0x1.2647cf64c2107p-1,0x1.25c1ff4873573p-1,0x1.2c78891eacde5p-1,0x1.26670259de2a9p-1
DF,SC_2f455671a546,DEJU,1,0x1.5919efb75e53bp+1,0x1.5919efb75e53bp+1,0x1.bae03963e79f2p-2,0x1.bd635d8a5887bp-2,0x1.bf9f6fa0c8956p-2,0x1.b0366d533d8a7p-2,0x1.b80a6e1ef774fp-2,0x1.b15fd901987eep-2,0x1.b13dfc5fd8b44p-2,0x1.aa726714943abp-2,0x1.ab5fd5d464141p-2,0x1.aef1028f2d322p-2,0x1.a1bde52f82bf4p-2,0x1.aa0c21f22079bp-2,0x1.a36ae13ba2dc4p-2,0x1.af09eafd594f7p-2,0x1.a1c189897eeadp-2,0x1.b0cd8214a8fc2p-2,0x1.bf2a9703fbf65p-2,0x1.a230909082d3ep-2,0x1.a36ae13ba2dc4p-2,0x1.a1bde52f82bf4p-2,0x1.b2c7b86441d44p-2,0x1.a2d318d544a91p-2
DF,SC_2f455671a546,GRYE,1,0x1.5919efb75e53bp+1,0x1.5919efb75e53bp+1,0x1.bae03963e79f2p-2,0x1.bd635d8a5887bp-2,0x1.bf9f6fa0c8956p-2,0x1.b0366d533d8a7p-2,0x1.b80a6e1ef774fp-2,0x1.b15fd901987eep-2,0x1.b13dfc5fd8b44p-2,0x1.aa726714943abp-2,0x1.ab5fd5d464141p-2,0x1.aef1028f2d322p-2,0x1.a1bde52f82bf4p-2,0x1.aa0c21f22079bp-2,0x1.a36ae13ba2dc4p-2,0x1.af09eafd594f7p-2,0x1.a1c189897eeadp-2,0x1.b0cd8214a8fc2p-2,0x1.bf2a9703fbf65p-2,0x1.a230909082d3ep-2,0x1.a36ae13ba2dc4p-2,0x1.a1bde52f82bf4p-2,0x1.b2c7b86441d44p-2,0x1.a2d318d544a91p-2
DF,SC_2f455671a546,LEFL,1,0x1.5919efb75e53bp+1,0x1.5919efb75e53bp+1,0x1.c090464cf67bdp-2,0x1.c03d2990675d9p-2,0x1.c2592188ef40ep-2,0x1.b7bbe285ba2d0p-2,0x1.ba9c451a3889cp-2,0x1.b3a7d4b616208p-2,0x1.b3849b73577afp-2,0x1.b2139a047ed24p-2,0x1.b3015f899ddfap-2,0x1.b3db50f4959d0p-2,0x1.aa4767575040dp-2,0x1.b1bf2c13f86adp-2,0x1.ab4db8d5628cfp-2,0x1.b3db50f4959d0p-2,0x1.aa3e55759ca40p-2,0x1.b32c2b284d142p-2,0x1.c1e01e5abf13ap-2,0x1.aabae0a8cd098p-2,0x1.ab4db8d5628cfp-2,0x1.aa4767575040dp-2,0x1.b504241779bd2p-2,0x1.aaae40e3b3fefp-2
DF,SC_2f455671a546,MAWA,2,0x1.5919efb75e53bp+1,0x1.1414bfc5e50fcp+0,0x1.11ed8d8bdb8e6p-1,0x1.060f24717fc05p-1,0x1.072e5ac2f1efdp-1,0x1.05fd5a9dbc9f2p-1,0x1.0245141922266p-1,0x1.fc401ee083379p-2,0x1.fc160f478ebf0p-2,0x1.fdcfac868ffbep-2,0x1.fcbbf316063cdp-2,0x1.fdcfbaa96e2fcp-2,0x1.fd850197aae31p-2,0x1.00850b1de5409p-1,0x1.fec274fbcb77dp-2,0x1.fdd173202d684p-2,0x1.fd55be2e8ed81p-2,0x1.fc8e55c703b38p-2,0x1.06e6d8149602fp-1,0x1.fe24afff1f2c8p-2,0x1.ff04fe99075c5p-2,0x1.fdf75e3c96800p-2,0x1.fe78896b74718p-2,0x1.feb704699b68dp-2
DF,SC_2f455671a546,NOWA,3,0x1.5919efb75e53bp+1,0x1.1414bfc5e50fcp-1,0x1.3cee27227753ep-1,0x1.2c18d3c9f340ap-1,0x1.2d621ce8bd3c7p-1,0x1.2c44898f8c963p-1,0x1.28281a1ff7658p-1,0x1.242d47fc872b6p-1,0x1.2418d172d92e2p-1,0x1.2583be4ec71fbp-1,0x1.24b31bdbb3214p-1,0x1.257eac83c96e6p-1,0x1.2574411338ef0p-1,0x1.26fe5c33092afp-1,0x1.25fdcb735af02p-1,0x1.257f5dd4f2ca3p-1,0x1.24e9488fab687p-1,0x1.2489ab10ca79fp-1,0x1.2d1ce1059984ep-1,0x1.25d38c7047530p-1,0x1.261e4a1cc96fbp-1,0x1.257951738a3e4p-1,0x1.25ac3f1b68767p-1,0x1.2628b1ee5ba8ap-1
DF,SC_2f455671a546,OCWA,1,0x1.5919efb75e53bp+1,0x1.5919efb75e53bp+1,0x1.bae1901e3b04fp-2,0x1.bd2353036a26ep-2,0x1.bf9e924093a15p-2,0x1.afe380ce8a7b9p-2,0x1.b7c2f228923fcp-2,0x1.b110cfaa74766p-2,0x1.b0eecef78a21bp-2,0x1.aa1ba4a82335dp-2,0x1.ab083fb1190dep-2,0x1.af44d9aa35059p-2,0x1.a21f1b925de59p-2,0x1.a9b281b1f31d5p-2,0x1.a30a45146257ep-2,0x1.aeb837a45ce8cp-2,0x1.a220bbc475d5dp-2,0x1.b0803ca1d1f13p-2,0x1.bf29b63b25949p-2,0x1.a291f0b27ff7cp-2,0x1.a30a45146257ep-2,0x1.a21f1b925de59p-2,0x1.b2c6749c1c85bp-2,0x1.a273cd8f7a04ap-2
DF,SC_2f455671a546,PHVI,1,0x1.5919efb75e53bp+1,0x1.5919efb75e53bp+1,0x1.c090464cf67bdp-2,0x1.c03d2990675d9p-2,0x1.c2592188ef40ep-2,0x1.b7bbe285ba2d0p-2,0x1.ba9c451a3889cp-2,0x1.b3a7d4b616208p-2,0x1.b3849b73577afp-2,0x1.b2139a047ed24p-2,0x1.b3015f899ddfap-2,0x1.b3db50f4959d0p-2,0x1.aa4767575040dp-2,0x1.b1bf2c13f86adp-2,0x1.ab4db8d5628cfp-2,0x1.b3db50f4959d0p-2,0x1.aa3e55759ca40p-2,0x1.b32c2b284d142p-2,0x1.c1e01e5abf13ap-2,0x1.aabae0a8cd098p-2,0x1.ab4db8d5628cfp-2,0x1.aa4767575040dp-2,0x1.b504241779bd2p-2,0x1.aaae40e3b3fefp-2
DF,SC_2f455671a546,SPSA,3,0x1.5919efb75e53bp+1,0x1.1414bfc5e50fcp-1,0x1.3cda1eea9be01p-1,0x1.232a2fc36a07bp-1,0x1.241c1617fc9f3p-1,0x1.2426f61b9832ap-1,0x1.224c5975036cdp-1,0x1.22e858e0a956fp-1,0x1.22e98b6cea4abp-1,0x1.2447d72c5d30cp-1,0x1.2371696bae6a0p-1,0x1.242858b830b31p-1,0x1.2535f68fcaf27p-1,0x1.25806bb344b66p-1,0x1.23fbacfa039ddp-1,0x1.2429304c2c8f8p-1,0x1.24da1834fb6d0p-1,0x1.247a9fea79088p-1,0x1.23c4ee972e631p-1,0x1.2595808adf970p-1,0x1.24a71833e8981p-1,0x1.23e590c5f7c46p-1,0x1.21ebe3a1e3915p-1,0x1.25ec560616049p-1
DF,SC_2f455671a546,SWSP,1,0x1.5919efb75e53bp+1,0x1.5919efb75e53bp+1,0x1.bae1901e3b04fp-2,0x1.bd2353036a26ep-2,0x1.bf9e924093a15p-2,0x1.afe380ce8a7b9p-2,0x1.b7c2f228923fcp-2,0x1.b110cfaa74766p-2,0x1.b0eecef78a21bp-2,0x1.aa1ba4a82335dp-2,0x1.ab083fb1190dep-2,0x1.af44d9aa35059p-2,0x1.a21f1b925de59p-2,0x1.a9b281b1f31d5p-2,0x1.a30a45146257ep-2,0x1.aeb837a45ce8cp-2,0x1.a220bbc475d5dp-2,0x1.b0803ca1d1f13p-2,0x1.bf29b63b25949p-2,0x1.a291f0b27ff7cp-2,0x1.a30a45146257ep-2,0x1.a21f1b925de59p-2,0x1.b2c6749c1c85bp-2,0x1.a273cd8f7a04ap-2
DF,SC_2f455671a546,TEWA,1,0x1.5919efb75e53bp+1,0x1.5919efb75e53bp+1,0x1.c9b9eaaa48a54p-2,0x1.bdc96ed1e06cap-2,0x1.bf6c1f64991f9p-2,0x1.bf6c1f64991f9p-2,0x1.b6e8da21861fep-2,0x1.aea1fc581f93fp-2,0x1.ae78ad3104a23p-2,0x1.aecbca3dccb35p-2,0x1.ae60748494b32p-2,0x1.aed7e8a56481fp-2,0x1.ae670079dc2f0p-2,0x1.b228ef7fc0670p-2,0x1.bedf18beb1d84p-2,0x1.aed7e8a56481fp-2,0x1.be60c8c3af316p-2,0x1.ae7c513a22589p-2,0x1.bedf18beb1d84p-2,0x1.aed7e8a56481fp-2,0x1.aff46e9c85a82p-2,0x1.bde1d6e7378dbp-2,0x1.afca947ee632ap-2,0x1.af3ae177d01b1p-2
DF,SC_2f455671a546,YEWA,4,0x1.5919efb75e53bp+1,0x1.1414bfc5e50fcp-2,0x1.6406bdcc17173p-1,0x1.4f8711257db9fp-1,0x1.50e2f1eca5aa9p-1,0x1.505ca5d2d076fp-1,0x1.4c0132f95184cp-1,0x1.4872f11c20efap-1,0x1.4860a7528a712p-1,0x1.4a27f114ba172p-1,0x1.4922019f60dcfp-1,0x1.4a2db163b0575p-1,0x1.4a04a738b1e3dp-1,0x1.4b61e28d6373fp-1,0x1.4a7edb4472f1ep-1,0x1.4a2d8db323326p-1,0x1.491b6ef74d7d7p-1,0x1.48fe9c0f832c6p-1,0x1.50a28823bfee3p-1,0x1.4a6d77666ca67p-1,0x1.4a91d66359b43p-1,0x1.49e23adfdd45cp-1,0x1.4a3b830902b10p-1,0x1.4ac9b6a67d052p-1
DF,SC_2f455671a546,YRWA,4,0x1.5919efb75e53bp+1,0x1.1414bfc5e50fcp-2,0x1.6451d157ecf5bp-1,0x1.47c2a3ff18e08p-1,0x1.48d4fe5adf697p-1,0x1.48e55b0678b81p-1,0x1.46b555e7704eap-1,0x1.475b9198a7e22p-1,0x1.475ce5ad4059ep-1,0x1.49264d581d4fap-1,0x1.481870241deb6p-1,0x1.4909996477554p-1,0x1.4a0d67f38de11p-1,0x1.4a3211f53658cp-1,0x1.48d94e92fdbf7p-1,0x1.490a636a88b79p-1,0x1.4979d4974597ap-1,0x1.49087cd334b23p-1,0x1.488361ac356cep-1,0x1.4a76d3415aabcp-1,0x1.4979efb5a122ap-1,0x1.48d2410805f21p-1,0x1.46d09750567b0p-1,0x1.4ad7e0a01133ep-1
WD,SC_2f455671a546,ALFL,3,0x1.5919efb75e536p+1,0x1.1414bfc5e50f8p-1,0x1.1c27a42db27c7p-1,0x1.1310f05985ac6p-1,0x1.1503fdd5c14abp-1,0x1.0e7ca753ffd68p-1,0x1.0feb1ca8bf6b0p-1,0x1.0cb3d0dbc7d81p-1,0x1.0ca2afacdd162p-1,0x1.0bfd35dd3d0b4p-1,0x1.0bfe45e509794p-1,0x1.0e4e0b72ad7dfp-1,0x1.07cf2c8237a20p-1,0x1.0b7dd7983e23cp-1,0x1.0852621595f0ap-1,0x1.0e433aa6bdef1p-1,0x1.06c6921498d2ap-1,0x1.0cb1ae00348f0p-1,0x1.14c8ff997d865p-1,0x1.083c062b68499p-1,0x1.0852621595f0ap-1,0x1.07cf2c8237a20p-1,0x1.0e8588c9cd603p-1,0x1.088c83362cc67p-1
WD,SC_2f455671a546,AMRE,1,0x1.5919efb75e536p+1,0x1.5919efb75e536p+1,0x1.89e180cfa38dbp-2,0x1.853b00e61ee4fp-2,0x1.8787388613985p-2,0x1.8787388613985p-2,0x1.7f2c5717efb26p-2,0x1.77a15a3666e81p-2,0x1.777b4969c120cp-2,0x1.784a3d7bc00d4p-2,0x1.7836c5a7a024bp-2,0x1.785256fd59811p-2,0x1.77d6f840a963bp-2,0x1.7b4598d4a2206p-2,0x1.8704773d44e3fp-2,0x1.785256fd59811p-2,0x1.85c789e352b1ep-2,0x1.771c5aa880953p-2,0x1.8704773d44e3fp-2,0x1.785256fd59811p-2,0x1.793d1be9ea527p-2,0x1.8622734b883c5p-2,0x1.791684eb5e301p-2,0x1.78bf0412aa66ep-2
WD,SC_2f455671a546,AMRO,3,0x1.5919efb75e536p+1,0x1.1414bfc5e50f8p-1,0x1.1b94bb22c3895p-1,0x1.0d7c56f070374p-1,0x1.0f3c128080cb5p-1,0x1.0e1bd9765d116p-1,0x1.09bcc330029d6p-1,0x1.05dbc0cbab39fp-1,0x1.05c77f8c59a6ep-1,0x1.0778af1dae423p-1,0x1.06d69ebaacf4fp-1,0x1.077739176b96dp-1,0x1.074904442a663p-1,0x1.08dc213f82426p-1,0x1.07dbb3f8b3bccp-1,0x1.0777ba42323a9p-1,0x1.0651c95bd89e1p-1,0x1.05ff09b78dbbdp-1,0x1.0ef739e1ad2b4p-1,0x1.07b5126bf60b1p-1,0x1.07efcbd4f299ap-1,0x1.075a17ad49bb2p-1,0x1.079740b1c7d8ap-1,0x1.081547c44c329p-1
WD,SC_2f455671a546,ATTW,1,0x1.5919efb75e536p+1,0x1.5919efb75e536p+1,0x1.7d3ad011a8fb5p-2,0x1.83a7a64b00539p-2,0x1.866c1411ce623p-2,0x1.7c9bed7c25448p-2,0x1.7ec4d32163ab8p-2,0x1.787504a578dbdp-2,0x1.7854ab76a1143p-2,0x1.77844ce39aaa0p-2,0x1.78b30381720e2p-2,0x1.7923966f09c1ap-2,0x1.70479ec023a26p-2,0x1.771b2ad1a8689p-2,0x1.7133d8a4a0605p-2,0x1.7923966f09c1ap-2,0x1.6f6decea09dc9p-2,0x1.779b5d388aa32p-2,0x1.85fbc20c611fbp-2,0x1.70c59314a902fp-2,0x1.7133d8a4a0605p-2,0x1.70479ec023a26p-2,0x1.7a1bcdfc7c63cp-2,0x1.70cc520872fd8p-2
WD,SC_2f455671a546,BBWO,1,0x1.5919efb75e536p+1,0x1.5919efb75e536p+1,0x1.7d3ad011a8fb5p-2,0x1.83a7a64b00539p-2,0x1.866c1411ce623p-2,0x1.7c9bed7c25448p-2,0x1.7ec4d32163ab8p-2,0x1.787504a578dbdp-2,0x1.7854ab76a1143p-2,0x1.77844ce39aaa0p-2,0x1.78b30381720e2p-2,0x1.7923966f09c1ap-2,0x1.70479ec023a26p-2,0x1.771b2ad1a8689p-2,0x1.7133d8a4a0605p-2,0x1.7923966f09c1ap-2,0x1.6f6decea09dc9p-2,0x1.779b5d388aa32p-2,0x1.85fbc20c611fbp-2,0x1.70c59314a902fp-2,0x1.7133d8a4a0605p-2,0x1.70479ec023a26p-2,0x1.7a1bcdfc7c63cp-2,0x1.70cc520872fd8p-2
WD,SC_2f455671a546,CEDW,3,0x1.5919efb75e536p+1,0x1.1414bfc5e50f8p-1,0x1.1c27a42db27c7p-1,0x1.1310f05985ac6p-1,0x1.1503fdd5c14abp-1,0x1.0e7ca753ffd68p-1,0x1.0feb1ca8bf6b0p-1,0x1.0cb3d0dbc7d81p-1,0x1.0ca2afacdd162p-1,0x1.0bfd35dd3d0b4p-1,0x1.0bfe45e509794p-1,0x1.0e4e0b72ad7dfp-1,0x1.07cf2c8237a20p-1,0x1.0b7dd7983e23cp-1,0x1.0852621595f0ap-1,0x1.0e433aa6bdef1p-1,0x1.06c6921498d2ap-1,0x1.0cb1ae00348f0p-1,0x1.14c8ff997d865p-1,0x1.083c062b68499p-1,0x1.0852621595f0ap-1,0x1.07cf2c8237a20p-1,0x1.0e8588c9cd603p-1,0x1.088c83362cc67p-1
WD,SC_2f455671a546,DEJU,1,0x1.5919efb75e536p+1,0x1.5919efb75e536p+1,0x1.76da6725b34a3p-2,0x1.7fe78db44915dp-2,0x1.82cb662dab828p-2,0x1.749851a5dcc1ap-2,0x1.7b4a9eeb38805p-2,0x1.75418b56ea2f5p-2,0x1.75227ef5c771ep-2,0x1.6f6c6fcec4bc4p-2,0x1.709afb05e20cap-2,0x1.738598cb630f1p-2,0x1.676371e5c985bp-2,0x1.6ef4b7081b6a0p-2,0x1.68e82fb5c0d5fp-2,0x1.739c6916b8938p-2,0x1.66954f0d5541cp-2,0x1.74515e57b6702p-2,0x1.825f1955a3d09p-2,0x1.67e08d6bce617p-2,0x1.68e82fb5c0d5fp-2,0x1.676371e5c985bp-2,0x1.76f316ccf2672p-2,0x1.6887515ec00aep-2
WD,SC_2f455671a546,GRYE,1,0x1.5919efb75e536p+1,0x1.5919efb75e536p+1,0x1.76da6725b34a3p-2,0x1.7fe78db44915dp-2,0x1.82cb662dab828p-2,0x1.749851a5dcc1ap-2,0x1.7b4a9eeb38805p-2,0x1.75418b56ea2f5p-2,0x1.75227ef5c771ep-2,0x1.6f6c6fcec4bc4p-2,0x1.709afb05e20cap-2,0x1.738598cb630f1p-2,0x1.676371e5c985bp-2,0x1.6ef4b7081b6a0p-2,0x1.68e82fb5c0d5fp-2,0x1.739c6916b8938p-2,0x1.66954f0d5541cp-2,0x1.74515e57b6702p-2,0x1.825f1955a3d09p-2,0x1.67e08d6bce617p-2,0x1.68e82fb5c0d5fp-2,0x1.676371e5c985bp-2,0x1.76f316ccf2672p-2,0x1.6887515ec00aep-2
WD,SC_2f455671a546,LEFL,1,0x1.5919efb75e536p+1,0x1.5919efb75e536p+1,0x1.7d3ad011a8fb5p-2,0x1.83a7a64b00539p-2,0x1.866c1411ce623p-2,0x1.7c9bed7c25448p-2,0x1.7ec4d32163ab8p-2,0x1.787504a578dbdp-2,0x1.7854ab76a1143p-2,0x1.77844ce39aaa0p-2,0x1.78b30381720e2p-2,0x1.7923966f09c1ap-2,0x1.70479ec023a26p-2,0x1.771b2ad1a8689p-2,0x1.7133d8a4a0605p-2,0x1.7923966f09c1ap-2,0x1.6f6decea09dc9p-2,0x1.779b5d388aa32p-2,0x1.85fbc20c611fbp-2,0x1.70c59314a902fp-2,0x1.7133d8a4a0605p-2,0x1.70479ec023a26p-2,0x1.7a1bcdfc7c63cp-2,0x1.70cc520872fd8p-2
WD,SC_2f455671a546,MAWA,2,0x1.5919efb75e536p+1,0x1.1414bfc5e50f8p+0,0x1.dda0bc9ca43cbp-2,0x1.cd498c3c63da2p-2,0x1.d0560fb793208p-2,0x1.ce09ff40ac88dp-2,0x1.c65ec3975b617p-2,0x1.be9392d71586dp-2,0x1.be6b7df997498p-2,0x1.c09f35b44f760p-2,0x1.bff0cbfb8246dp-2,0x1.c0a15a4b507dcp-2,0x1.c02c9f3e9e1bcp-2,0x1.c391242b34aa1p-2,0x1.c16deb7c863cbp-2,0x1.c0a28fb61f13ep-2,0x1.bf2debe88bdf4p-2,0x1.be6fd3e56eb73p-2,0x1.cfccf5ee06010p-2,0x1.c0dd0af7c4b00p-2,0x1.c19595d6b7035p-2,0x1.c0b01f321e7cdp-2,0x1.c1282e0666bbbp-2,0x1.c17cc4a36f5fbp-2
WD,SC_2f455671a546,NOWA,3,0x1.5919efb75e536p+1,0x1.1414bfc5e50f8p-1,0x1.1b94bb22c3895p-1,0x1.0d7c56f070374p-1,0x1.0f3c128080cb5p-1,0x1.0e1bd9765d116p-1,0x1.09bcc330029d6p-1,0x1.05dbc0cbab39fp-1,0x1.05c77f8c59a6ep-1,0x1.0778af1dae423p-1,0x1.06d69ebaacf4fp-1,0x1.077739176b96dp-1,0x1.074904442a663p-1,0x1.08dc213f82426p-1,0x1.07dbb3f8b3bccp-1,0x1.0777ba42323a9p-1,0x1.0651c95bd89e1p-1,0x1.05ff09b78dbbdp-1,0x1.0ef739e1ad2b4p-1,0x1.07b5126bf60b1p-1,0x1.07efcbd4f299ap-1,0x1.075a17ad49bb2p-1,0x1.079740b1c7d8ap-1,0x1.081547c44c329p-1
WD,SC_2f455671a546,OCWA,1,0x1.5919efb75e536p+1,0x1.5919efb75e536p+1,0x1.76f2d9d22940cp-2,0x1.7fc1b7d4ee4a6p-2,0x1.82dfe26ae491cp-2,0x1.74614e77e3a33p-2,0x1.7b1df4d5ffbbdp-2,0x1.750e1f07dcec3p-2,0x1.74eef28b869a0p-2,0x1.6f3212a327973p-2,0x1.705fb6b48e53bp-2,0x1.73e76865be9e9p-2,0x1.67d0cc11a1a4bp-2,0x1.6eb7b10c6a463p-2,0x1.68a4c00febdb2p-2,0x1.73669641a453ep-2,0x1.6700dbf74daadp-2,0x1.741fba15ae5c9p-2,0x1.82739031c41fbp-2,0x1.684e0ef86f203p-2,0x1.68a4c00febdb2p-2,0x1.67d0cc11a1a4bp-2,0x1.7706f3a0effd6p-2,0x1.68451d71a2a12p-2
WD,SC_2f455671a546,PHVI,1,0x1.5919efb75e536p+1,0x1.5919efb75e536p+1,0x1.7d3ad011a8fb5p-2,0x1.83a7a64b00539p-2,0x1.866c1411ce623p-2,0x1.7c9bed7c25448p-2,0x1.7ec4d32163ab8p-2,0x1.787504a578dbdp-2,0x1.7854ab76a1143p-2,0x1.77844ce39aaa0p-2,0x1.78b30381720e2p-2,0x1.7923966f09c1ap-2,0x1.70479ec023a26p-2,0x1.771b2ad1a8689p-2,0x1.7133d8a4a0605p-2,0x1.7923966f09c1ap-2,0x1.6f6decea09dc9p-2,0x1.779b5d388aa32p-2,0x1.85fbc20c611fbp-2,0x1.70c59314a902fp-2,0x1.7133d8a4a0605p-2,0x1.70479ec023a26p-2,0x1.7a1bcdfc7c63cp-2,0x1.70cc520872fd8p-2
WD,SC_2f455671a546,SPSA,3,0x1.5919efb75e536p+1,0x1.1414bfc5e50f8p-1,0x1.1aee85c1b5fa9p-1,0x1.044aa82447057p-1,0x1.05b055c37ed10p-1,0x1.05b83f74567b0p-1,0x1.0394db94cd164p-1,0x1.043207512b7e2p-1,0x1.0432e629b7087p-1,0x1.05da0a4c2e30ep-1,0x1.0531359733057p-1,0x1.05bc20ea9f174p-1,0x1.06bbab1e1968fp-1,0x1.070082441e0abp-1,0x1.0581e387966b3p-1,0x1.05bcbdd0d6626p-1,0x1.05f47ff031a4ep-1,0x1.0595881599131p-1,0x1.055a0f98f3fa3p-1,0x1.07272e9471d8dp-1,0x1.061ef7865fb45p-1,0x1.056f04999f8e8p-1,0x1.0377bf9803995p-1,0x1.0787fbb43ce01p-1
WD,SC_2f455671a546,SWSP,1,0x1.5919efb75e536p+1,0x1.5919efb75e536p+1,0x1.76f2d9d22940cp-2,0x1.7fc1b7d4ee4a6p-2,0x1.82dfe26ae491cp-2,0x1.74614e77e3a33p-2,0x1.7b1df4d5ffbbdp-2,0x1.750e1f07dcec3p-2,0x1.74eef28b869a0p-2,0x1.6f3212a327973p-2,0x1.705fb6b48e53bp-2,0x1.73e76865be9e9p-2,0x1.67d0cc11a1a4bp-2,0x1.6eb7b10c6a463p-2,0x1.68a4c00febdb2p-2,0x1.73669641a453ep-2,0x1.6700dbf74daadp-2,0x1.741fba15ae5c9p-2,0x1.82739031c41fbp-2,0x1.684e0ef86f203p-2,0x1.68a4c00febdb2p-2,0x1.67d0cc11a1a4bp-2,0x1.7706f3a0effd6p-2,0x1.68451d71a2a12p-2
WD,SC_2f455671a546,TEWA,1,0x1.5919efb75e536p+1,0x1.5919efb75e536p+1,0x1.89e180cfa38dbp-2,0x1.853b00e61ee4fp-2,0x1.8787388613985p-2,0x1.8787388613985p-2,0x1.7f2c5717efb26p-2,0x1.77a15a3666e81p-2,0x1.777b4969c120cp-2,0x1.784a3d7bc00d4p-2,0x1.7836c5a7a024bp-2,0x1.785256fd59811p-2,0x1.77d6f840a963bp-2,0x1.7b4598d4a2206p-2,0x1.8704773d44e3fp-2,0x1.785256fd59811p-2,0x1.85c789e352b1ep-2,0x1.771c5aa880953p-2,0x1.8704773d44e3fp-2,0x1.785256fd59811p-2,0x1.793d1be9ea527p-2,0x1.8622734b883c5p-2,0x1.791684eb5e301p-2,0x1.78bf0412aa66ep-2
WD,SC_2f455671a546,YEWA,4,0x1.5919efb75e536p+1,0x1.1414bfc5e50f8p-2,0x1.458b540811968p-1,0x1.329c82a6be95ep-1,0x1.34783974699a8p-1,0x1.33ea7a57e6594p-1,0x1.2f217f548a2b7p-1,0x1.2b83c26747df9p-1,0x1.2b70c5a227188p-1,0x1.2d91e782ec07ep-1,0x1.2cae6e71b1fe8p-1,0x1.2d998256e1552p-1,0x1.2d5030f2089eep-1,0x1.2ec34f3ad94cbp-1,0x1.2de12bc4b933dp-1,0x1.2d99676b55bd4p-1,0x1.2bffd9f2b21c0p-1,0x1.2bdd5e0b8fe6ap-1,0x1.3435cd6ceb55ap-1,0x1.2dc9a0c3f631bp-1,0x1.2ddfa647ceac6p-1,0x1.2d4333b07a020p-1,0x1.2d9940f1f83bep-1,0x1.2e34a4fffa80ep-1
WD,SC_2f455671a546,YRWA,4,0x1.5919efb75e536p+1,0x1.1414bfc5e50f8p-2,0x1.45c5b41442e0ap-1,0x1.2a9ec36d06896p-1,0x1.2c2e694fe54f1p-1,0x1.2c3abc60d45d8p-1,0x1.29ad990c8c293p-1,0x1.2a599d712284cp-1,0x1.2a5a9d63dda5ap-1,0x1.2c7d641829093p-1,0x1.2b9210647c79bp-1,0x1.2c621aad774ffp-1,0x1.2d59d653fd7bbp-1,0x1.2d7ff35447660p-1,0x1.2c1b7926a83a2p-1,0x1.2c62b2eabcfbcp-1,0x1.2c56382277952p-1,0x1.2be80a02b33f5p-1,0x1.2bdabf3346e3bp-1,0x1.2dd3aa8665f39p-1,0x1.2cb3e466a7896p-1,0x1.2c172657acebap-1,0x1.2a0cf5461084dp-1,0x1.2e42409932c89p-1
MI,SC_04cdabd0598f,ALFL,3,0x1.5919efb75e537p+1,0x1.1414bfc5e50f9p-1,0x1.4baf5fad1004dp-3,0x1.0bc5757e4ee93p-3,0x1.0eb4326920c3cp-3,0x1.1894a737b1816p-3,0x1.086745bd86d66p-3,0x1.092c9dc46f8e1p-3,0x1.092c9dc46f8e1p-3,0x1.2f2dc752c16f6p-3,0x1.0df3f7e25641fp-3,0x1.16fe0f29f2577p-3,0x1.177abcd357989p-3,0x1.1894a737b1816p-3,0x1.0eb4326920c3cp-3,0x1.18182ce26e7eap-3,0x1.0bc317015cc1ep-3,0x1.16221c000d5f2p-3,0x1.0eb4326920c3cp-3,0x1.0dd4bcf423ef7p-3,0x1.0bc841fb9604dp-3,0x1.177abcd357989p-3,0x1.1894a737b1816p-3,0x1.1789dda1a065bp-3
MI,SC_04cdabd0598f,AMRE,1,0x1.5919efb75e537p+1,0x1.5919efb75e537p+1,0x1.e8bfdee1d3196p-5,0x1.a8a0844aec2e7p-5,0x1.aabef8632a2fap-5,0x1.aabef8632a2fap-5,0x1.a8c3da798a878p-5,0x1.aa09ee5bcd234p-5,0x1.aa09ee5bcd234p-5,0x1.a8925d294f5abp-5,0x1.a87aac79d8314p-5,0x1.a8d00fb3bdc32p-5,0x1.a7d558fb93f70p-5,0x1.aa3a0790bfc3fp-5,0x1.aabef8632a2fap-5,0x1.a8a5ec3d84ef6p-5,0x1.a89b4249fed6bp-5,0x1.a89b4249fed6bp-5,0x1.aabef8632a2fap-5,0x1.a8d00fb3bdc32p-5,0x1.aa3a0790bfc3fp-5,0x1.a7d558fb93f70p-5,0x1.aabef8632a2fap-5,0x1.a9df8e7c57503p-5
MI,SC_04cdabd0598f,AMRO,3,0x1.5919efb75e537p+1,0x1.1414bfc5e50f9p-1,0x1.47f5b0c174616p-3,0x1.e421ce963d9abp-4,0x1.e9b4013d42bc0p-4,0x1.0adf3d7adc63bp-3,0x1.eb55a7429eb1cp-4,0x1.ee87472502cfcp-4,0x1.ee87472502cfcp-4,0x1.26540bce441e5p-3,0x1.01d46810ccba9p-3,0x1.09d41aa814db4p-3,0x1.098fae46e3469p-3,0x1.0f237c4c79b92p-3,0x1.e9b4013d42bc0p-4,0x1.0e927598e96c9p-3,0x1.e41dcf55e95fcp-4,0x1.08315a8d80654p-3,0x1.e9b4013d42bc0p-4,0x1.e83d1986dccd6p-4,0x1.f15537d4b5c1fp-4,0x1.098fae46e3469p-3,0x1.0adf3d7adc63bp-3,0x1.0e99d164d311cp-3
MI,SC_04cdabd0598f,ATTW,1,0x1.5919efb75e537p+1,0x1.5919efb75e537p+1,0x1.e2ce996819204p-5,0x1.d1d738dd8ea5bp-5,0x1.d3cb7809437a3p-5,0x1.bd06bb911d5bdp-5,0x1.c3c74dd3b88a3p-5,0x1.c345e37cd4dd7p-5,0x1.c345e37cd4dd7p-5,0x1.b8e935cd25fa1p-5,0x1.c0dff71a9e700p-5,0x1.bc07da13a17f4p-5,0x1.bafe39ff4872bp-5,0x1.bd06bb911d5bdp-5,0x1.d3cb7809437a3p-5,0x1.bb69d078053a8p-5,0x1.d1d1317acf4adp-5,0x1.bd5b5bee08f60p-5,0x1.d3cb7809437a3p-5,0x1.d19233ccff118p-5,0x1.c594a40c1bc03p-5,0x1.bafe39ff4872bp-5,0x1.bd06bb911d5bdp-5,0x1.bc6690ac8a20bp-5
MI,SC_04cdabd0598f,BBWO,1,0x1.5919efb75e537p+1,0x1.5919efb75e537p+1,0x1.e2ce996819204p-5,0x1.d1d738dd8ea5bp-5,0x1.d3cb7809437a3p-5,0x1.bd06bb911d5bdp-5,0x1.c3c74dd3b88a3p-5,0x1.c345e37cd4dd7p-5,0x1.c345e37cd4dd7p-5,0x1.b8e935cd25fa1p-5,0x1.c0dff71a9e700p-5,0x1.bc07da13a17f4p-5,0x1.bafe39ff4872bp-5,0x1.bd06bb911d5bdp-5,0x1.d3cb7809437a3p-5,0x1.bb69d078053a8p-5,0x1.d1d1317acf4adp-5,0x1.bd5b5bee08f60p-5,0x1.d3cb7809437a3p-5,0x1.d19233ccff118p-5,0x1.c594a40c1bc03p-5,0x1.bafe39ff4872bp-5,0x1.bd06bb911d5bdp-5,0x1.bc6690ac8a20bp-5
MI,SC_04cdabd0598f,CEDW,3,0x1.5919efb75e537p+1,0x1.1414bfc5e50f9p-1,0x1.4baf5fad1004dp-3,0x1.0bc5757e4ee93p-3,0x1.0eb4326920c3cp-3,0x1.1894a737b1816p-3,0x1.086745bd86d66p-3,0x1.092c9dc46f8e1p-3,0x1.092c9dc46f8e1p-3,0x1.2f2dc752c16f6p-3,0x1.0df3f7e25641fp-3,0x1.16fe0f29f2577p-3,0x1.177abcd357989p-3,0x1.1894a737b1816p-3,0x1.0eb4326920c3cp-3,0x1.18182ce26e7eap-3,0x1.0bc317015cc1ep-3,0x1.16221c000d5f2p-3,0x1.0eb4326920c3cp-3,0x1.0dd4bcf423ef7p-3,0x1.0bc841fb9604dp-3,0x1.177abcd357989p-3,0x1.1894a737b1816p-3,0x1.1789dda1a065bp-3
MI,SC_04cdabd0598f,DEJU,1,0x1.5919efb75e537p+1,0x1.5919efb75e537p+1,0x1.e5eb921e9640cp-5,0x1.de6f3452525b7p-5,0x1.e06ced8b32f5bp-5,0x1.c05f2244745c9p-5,0x1.cf7a3aeca9466p-5,0x1.ced5fd5b9e3a4p-5,0x1.ced5fd5b9e3a4p-5,0x1.c0c7f45a13eb9p-5,0x1.c21f79bb8f179p-5,0x1.bee52ecdb5ab8p-5,0x1.beaaba9359998p-5,0x1.c05f2244745c9p-5,0x1.e06ced8b32f5bp-5,0x1.bef1c09c3a289p-5,0x1.de6a85bd8b055p-5,0x1.c0f43e17500aap-5,0x1.e06ced8b32f5bp-5,0x1.debcb8514fe7fp-5,0x1.d153d397bc10ep-5,0x1.beaaba9359998p-5,0x1.c05f2244745c9p-5,0x1.bf1f6b528fd8ap-5
MI,SC_04cdabd0598f,GRYE,1,0x1.5919efb75e537p+1,0x1.5919efb75e537p+1,0x1.e5eb921e9640cp-5,0x1.de6f3452525b7p-5,0x1.e06ced8b32f5bp-5,0x1.c05f2244745c9p-5,0x1.cf7a3aeca9466p-5,0x1.ced5fd5b9e3a4p-5,0x1.ced5fd5b9e3a4p-5,0x1.c0c7f45a13eb9p-5,0x1.c21f79bb8f179p-5,0x1.bee52ecdb5ab8p-5,0x1.beaaba9359998p-5,0x1.c05f2244745c9p-5,0x1.e06ced8b32f5bp-5,0x1.bef1c09c3a289p-5,0x1.de6a85bd8b055p-5,0x1.c0f43e17500aap-5,0x1.e06ced8b32f5bp-5,0x1.debcb8514fe7fp-5,0x1.d153d397bc10ep-5,0x1.beaaba9359998p-5,0x1.c05f2244745c9p-5,0x1.bf1f6b528fd8ap-5
MI,SC_04cdabd0598f,LEFL,1,0x1.5919efb75e537p+1,0x1.5919efb75e537p+1,0x1.e2ce996819204p-5,0x1.d1d738dd8ea5bp-5,0x1.d3cb7809437a3p-5,0x1.bd06bb911d5bdp-5,0x1.c3c74dd3b88a3p-5,0x1.c345e37cd4dd7p-5,0x1.c345e37cd4dd7p-5,0x1.b8e935cd25fa1p-5,0x1.c0dff71a9e700p-5,0x1.bc07da13a17f4p-5,0x1.bafe39ff4872bp-5,0x1.bd06bb911d5bdp-5,0x1.d3cb7809437a3p-5,0x1.bb69d078053a8p-5,0x1.d1d1317acf4adp-5,0x1.bd5b5bee08f60p-5,0x1.d3cb7809437a3p-5,0x1.d19233ccff118p-5,0x1.c594a40c1bc03p-5,0x1.bafe39ff4872bp-5,0x1.bd06bb911d5bdp-5,0x1.bc6690ac8a20bp-5
MI,SC_04cdabd0598f,MAWA,2,0x1.5919efb75e537p+1,0x1.1414bfc5e50f9p+0,0x1.a5fd971b1875dp-4,0x1.4df283fcde3c6p-4,0x1.50c98ca193640p-4,0x1.5d4b45a3d9bfcp-4,0x1.509ad47ee20e9p-4,0x1.5243f4e518186p-4,0x1.5243f4e518186p-4,0x1.72e3a092e8645p-4,0x1.5978563abded4p-4,0x1.5c6385edbdd39p-4,0x1.5b807fd57f30dp-4,0x1.63dc761515904p-4,0x1.50c98ca193640p-4,0x1.62dd8a765ef91p-4,0x1.4def44032ca61p-4,0x1.5b1bd7346006fp-4,0x1.50c98ca193640p-4,0x1.4f980ba4eb4e5p-4,0x1.5355764eac2cap-4,0x1.5b807fd57f30dp-4,0x1.5d4b45a3d9bfcp-4,0x1.627bbc040632ep-4
MI,SC_04cdabd0598f,NOWA,3,0x1.5919efb75e537p+1,0x1.1414bfc5e50f9p-1,0x1.47f5b0c174616p-3,0x1.e421ce963d9abp-4,0x1.e9b4013d42bc0p-4,0x1.0adf3d7adc63bp-3,0x1.eb55a7429eb1cp-4,0x1.ee87472502cfcp-4,0x1.ee87472502cfcp-4,0x1.26540bce441e5p-3,0x1.01d46810ccba9p-3,0x1.09d41aa814db4p-3,0x1.098fae46e3469p-3,0x1.0f237c4c79b92p-3,0x1.e9b4013d42bc0p-4,0x1.0e927598e96c9p-3,0x1.e41dcf55e95fcp-4,0x1.08315a8d80654p-3,0x1.e9b4013d42bc0p-4,0x1.e83d1986dccd6p-4,0x1.f15537d4b5c1fp-4,0x1.098fae46e3469p-3,0x1.0adf3d7adc63bp-3,0x1.0e99d164d311cp-3
MI,SC_04cdabd0598f,OCWA,1,0x1.5919efb75e537p+1,0x1.5919efb75e537p+1,0x1.e51d6df91450ap-5,0x1.dc3b56d3cb291p-5,0x1.defee03705231p-5,0x1.bee262074ec05p-5,0x1.cd623bbb395f4p-5,0x1.ccc352b0a4f37p-5,0x1.ccc352b0a4f37p-5,0x1.bffc123d84351p-5,0x1.c0501306b4266p-5,0x1.bdbdc959bbdecp-5,0x1.bd2fc4aa54f45p-5,0x1.bee262074ec05p-5,0x1.defee03705231p-5,0x1.bd77183318872p-5,0x1.dc3511b0106dfp-5,0x1.bfafd59f40b50p-5,0x1.defee03705231p-5,0x1.dcaa66675c3aap-5,0x1.cff0d778a70dap-5,0x1.bd2fc4aa54f45p-5,0x1.bee262074ec05p-5,0x1.bdfdcb7eb2ce2p-5
MI,SC_04cdabd0598f,PHVI,1,0x1.5919efb75e537p+1,0x1.5919efb75e537p+1,0x1.e2ce996819204p-5,0x1.d1d738dd8ea5bp-5,0x1.d3cb7809437a3p-5,0x1.bd06bb911d5bdp-5,0x1.c3c74dd3b88a3p-5,0x1.c345e37cd4dd7p-5,0x1.c345e37cd4dd7p-5,0x1.b8e935cd25fa1p-5,0x1.c0dff71a9e700p-5,0x1.bc07da13a17f4p-5,0x1.bafe39ff4872bp-5,0x1.bd06bb911d5bdp-5,0x1.d3cb7809437a3p-5,0x1.bb69d078053a8p-5,0x1.d1d1317acf4adp-5,0x1.bd5b5bee08f60p-5,0x1.d3cb7809437a3p-5,0x1.d19233ccff118p-5,0x1.c594a40c1bc03p-5,0x1.bafe39ff4872bp-5,0x1.bd06bb911d5bdp-5,0x1.bc6690ac8a20bp-5
MI,SC_04cdabd0598f,SPSA,3,0x1.5919efb75e537p+1,0x1.1414bfc5e50f9p-1,0x1.9211c2deb1992p-3,0x1.3c268a932a36cp-3,0x1.3cefcff8e95bbp-3,0x1.4b145f4578c9dp-3,0x1.4c55e25fe7795p-3,0x1.4eefb6f215788p-3,0x1.4eefb6f215788p-3,0x1.677b1e64dc2d5p-3,0x1.422a5b0424f5ep-3,0x1.498af840a5585p-3,0x1.4a3c54e5db564p-3,0x1.5a8c042eb1ab7p-3,0x1.3cefcff8e95bbp-3,0x1.5a12f21620cd7p-3,0x1.3c2560753b87ap-3,0x1.495eb0fcde544p-3,0x1.3cefcff8e95bbp-3,0x1.3c884f76e2f8ap-3,0x1.4e7b2a454d70ap-3,0x1.4a3c54e5db564p-3,0x1.4b145f4578c9dp-3,0x1.5b409e3e5ef94p-3
MI,SC_04cdabd0598f,SWSP,1,0x1.5919efb75e537p+1,0x1.5919efb75e537p+1,0x1.e51d6df91450ap-5,0x1.dc3b56d3cb291p-5,0x1.defee03705231p-5,0x1.bee262074ec05p-5,0x1.cd623bbb395f4p-5,0x1.ccc352b0a4f37p-5,0x1.ccc352b0a4f37p-5,0x1.bffc123d84351p-5,0x1.c0501306b4266p-5,0x1.bdbdc959bbdecp-5,0x1.bd2fc4aa54f45p-5,0x1.bee262074ec05p-5,0x1.defee03705231p-5,0x1.bd77183318872p-5,0x1.dc3511b0106dfp-5,0x1.bfafd59f40b50p-5,0x1.defee03705231p-5,0x1.dcaa66675c3aap-5,0x1.cff0d778a70dap-5,0x1.bd2fc4aa54f45p-5,0x1.bee262074ec05p-5,0x1.bdfdcb7eb2ce2p-5
MI,SC_04cdabd0598f,TEWA,1,0x1.5919efb75e537p+1,0x1.5919efb75e537p+1,0x1.e8bfdee1d3196p-5,0x1.a8a0844aec2e7p-5,0x1.aabef8632a2fap-5,0x1.aabef8632a2fap-5,0x1.a8c3da798a878p-5,0x1.aa09ee5bcd234p-5,0x1.aa09ee5bcd234p-5,0x1.a8925d294f5abp-5,0x1.a87aac79d8314p-5,0x1.a8d00fb3bdc32p-5,0x1.a7d558fb93f70p-5,0x1.aa3a0790bfc3fp-5,0x1.aabef8632a2fap-5,0x1.a8a5ec3d84ef6p-5,0x1.a89b4249fed6bp-5,0x1.a89b4249fed6bp-5,0x1.aabef8632a2fap-5,0x1.a8d00fb3bdc32p-5,0x1.aa3a0790bfc3fp-5,0x1.a7d558fb93f70p-5,0x1.aabef8632a2fap-5,0x1.a9df8e7c57503p-5
MI,SC_04cdabd0598f,YEWA,4,0x1.5919efb75e537p+1,0x1.1414bfc5e50f9p-2,0x1.243aebf35d80fp-2,0x1.91203ef195da7p-3,0x1.9795d1f3ca7e0p-3,0x1.b340d61bd6a5bp-3,0x1.a902977c4228ep-3,0x1.b4023a86e943fp-3,0x1.b4023a86e943fp-3,0x1.e462ee167989ap-3,0x1.a52ef7df6e8b5p-3,0x1.b12c185384fb6p-3,0x1.b097716a5cc8ap-3,0x1.c7874573a6a18p-3,0x1.9795d1f3ca7e0p-3,0x1.c6ae31add356ap-3,0x1.911d5aded07ebp-3,0x1.ac38724904532p-3,0x1.9795d1f3ca7e0p-3,0x1.96867b107f00cp-3,0x1.aff1230823cf0p-3,0x1.b097716a5cc8ap-3,0x1.b340d61bd6a5bp-3,0x1.cf950e7679639p-3
MI,SC_04cdabd0598f,YRWA,4,0x1.5919efb75e537p+1,0x1.1414bfc5e50f9p-2,0x1.268b536388886p-2,0x1.ba0e40fd4cdd5p-3,0x1.bc59f473e7710p-3,0x1.d9a0a6be31fd7p-3,0x1.d28405161bd9cp-3,0x1.d6aae52f372c0p-3,0x1.d6aae52f372c0p-3,0x1.0506233da07aep-2,0x1.c7e998a4deb56p-3,0x1.d6fce19de36d2p-3,0x1.d873090e6a753p-3,0x1.ed732e36026a8p-3,0x1.bc59f473e7710p-3,0x1.ed1897cf40279p-3,0x1.ba0d6cd04b4d7p-3,0x1.d5657e59d7639p-3,0x1.bc59f473e7710p-3,0x1.bc14f7c757ac5p-3,0x1.d70f07be801e6p-3,0x1.d873090e6a753p-3,0x1.d9a0a6be31fd7p-3,0x1.ee012991ea41cp-3
PR,SC_04cdabd0598f,ALFL,3,0x1.5919efb75e535p+1,0x1.1414bfc5e50f7p-1,0x1.3d5ff3c3851b5p-4,0x1.0bbfdc9d03272p-4,0x1.100e8cccbebdbp-4,0x1.10b87377437dep-4,0x1.0160f77c1d882p-4,0x1.023098c3a3955p-4,0x1.060420e6d378dp-4,0x1.0a3d5b2e92698p-4,0x1.27e0399cbc1d8p-4,0x1.0ff9c4eb9171bp-4,0x1.10579d92a497ap-4,0x1.10b87377437dep-4,0x1.100e8cccbebdbp-4,0x1.1106572d2bd15p-4,0x1.01e93f8660174p-4,0x1.0cf20cc5cef15p-4,0x1.100e8cccbebdbp-4,0x1.053fa1bc50a7cp-4,0x1.053b52431e01ap-4,0x1.10579d92a497ap-4,0x1.10b87377437dep-4,0x1.10962109942bfp-4
PR,SC_04cdabd0598f,AMRE,1,0x1.5919efb75e535p+1,0x1.5919efb75e535p+1,0x1.b6d281ac244f8p-6,0x1.a9c9d4741bf4ap-6,0x1.ac4dd7b570004p-6,0x1.ac4dd7b570004p-6,0x1.9cf3ad1675768p-6,0x1.9d2d74d48a192p-6,0x1.9f60a4bc47baap-6,0x1.9def72a1892f7p-6,0x1.ada18fbef04d5p-6,0x1.a0873dd86e487p-6,0x1.abf1784e5e121p-6,0x1.9de6cd5464c96p-6,0x1.ac4dd7b570004p-6,0x1.9df384185c279p-6,0x1.9ff02999111adp-6,0x1.a89e0068df913p-6,0x1.ac4dd7b570004p-6,0x1.a0873dd86e487p-6,0x1.9de6cd5464c96p-6,0x1.abf1784e5e121p-6,0x1.ad839d1d476bfp-6,0x1.a0a478ca714cbp-6
PR,SC_04cdabd0598f,AMRO,3,0x1.5919efb75e535p+1,0x1.1414bfc5e50f7p-1,0x1.3c6a5c93f52f4p-4,0x1.f5be70cab52adp-5,0x1.fcc130ab641c9p-5,0x1.0807bd924442ep-4,0x1.f26d107d24df1p-5,0x1.f3a28f5a311b9p-5,0x1.ed0f72c3e1e03p-5,0x1.091dcbb2c7ed0p-4,0x1.14f6ae26a4536p-4,0x1.13a46608095f0p-4,0x1.074c6430e4f82p-4,0x1.12e73b76b1d2cp-4,0x1.fcc130ab641c9p-5,0x1.135158f52918fp-4,0x1.fb17aacd312b0p-5,0x1.04cb0f1ad74c1p-4,0x1.fcc130ab641c9p-5,0x1.ff8612f1e0aaap-5,0x1.f86f89b92958cp-5,0x1.074c6430e4f82p-4,0x1.07b3e03ad69c2p-4,0x1.141805c9ad311p-4
PR,SC_04cdabd0598f,ATTW,1,0x1.5919efb75e535p+1,0x1.5919efb75e535p+1,0x1.b9e61524b15ddp-6,0x1.c96fdaf4ed968p-6,0x1.cd1ee3197001cp-6,0x1.a5a1b515e60e2p-6,0x1.ac222d148f9cep-6,0x1.acb080e8f40a5p-6,0x1.bc3142f69f97bp-6,0x1.aa13e0e493222p-6,0x1.a24878dc44a6ap-6,0x1.a6083c2948034p-6,0x1.a4eb19812a8d4p-6,0x1.a5a1b515e60e2p-6,0x1.cd1ee3197001cp-6,0x1.a55df9900aaa1p-6,0x1.a82d43ad6a8c1p-6,0x1.a3ebe4571cab8p-6,0x1.cd1ee3197001cp-6,0x1.aaa67fc34ef4fp-6,0x1.ae6af091028b6p-6,0x1.a4eb19812a8d4p-6,0x1.a5a1b515e60e2p-6,0x1.a66f9fc8df850p-6
PR,SC_04cdabd0598f,BBWO,1,0x1.5919efb75e535p+1,0x1.5919efb75e535p+1,0x1.b9e61524b15ddp-6,0x1.c96fdaf4ed968p-6,0x1.cd1ee3197001cp-6,0x1.a5a1b515e60e2p-6,0x1.ac222d148f9cep-6,0x1.acb080e8f40a5p-6,0x1.bc3142f69f97bp-6,0x1.aa13e0e493222p-6,0x1.a24878dc44a6ap-6,0x1.a6083c2948034p-6,0x1.a4eb19812a8d4p-6,0x1.a5a1b515e60e2p-6,0x1.cd1ee3197001cp-6,0x1.a55df9900aaa1p-6,0x1.a82d43ad6a8c1p-6,0x1.a3ebe4571cab8p-6,0x1.cd1ee3197001cp-6,0x1.aaa67fc34ef4fp-6,0x1.ae6af091028b6p-6,0x1.a4eb19812a8d4p-6,0x1.a5a1b515e60e2p-6,0x1.a66f9fc8df850p-6
PR,SC_04cdabd0598f,CEDW,3,0x1.5919efb75e535p+1,0x1.1414bfc5e50f7p-1,0x1.3d5ff3c3851b5p-4,0x1.0bbfdc9d03272p-4,0x1.100e8cccbebdbp-4,0x1.10b87377437dep-4,0x1.0160f77c1d882p-4,0x1.023098c3a3955p-4,0x1.060420e6d378dp-4,0x1.0a3d5b2e92698p-4,0x1.27e0399cbc1d8p-4,0x1.0ff9c4eb9171bp-4,0x1.10579d92a497ap-4,0x1.10b87377437dep-4,0x1.100e8cccbebdbp-4,0x1.1106572d2bd15p-4,0x1.01e93f8660174p-4,0x1.0cf20cc5cef15p-4,0x1.100e8cccbebdbp-4,0x1.053fa1bc50a7cp-4,0x1.053b52431e01ap-4,0x1.10579d92a497ap-4,0x1.10b87377437dep-4,0x1.10962109942bfp-4
PR,SC_04cdabd0598f,DEJU,1,0x1.5919efb75e535p+1,0x1.5919efb75e535p+1,0x1.b9c19d6d0b5f5p-6,0x1.cf498d57deeadp-6,0x1.d3502b87b6664p-6,0x1.a2d1d9376b9b9p-6,0x1.b197f9d4ad04ap-6,0x1.b233823cc995ep-6,0x1.c259e28f2e8f7p-6,0x1.a5f095c8c29a0p-6,0x1.a37ebf3d957c2p-6,0x1.a29d4a173d2e2p-6,0x1.a24d90aad7790p-6,0x1.a2d1d9376b9b9p-6,0x1.d3502b87b6664p-6,0x1.a2adff5f58a8fp-6,0x1.ad0abf8dd5c29p-6,0x1.a0f41ca858a32p-6,0x1.d3502b87b6664p-6,0x1.b0600156b6ee6p-6,0x1.b418546838dc7p-6,0x1.a24d90aad7790p-6,0x1.a2d1d9376b9b9p-6,0x1.a2f09e815e38ap-6
PR,SC_04cdabd0598f,GRYE,1,0x1.5919efb75e535p+1,0x1.5919efb75e535p+1,0x1.b9c19d6d0b5f5p-6,0x1.cf498d57deeadp-6,0x1.d3502b87b6664p-6,0x1.a2d1d9376b9b9p-6,0x1.b197f9d4ad04ap-6,0x1.b233823cc995ep-6,0x1.c259e28f2e8f7p-6,0x1.a5f095c8c29a0p-6,0x1.a37ebf3d957c2p-6,0x1.a29d4a173d2e2p-6,0x1.a24d90aad7790p-6,0x1.a2d1d9376b9b9p-6,0x1.d3502b87b6664p-6,0x1.a2adff5f58a8fp-6,0x1.ad0abf8dd5c29p-6,0x1.a0f41ca858a32p-6,0x1.d3502b87b6664p-6,0x1.b0600156b6ee6p-6,0x1.b418546838dc7p-6,0x1.a24d90aad7790p-6,0x1.a2d1d9376b9b9p-6,0x1.a2f09e815e38ap-6
PR,SC_04cdabd0598f,LEFL,1,0x1.5919efb75e535p+1,0x1.5919efb75e535p+1,0x1.b9e61524b15ddp-6,0x1.c96fdaf4ed968p-6,0x1.cd1ee3197001cp-6,0x1.a5a1b515e60e2p-6,0x1.ac222d148f9cep-6,0x1.acb080e8f40a5p-6,0x1.bc3142f69f97bp-6,0x1.aa13e0e493222p-6,0x1.a24878dc44a6ap-6,0x1.a6083c2948034p-6,0x1.a4eb19812a8d4p-6,0x1.a5a1b515e60e2p-6,0x1.cd1ee3197001cp-6,0x1.a55df9900aaa1p-6,0x1.a82d43ad6a8c1p-6,0x1.a3ebe4571cab8p-6,0x1.cd1ee3197001cp-6,0x1.aaa67fc34ef4fp-6,0x1.ae6af091028b6p-6,0x1.a4eb19812a8d4p-6,0x1.a5a1b515e60e2p-6,0x1.a66f9fc8df850p-6
PR,SC_04cdabd0598f,MAWA,2,0x1.5919efb75e535p+1,0x1.1414bfc5e50f7p+0,0x1.86c35c0b88ebdp-5,0x1.538cd2fda6246p-5,0x1.57062f4ceddbbp-5,0x1.50990aa43c2cdp-5,0x1.4d64fca6388c9p-5,0x1.4deaf864b4732p-5,0x1.4c73908eb6773p-5,0x1.58fcc830d46f9p-5,0x1.50dadc25bb65fp-5,0x1.6073ed06fe77ep-5,0x1.4fa81c1e7e355p-5,0x1.5fbb109acdc6dp-5,0x1.57062f4ceddbbp-5,0x1.600e36298f8fbp-5,0x1.51a38957de5eep-5,0x1.4df05d06f23b3p-5,0x1.57062f4ceddbbp-5,0x1.53776dd86502cp-5,0x1.4fdb4d1db8e0ap-5,0x1.4fa81c1e7e355p-5,0x1.50280886f23d4p-5,0x1.60d29767bf05ep-5
PR,SC_04cdabd0598f,NOWA,3,0x1.5919efb75e535p+1,0x1.1414bfc5e50f7p-1,0x1.3c6a5c93f52f4p-4,0x1.f5be70cab52adp-5,0x1.fcc130ab641c9p-5,0x1.0807bd924442ep-4,0x1.f26d107d24df1p-5,0x1.f3a28f5a311b9p-5,0x1.ed0f72c3e1e03p-5,0x1.091dcbb2c7ed0p-4,0x1.14f6ae26a4536p-4,0x1.13a46608095f0p-4,0x1.074c6430e4f82p-4,0x1.12e73b76b1d2cp-4,0x1.fcc130ab641c9p-5,0x1.135158f52918fp-4,0x1.fb17aacd312b0p-5,0x1.04cb0f1ad74c1p-4,0x1.fcc130ab641c9p-5,0x1.ff8612f1e0aaap-5,0x1.f86f89b92958cp-5,0x1.074c6430e4f82p-4,0x1.07b3e03ad69c2p-4,0x1.141805c9ad311p-4
PR,SC_04cdabd0598f,OCWA,1,0x1.5919efb75e535p+1,0x1.5919efb75e535p+1,0x1.b939e5892fe98p-6,0x1.cda1668966c36p-6,0x1.d25c24079dc9dp-6,0x1.a1c27b7c20e83p-6,0x1.b0064cbae0123p-6,0x1.b0a2530765974p-6,0x1.c0b31c434d6a5p-6,0x1.a4a6a73ccfa18p-6,0x1.a313d8ea101ffp-6,0x1.a1fef066ad143p-6,0x1.a14146db73be6p-6,0x1.a1c27b7c20e83p-6,0x1.d25c24079dc9dp-6,0x1.a1a0dbcf7a3f2p-6,0x1.ab861418c4f5bp-6,0x1.a04144b23f529p-6,0x1.d25c24079dc9dp-6,0x1.aeeefeed8e191p-6,0x1.b33401b76d606p-6,0x1.a14146db73be6p-6,0x1.a1c27b7c20e83p-6,0x1.a25680687e896p-6
PR,SC_04cdabd0598f,PHVI,1,0x1.5919efb75e535p+1,0x1.5919efb75e535p+1,0x1.b9e61524b15ddp-6,0x1.c96fdaf4ed968p-6,0x1.cd1ee3197001cp-6,0x1.a5a1b515e60e2p-6,0x1.ac222d148f9cep-6,0x1.acb080e8f40a5p-6,0x1.bc3142f69f97bp-6,0x1.aa13e0e493222p-6,0x1.a24878dc44a6ap-6,0x1.a6083c2948034p-6,0x1.a4eb19812a8d4p-6,0x1.a5a1b515e60e2p-6,0x1.cd1ee3197001cp-6,0x1.a55df9900aaa1p-6,0x1.a82d43ad6a8c1p-6,0x1.a3ebe4571cab8p-6,0x1.cd1ee3197001cp-6,0x1.aaa67fc34ef4fp-6,0x1.ae6af091028b6p-6,0x1.a4eb19812a8d4p-6,0x1.a5a1b515e60e2p-6,0x1.a66f9fc8df850p-6
PR,SC_04cdabd0598f,SPSA,3,0x1.5919efb75e535p+1,0x1.1414bfc5e50f7p-1,0x1.40ceb21ccdb54p-4,0x1.f26aef19413f5p-5,0x1.f9676dea9b244p-5,0x1.0b1fac9b72992p-4,0x1.11cc07c2f560dp-4,0x1.124329ea27dc6p-4,0x1.ffb6a71100500p-5,0x1.1b683f2084810p-4,0x1.17758e760ddbcp-4,0x1.26703ef173cfap-4,0x1.09e10bf5e9c31p-4,0x1.20369f2971bc6p-4,0x1.f9676dea9b244p-5,0x1.20aca4408a456p-4,0x1.1b6fb9c7fb340p-4,0x1.08202b13888afp-4,0x1.f9676dea9b244p-5,0x1.1d6d36cdb614dp-4,0x1.146d7514a026ep-4,0x1.09e10bf5e9c31p-4,0x1.09fa21a21d28cp-4,0x1.26d0684b657bep-4
PR,SC_04cdabd0598f,SWSP,1,0x1.5919efb75e535p+1,0x1.5919efb75e535p+1,0x1.b939e5892fe98p-6,0x1.cda1668966c36p-6,0x1.d25c24079dc9dp-6,0x1.a1c27b7c20e83p-6,0x1.b0064cbae0123p-6,0x1.b0a2530765974p-6,0x1.c0b31c434d6a5p-6,0x1.a4a6a73ccfa18p-6,0x1.a313d8ea101ffp-6,0x1.a1fef066ad143p-6,0x1.a14146db73be6p-6,0x1.a1c27b7c20e83p-6,0x1.d25c24079dc9dp-6,0x1.a1a0dbcf7a3f2p-6,0x1.ab861418c4f5bp-6,0x1.a04144b23f529p-6,0x1.d25c24079dc9dp-6,0x1.aeeefeed8e191p-6,0x1.b33401b76d606p-6,0x1.a14146db73be6p-6,0x1.a1c27b7c20e83p-6,0x1.a25680687e896p-6
PR,SC_04cdabd0598f,TEWA,1,0x1.5919efb75e535p+1,0x1.5919efb75e535p+1,0x1.b6d281ac244f8p-6,0x1.a9c9d4741bf4ap-6,0x1.ac4dd7b570004p-6,0x1.ac4dd7b570004p-6,0x1.9cf3ad1675768p-6,0x1.9d2d74d48a192p-6,0x1.9f60a4bc47baap-6,0x1.9def72a1892f7p-6,0x1.ada18fbef04d5p-6,0x1.a0873dd86e487p-6,0x1.abf1784e5e121p-6,0x1.9de6cd5464c96p-6,0x1.ac4dd7b570004p-6,0x1.9df384185c279p-6,0x1.9ff02999111adp-6,0x1.a89e0068df913p-6,0x1.ac4dd7b570004p-6,0x1.a0873dd86e487p-6,0x1.9de6cd5464c96p-6,0x1.abf1784e5e121p-6,0x1.ad839d1d476bfp-6,0x1.a0a478ca714cbp-6
PR,SC_04cdabd0598f,YEWA,4,0x1.5919efb75e535p+1,0x1.1414bfc5e50f7p-2,0x1.f86f956ad10aep-4,0x1.7231f08764f27p-4,0x1.791b883683607p-4,0x1.82891d00f5667p-4,0x1.8d8f7f9bbc569p-4,0x1.8ea6637344043p-4,0x1.757e1fbd3b6c9p-4,0x1.9fa816e424a91p-4,0x1.8e339e1f7bd89p-4,0x1.b5844a725b13bp-4,0x1.80b0e8fad3318p-4,0x1.ab5017454e40ap-4,0x1.791b883683607p-4,0x1.ac21ae2b7d6f7p-4,0x1.9d26fa5c6f28bp-4,0x1.7bcf27b81177ep-4,0x1.791b883683607p-4,0x1.a1d5643b8e295p-4,0x1.93b42e10e0bd4p-4,0x1.80b0e8fad3318p-4,0x1.818e43435256cp-4,0x1.b666d0abba001p-4
PR,SC_04cdabd0598f,YRWA,4,0x1.5919efb75e535p+1,0x1.1414bfc5e50f7p-2,0x1.f77c5600fe653p-4,0x1.6a3215701aa37p-4,0x1.70761027da31bp-4,0x1.926b80d7a5221p-4,0x1.92c111519d6e3p-4,0x1.93b9fac805090p-4,0x1.75225325d9f1dp-4,0x1.a4c1e2fa3d0c1p-4,0x1.b174e15f0fa0fp-4,0x1.b8822bfd0c1e6p-4,0x1.90a61b797a4b8p-4,0x1.b06971a9ade4ep-4,0x1.70761027da31bp-4,0x1.b1593eea36344p-4,0x1.a2d5e047e1b91p-4,0x1.8c117b5f832d6p-4,0x1.70761027da31bp-4,0x1.a72f5d86e2eeep-4,0x1.9843e92c4a66ep-4,0x1.90a61b797a4b8p-4,0x1.90d8ba859ba21p-4,0x1.b95b1b6f2bba3p-4
SF,SC_04cdabd0598f,ALFL,3,0x1.5919efb75e53ap+1,0x1.1414bfc5e50fbp-1,0x1.f85e30da1a4d2p-2,0x1.b76fadbf85044p-2,0x1.baa59cae936e4p-2,0x1.d4e39734673c9p-2,0x1.b32f8b79adf69p-2,0x1.b4047ecfa18d8p-2,0x1.b2b3873eb96a4p-2,0x1.c5135c7cfe417p-2,0x1.c08e0bbb37f9dp-2,0x1.d384572fc8950p-2,0x1.d51692e334f6dp-2,0x1.d4e39734673c9p-2,0x1.baa59cae936e4p-2,0x1.d599f7404fd8bp-2,0x1.b24052d130cdfp-2,0x1.d1dccc758ce2bp-2,0x1.baa59cae936e4p-2,0x1.b5d7591fe32d5p-2,0x1.b65f3b5ac0bccp-2,0x1.d51692e334f6dp-2,0x1.d4e39734673c9p-2,0x1.d3fc80a72e61dp-2
SF,SC_04cdabd0598f,AMRE,1,0x1.5919efb75e53ap+1,0x1.5919efb75e53ap+1,0x1.efaedaeef098dp-3,0x1.c00051aa73ccep-3,0x1.c155372213e00p-3,0x1.c155372213e00p-3,0x1.c5f1943f889e9p-3,0x1.c62ab711d23d3p-3,0x1.bafce7555678ap-3,0x1.c65ee097ac4bbp-3,0x1.c2c602dfa286bp-3,0x1.bbd621d581da0p-3,0x1.c14402b1871bep-3,0x1.c5e3e58cf7b8cp-3,0x1.c155372213e00p-3,0x1.c66adbe92d09bp-3,0x1.ba6264128cce5p-3,0x1.bfffe0e546faap-3,0x1.c155372213e00p-3,0x1.bbd621d581da0p-3,0x1.c5e3e58cf7b8cp-3,0x1.c14402b1871bep-3,0x1.c279f99b3943dp-3,0x1.bc6e4bebf20d6p-3
SF,SC_04cdabd0598f,AMRO,3,0x1.5919efb75e53ap+1,0x1.1414bfc5e50fbp-1,0x1.f2241a58125efp-2,0x1.9d39c2d21b6a7p-2,0x1.a0545d3302757p-2,0x1.be2db78a15677p-2,0x1.ac6a6447ba50dp-2,0x1.ad02553dc8396p-2,0x1.9cb578692998ep-2,0x1.c4abc7f748a02p-2,0x1.b15242f230371p-2,0x1.c7ac879ff9072p-2,0x1.bd60fbb3d80c6p-2,0x1.d615bcdf9c0d4p-2,0x1.a0545d3302757p-2,0x1.d6d3f475b0a17p-2,0x1.9c987a05abb75p-2,0x1.bac0433af5bbap-2,0x1.a0545d3302757p-2,0x1.9fbb09ac8c4c3p-2,0x1.aea9277f3603ap-2,0x1.bd60fbb3d80c6p-2,0x1.bd676e74318bap-2,0x1.c849cfd516eccp-2
SF,SC_04cdabd0598f,ATTW,1,0x1.5919efb75e53ap+1,0x1.5919efb75e53ap+1,0x1.f433748d0c611p-3,0x1.e2feb05af8166p-3,0x1.e4671ec1fbef3p-3,0x1.c8bb46165e6a5p-3,0x1.cb186734b2b94p-3,0x1.cba6aa86fe10ep-3,0x1.d754018cc9d01p-3,0x1.ca8b80ea9bd2ap-3,0x1.cb6a9163abf45p-3,0x1.c91c27be1ce45p-3,0x1.c899e04f605e6p-3,0x1.c8bb46165e6a5p-3,0x1.e4671ec1fbef3p-3,0x1.c912c9060e9d6p-3,0x1.d63eff87e1b30p-3,0x1.c85bd8866c7c0p-3,0x1.e4671ec1fbef3p-3,0x1.d8503b2fdb483p-3,0x1.cc6362b125803p-3,0x1.c899e04f605e6p-3,0x1.c8bb46165e6a5p-3,0x1.c989c4e457ff2p-3
SF,SC_04cdabd0598f,BBWO,1,0x1.5919efb75e53ap+1,0x1.5919efb75e53ap+1,0x1.f433748d0c611p-3,0x1.e2feb05af8166p-3,0x1.e4671ec1fbef3p-3,0x1.c8bb46165e6a5p-3,0x1.cb186734b2b94p-3,0x1.cba6aa86fe10ep-3,0x1.d754018cc9d01p-3,0x1.ca8b80ea9bd2ap-3,0x1.cb6a9163abf45p-3,0x1.c91c27be1ce45p-3,0x1.c899e04f605e6p-3,0x1.c8bb46165e6a5p-3,0x1.e4671ec1fbef3p-3,0x1.c912c9060e9d6p-3,0x1.d63eff87e1b30p-3,0x1.c85bd8866c7c0p-3,0x1.e4671ec1fbef3p-3,0x1.d8503b2fdb483p-3,0x1.cc6362b125803p-3,0x1.c899e04f605e6p-3,0x1.c8bb46165e6a5p-3,0x1.c989c4e457ff2p-3
SF,SC_04cdabd0598f,CEDW,3,0x1.5919efb75e53ap+1,0x1.1414bfc5e50fbp-1,0x1.f85e30da1a4d2p-2,0x1.b76fadbf85044p-2,0x1.baa59cae936e4p-2,0x1.d4e39734673c9p-2,0x1.b32f8b79adf69p-2,0x1.b4047ecfa18d8p-2,0x1.b2b3873eb96a4p-2,0x1.c5135c7cfe417p-2,0x1.c08e0bbb37f9dp-2,0x1.d384572fc8950p-2,0x1.d51692e334f6dp-2,0x1.d4e39734673c9p-2,0x1.baa59cae936e4p-2,0x1.d599f7404fd8bp-2,0x1.b24052d130cdfp-2,0x1.d1dccc758ce2bp-2,0x1.baa59cae936e4p-2,0x1.b5d7591fe32d5p-2,0x1.b65f3b5ac0bccp-2,0x1.d51692e334f6dp-2,0x1.d4e39734673c9p-2,0x1.d3fc80a72e61dp-2
SF,SC_04cdabd0598f,DEJU,1,0x1.5919efb75e53ap+1,0x1.5919efb75e53ap+1,0x1.f5f3beaf69fdep-3,0x1.eb2ba70e23549p-3,0x1.ecb7e49265a8cp-3,0x1.cc72b6ceaa43ap-3,0x1.d1a320bdc782fp-3,0x1.d23a259cb37c0p-3,0x1.df6607d3594f5p-3,0x1.cbd595b3911edp-3,0x1.cbe5b92e3d207p-3,0x1.cd0b2aeae6147p-3,0x1.cc9aa6d4f5adcp-3,0x1.cc72b6ceaa43ap-3,0x1.ecb7e49265a8cp-3,0x1.ccf204a4fb0b6p-3,0x1.de34036336ae8p-3,0x1.ccf3b77048f68p-3,0x1.ecb7e49265a8cp-3,0x1.e0e4c945d7d77p-3,0x1.d315d9b7f2ad8p-3,0x1.cc9aa6d4f5adcp-3,0x1.cc72b6ceaa43ap-3,0x1.cd55d0d094ef6p-3
SF,SC_04cdabd0598f,GRYE,1,0x1.5919efb75e53ap+1,0x1.5919efb75e53ap+1,0x1.f5f3beaf69fdep-3,0x1.eb2ba70e23549p-3,0x1.ecb7e49265a8cp-3,0x1.cc72b6ceaa43ap-3,0x1.d1a320bdc782fp-3,0x1.d23a259cb37c0p-3,0x1.df6607d3594f5p-3,0x1.cbd595b3911edp-3,0x1.cbe5b92e3d207p-3,0x1.cd0b2aeae6147p-3,0x1.cc9aa6d4f5adcp-3,0x1.cc72b6ceaa43ap-3,0x1.ecb7e49265a8cp-3,0x1.ccf204a4fb0b6p-3,0x1.de34036336ae8p-3,0x1.ccf3b77048f68p-3,0x1.ecb7e49265a8cp-3,0x1.e0e4c945d7d77p-3,0x1.d315d9b7f2ad8p-3,0x1.cc9aa6d4f5adcp-3,0x1.cc72b6ceaa43ap-3,0x1.cd55d0d094ef6p-3
SF,SC_04cdabd0598f,LEFL,1,0x1.5919efb75e53ap+1,0x1.5919efb75e53ap+1,0x1.f433748d0c611p-3,0x1.e2feb05af8166p-3,0x1.e4671ec1fbef3p-3,0x1.c8bb46165e6a5p-3,0x1.cb186734b2b94p-3,0x1.cba6aa86fe10ep-3,0x1.d754018cc9d01p-3,0x1.ca8b80ea9bd2ap-3,0x1.cb6a9163abf45p-3,0x1.c91c27be1ce45p-3,0x1.c899e04f605e6p-3,0x1.c8bb46165e6a5p-3,0x1.e4671ec1fbef3p-3,0x1.c912c9060e9d6p-3,0x1.d63eff87e1b30p-3,0x1.c85bd8866c7c0p-3,0x1.e4671ec1fbef3p-3,0x1.d8503b2fdb483p-3,0x1.cc6362b125803p-3,0x1.c899e04f605e6p-3,0x1.c8bb46165e6a5p-3,0x1.c989c4e457ff2p-3
SF,SC_04cdabd0598f,MAWA,2,0x1.5919efb75e53ap+1,0x1.1414bfc5e50fbp+0,0x1.755b176d206f1p-2,0x1.3e4d5484833d3p-2,0x1.4022e73301150p-2,0x1.43ae2b62e1fb3p-2,0x1.470d4e30bf49bp-2,0x1.4766ae9615995p-2,0x1.3c81b5471cde6p-2,0x1.52960c02a06c6p-2,0x1.4257eda086812p-2,0x1.4ce3d3dc8d46ap-2,0x1.42def6d9f4f57p-2,0x1.5ac4be8fffb96p-2,0x1.4022e73301150p-2,0x1.5b4bc363a10c2p-2,0x1.3c4b7095ba6a3p-2,0x1.4168863b39818p-2,0x1.4022e73301150p-2,0x1.3e35ec794a111p-2,0x1.48012fb78c835p-2,0x1.42def6d9f4f57p-2,0x1.42f64699ad4b6p-2,0x1.4d622b8c72157p-2
SF,SC_04cdabd0598f,NOWA,3,0x1.5919efb75e53ap+1,0x1.1414bfc5e50fbp-1,0x1.f2241a58125efp-2,0x1.9d39c2d21b6a7p-2,0x1.a0545d3302757p-2,0x1.be2db78a15677p-2,0x1.ac6a6447ba50dp-2,0x1.ad02553dc8396p-2,0x1.9cb578692998ep-2,0x1.c4abc7f748a02p-2,0x1.b15242f230371p-2,0x1.c7ac879ff9072p-2,0x1.bd60fbb3d80c6p-2,0x1.d615bcdf9c0d4p-2,0x1.a0545d3302757p-2,0x1.d6d3f475b0a17p-2,0x1.9c987a05abb75p-2,0x1.bac0433af5bbap-2,0x1.a0545d3302757p-2,0x1.9fbb09ac8c4c3p-2,0x1.aea9277f3603ap-2,0x1.bd60fbb3d80c6p-2,0x1.bd676e74318bap-2,0x1.c849cfd516eccp-2
SF,SC_04cdabd0598f,OCWA,1,0x1.5919efb75e53ap+1,0x1.5919efb75e53ap+1,0x1.f549a60cb851ap-3,0x1.e97e6bbcf49c7p-3,0x1.eba9e630bf9c2p-3,0x1.cbc938d4fbe17p-3,0x1.d021d1cc77e96p-3,0x1.d0b96c9172252p-3,0x1.ddbf7ed0cd5c4p-3,0x1.cac626fb1f502p-3,0x1.cabd2c3e63544p-3,0x1.cbbc710a0959ap-3,0x1.cbf4d06f5e111p-3,0x1.cbc938d4fbe17p-3,0x1.eba9e630bf9c2p-3,0x1.cc4a52fa4231dp-3,0x1.dc8c2c2b3243cp-3,0x1.cb8b00c173a7fp-3,0x1.eba9e630bf9c2p-3,0x1.df54ec0cf6fc9p-3,0x1.d2127264cb961p-3,0x1.cbf4d06f5e111p-3,0x1.cbc938d4fbe17p-3,0x1.cc0cb75f2923bp-3
SF,SC_04cdabd0598f,PHVI,1,0x1.5919efb75e53ap+1,0x1.5919efb75e53ap+1,0x1.f433748d0c611p-3,0x1.e2feb05af8166p-3,0x1.e4671ec1fbef3p-3,0x1.c8bb46165e6a5p-3,0x1.cb186734b2b94p-3,0x1.cba6aa86fe10ep-3,0x1.d754018cc9d01p-3,0x1.ca8b80ea9bd2ap-3,0x1.cb6a9163abf45p-3,0x1.c91c27be1ce45p-3,0x1.c899e04f605e6p-3,0x1.c8bb46165e6a5p-3,0x1.e4671ec1fbef3p-3,0x1.c912c9060e9d6p-3,0x1.d63eff87e1b30p-3,0x1.c85bd8866c7c0p-3,0x1.e4671ec1fbef3p-3,0x1.d8503b2fdb483p-3,0x1.cc6362b125803p-3,0x1.c899e04f605e6p-3,0x1.c8bb46165e6a5p-3,0x1.c989c4e457ff2p-3
SF,SC_04cdabd0598f,SPSA,3,0x1.5919efb75e53ap+1,0x1.1414bfc5e50fbp-1,0x1.07ee4744f9528p-1,0x1.ba2bdb6f95b45p-2,0x1.bffd277cca217p-2,0x1.d93fe37960580p-2,0x1.e5a086ac94474p-2,0x1.e6139a5b3e075p-2,0x1.c5e46d904e3c9p-2,0x1.f224301a16db5p-2,0x1.c9b9d4c3f77e0p-2,0x1.de715fc9d51d3p-2,0x1.d5bc354277562p-2,0x1.fa357a724d3b2p-2,0x1.bffd277cca217p-2,0x1.fad82685b5234p-2,0x1.c9981341e1a18p-2,0x1.d2811ddde34e0p-2,0x1.bffd277cca217p-2,0x1.cb87ae26e9b3ap-2,0x1.e75bebb312eb8p-2,0x1.d5bc354277562p-2,0x1.d5a3b44fb362bp-2,0x1.df05864e7eed9p-2
SF,SC_04cdabd0598f,SWSP,1,0x1.5919efb75e53ap+1,0x1.5919efb75e53ap+1,0x1.f549a60cb851ap-3,0x1.e97e6bbcf49c7p-3,0x1.eba9e630bf9c2p-3,0x1.cbc938d4fbe17p-3,0x1.d021d1cc77e96p-3,0x1.d0b96c9172252p-3,0x1.ddbf7ed0cd5c4p-3,0x1.cac626fb1f502p-3,0x1.cabd2c3e63544p-3,0x1.cbbc710a0959ap-3,0x1.cbf4d06f5e111p-3,0x1.cbc938d4fbe17p-3,0x1.eba9e630bf9c2p-3,0x1.cc4a52fa4231dp-3,0x1.dc8c2c2b3243cp-3,0x1.cb8b00c173a7fp-3,0x1.eba9e630bf9c2p-3,0x1.df54ec0cf6fc9p-3,0x1.d2127264cb961p-3,0x1.cbf4d06f5e111p-3,0x1.cbc938d4fbe17p-3,0x1.cc0cb75f2923bp-3
SF,SC_04cdabd0598f,TEWA,1,0x1.5919efb75e53ap+1,0x1.5919efb75e53ap+1,0x1.efaedaeef098dp-3,0x1.c00051aa73ccep-3,0x1.c155372213e00p-3,0x1.c155372213e00p-3,0x1.c5f1943f889e9p-3,0x1.c62ab711d23d3p-3,0x1.bafce7555678ap-3,0x1.c65ee097ac4bbp-3,0x1.c2c602dfa286bp-3,0x1.bbd621d581da0p-3,0x1.c14402b1871bep-3,0x1.c5e3e58cf7b8cp-3,0x1.c155372213e00p-3,0x1.c66adbe92d09bp-3,0x1.ba6264128cce5p-3,0x1.bfffe0e546faap-3,0x1.c155372213e00p-3,0x1.bbd621d581da0p-3,0x1.c5e3e58cf7b8cp-3,0x1.c14402b1871bep-3,0x1.c279f99b3943dp-3,0x1.bc6e4bebf20d6p-3
SF,SC_04cdabd0598f,YEWA,4,0x1.5919efb75e53ap+1,0x1.1414bfc5e50fbp-2,0x1.45734e65859cap-1,0x1.0d2dd67472064p-1,0x1.0fed96e301e13p-1,0x1.1b7e8609ba713p-1,0x1.26edb41f2a784p-1,0x1.27448d2384fb6p-1,0x1.134ef6baa2376p-1,0x1.2ee1a8f8670d3p-1,0x1.1653dae5760c6p-1,0x1.2380b02a947cep-1,0x1.1a77f040b4934p-1,0x1.357ce2c6abe88p-1,0x1.0fed96e301e13p-1,0x1.35e0466c835e0p-1,0x1.12283b170cdd1p-1,0x1.18688ad1cd1afp-1,0x1.0fed96e301e13p-1,0x1.147530e1f72a1p-1,0x1.28951c8913a3ap-1,0x1.1a77f040b4934p-1,0x1.1aabee4b2e54bp-1,0x1.260eb3fe89567p-1
SF,SC_04cdabd0598f,YRWA,4,0x1.5919efb75e53ap+1,0x1.1414bfc5e50fbp-2,0x1.456271c725572p-1,0x1.104d7ec5ccfe9p-1,0x1.13c6711a373e9p-1,0x1.2846c7f82accfp-1,0x1.297f35622f59bp-1,0x1.29cea958419bbp-1,0x1.17377364adf52p-1,0x1.314404635d563p-1,0x1.1cf6144d4ca36p-1,0x1.2a58b07dec50dp-1,0x1.26ae22586fa28p-1,0x1.37be1d4382489p-1,0x1.13c6711a373e9p-1,0x1.3820d2f519783p-1,0x1.191fb79618e28p-1,0x1.24433b7a28a4ap-1,0x1.13c6711a373e9p-1,0x1.1a9f58f11c472p-1,0x1.2ae61a35e3b59p-1,0x1.26ae22586fa28p-1,0x1.269f6cd70d6bdp-1,0x1.2ab2604e04a9dp-1
SK,SC_04cdabd0598f,ALFL,3,0x1.5919efb75e537p+1,0x1.1414bfc5e50f9p-1,0x1.73a51ba4a5dadp-2,0x1.446ddc9bdb861p-2,0x1.4ae77dcebb576p-2,0x1.51b8c4a02a59ap-2,0x1.3ee92030ad2e8p-2,0x1.3fef043fe42bcp-2,0x1.40f0e672f51e4p-2,0x1.5032803a6b393p-2,0x1.4d91e719bfbc8p-2,0x1.508f8956d2da2p-2,0x1.50cc9810f6502p-2,0x1.51b8c4a02a59ap-2,0x1.4ae77dcebb576p-2,0x1.51ac830b6b4abp-2,0x1.3f86b25cff063p-2,0x1.4c0bd47bd3be2p-2,0x1.4ae77dcebb576p-2,0x1.45079f78396cfp-2,0x1.44367316eb459p-2,0x1.50cc9810f6502p-2,0x1.51b8c4a02a59ap-2,0x1.5157fe2e5123fp-2
SK,SC_04cdabd0598f,AMRE,1,0x1.5919efb75e537p+1,0x1.5919efb75e537p+1,0x1.1bf35396d1d0cp-3,0x1.16fd571a2bbf4p-3,0x1.1b3c80c53e34cp-3,0x1.1b3c80c53e34cp-3,0x1.14cf237fbfc3bp-3,0x1.152eba606115cp-3,0x1.13a9fc4935c3ap-3,0x1.16db6dadcef80p-3,0x1.1b974b6c0973fp-3,0x1.15808220817e1p-3,0x1.19cdbf08df252p-3,0x1.172b126308336p-3,0x1.1b3c80c53e34cp-3,0x1.16dc14340da5cp-3,0x1.12867758e5b09p-3,0x1.16fb9699eb3f6p-3,0x1.1b3c80c53e34cp-3,0x1.15808220817e1p-3,0x1.172b126308336p-3,0x1.19cdbf08df252p-3,0x1.1b3c80c53e34cp-3,0x1.15f38ecae5005p-3
SK,SC_04cdabd0598f,AMRO,3,0x1.5919efb75e537p+1,0x1.1414bfc5e50f9p-1,0x1.71e00bd0fe4e7p-2,0x1.3112ad524a4bap-2,0x1.370e90554ac36p-2,0x1.462b517379703p-2,0x1.34c5f8f9bafd4p-2,0x1.35a81ced20864p-2,0x1.30c9b32cee0c6p-2,0x1.4ed1e6889687dp-2,0x1.43f2d7b04e106p-2,0x1.4ec5493f26b65p-2,0x1.4521a25c1aea8p-2,0x1.50accfd3fefc2p-2,0x1.370e90554ac36p-2,0x1.50a7f4fa3475ep-2,0x1.2fcf3b6ff8096p-2,0x1.40bd9cd7a3112p-2,0x1.370e90554ac36p-2,0x1.34ca4b1fd7ec3p-2,0x1.396fdcd246b4cp-2,0x1.4521a25c1aea8p-2,0x1.462b517379703p-2,0x1.4f9baac0858a3p-2
SK,SC_04cdabd0598f,ATTW,1,0x1.5919efb75e537p+1,0x1.5919efb75e537p+1,0x1.199763a4f010dp-3,0x1.2a3ff9f3cbcd7p-3,0x1.2f01b83142866p-3,0x1.1b3705e937c33p-3,0x1.1cf0e4eb562a2p-3,0x1.1d72f1f56b66bp-3,0x1.22f23522ebae2p-3,0x1.1b166435f93f0p-3,0x1.1c6527932b317p-3,0x1.1b1d6721aa5d0p-3,0x1.1a5a9bc25253dp-3,0x1.1b3705e937c33p-3,0x1.2f01b83142866p-3,0x1.1ac941eb51d0dp-3,0x1.2152a4a84b713p-3,0x1.1846c538d2c01p-3,0x1.2f01b83142866p-3,0x1.24d1ef190dc92p-3,0x1.1ff3f702ea46bp-3,0x1.1a5a9bc25253dp-3,0x1.1b3705e937c33p-3,0x1.1b80e31a7e79bp-3
SK,SC_04cdabd0598f,BBWO,1,0x1.5919efb75e537p+1,0x1.5919efb75e537p+1,0x1.199763a4f010dp-3,0x1.2a3ff9f3cbcd7p-3,0x1.2f01b83142866p-3,0x1.1b3705e937c33p-3,0x1.1cf0e4eb562a2p-3,0x1.1d72f1f56b66bp-3,0x1.22f23522ebae2p-3,0x1.1b166435f93f0p-3,0x1.1c6527932b317p-3,0x1.1b1d6721aa5d0p-3,0x1.1a5a9bc25253dp-3,0x1.1b3705e937c33p-3,0x1.2f01b83142866p-3,0x1.1ac941eb51d0dp-3,0x1.2152a4a84b713p-3,0x1.1846c538d2c01p-3,0x1.2f01b83142866p-3,0x1.24d1ef190dc92p-3,0x1.1ff3f702ea46bp-3,0x1.1a5a9bc25253dp-3,0x1.1b3705e937c33p-3,0x1.1b80e31a7e79bp-3
SK,SC_04cdabd0598f,CEDW,3,0x1.5919efb75e537p+1,0x1.1414bfc5e50f9p-1,0x1.73a51ba4a5dadp-2,0x1.446ddc9bdb861p-2,0x1.4ae77dcebb576p-2,0x1.51b8c4a02a59ap-2,0x1.3ee92030ad2e8p-2,0x1.3fef043fe42bcp-2,0x1.40f0e672f51e4p-2,0x1.5032803a6b393p-2,0x1.4d91e719bfbc8p-2,0x1.508f8956d2da2p-2,0x1.50cc9810f6502p-2,0x1.51b8c4a02a59ap-2,0x1.4ae77dcebb576p-2,0x1.51ac830b6b4abp-2,0x1.3f86b25cff063p-2,0x1.4c0bd47bd3be2p-2,0x1.4ae77dcebb576p-2,0x1.45079f78396cfp-2,0x1.44367316eb459p-2,0x1.50cc9810f6502p-2,0x1.51b8c4a02a59ap-2,0x1.5157fe2e5123fp-2
SK,SC_04cdabd0598f,DEJU,1,0x1.5919efb75e537p+1,0x1.5919efb75e537p+1,0x1.19a32e0d24e64p-3,0x1.2f4280d8a0cc0p-3,0x1.341f249f396ebp-3,0x1.1b4c5e73ecb64p-3,0x1.2178fa8503535p-3,0x1.21fda8294b735p-3,0x1.27e6ef995bba0p-3,0x1.1b1614c39abd6p-3,0x1.1be7246104681p-3,0x1.1af31020cea18p-3,0x1.1a9c1a40671efp-3,0x1.1b4c5e73ecb64p-3,0x1.341f249f396ebp-3,0x1.1af80fba63b56p-3,0x1.263317dd029d4p-3,0x1.187c373ba3216p-3,0x1.341f249f396ebp-3,0x1.2a22eed0940dep-3,0x1.2492290794802p-3,0x1.1a9c1a40671efp-3,0x1.1b4c5e73ecb64p-3,0x1.1b4378d5727fbp-3
SK,SC_04cdabd0598f,GRYE,1,0x1.5919efb75e537p+1,0x1.5919efb75e537p+1,0x1.19a32e0d24e64p-3,0x1.2f4280d8a0cc0p-3,0x1.341f249f396ebp-3,0x1.1b4c5e73ecb64p-3,0x1.2178fa8503535p-3,0x1.21fda8294b735p-3,0x1.27e6ef995bba0p-3,0x1.1b1614c39abd6p-3,0x1.1be7246104681p-3,0x1.1af31020cea18p-3,0x1.1a9c1a40671efp-3,0x1.1b4c5e73ecb64p-3,0x1.341f249f396ebp-3,0x1.1af80fba63b56p-3,0x1.263317dd029d4p-3,0x1.187c373ba3216p-3,0x1.341f249f396ebp-3,0x1.2a22eed0940dep-3,0x1.2492290794802p-3,0x1.1a9c1a40671efp-3,0x1.1b4c5e73ecb64p-3,0x1.1b4378d5727fbp-3
SK,SC_04cdabd0598f,LEFL,1,0x1.5919efb75e537p+1,0x1.5919efb75e537p+1,0x1.199763a4f010dp-3,0x1.2a3ff9f3cbcd7p-3,0x1.2f01b83142866p-3,0x1.1b3705e937c33p-3,0x1.1cf0e4eb562a2p-3,0x1.1d72f1f56b66bp-3,0x1.22f23522ebae2p-3,0x1.1b166435f93f0p-3,0x1.1c6527932b317p-3,0x1.1b1d6721aa5d0p-3,0x1.1a5a9bc25253dp-3,0x1.1b3705e937c33p-3,0x1.2f01b83142866p-3,0x1.1ac941eb51d0dp-3,0x1.2152a4a84b713p-3,0x1.1846c538d2c01p-3,0x1.2f01b83142866p-3,0x1.24d1ef190dc92p-3,0x1.1ff3f702ea46bp-3,0x1.1a5a9bc25253dp-3,0x1.1b3705e937c33p-3,0x1.1b80e31a7e79bp-3
SK,SC_04cdabd0598f,MAWA,2,0x1.5919efb75e537p+1,0x1.1414bfc5e50f9p+0,0x1.ecd41de342473p-3,0x1.b2718f0f44016p-3,0x1.ba5646ea1df9bp-3,0x1.bb0a9902862f8p-3,0x1.b3e9e7ae3ae17p-3,0x1.b4ea31ab9f62fp-3,0x1.afdfecfe77ba3p-3,0x1.caf5296e4aa9cp-3,0x1.bbacf0f949e6ap-3,0x1.c9642f82a9df1p-3,0x1.b992355092926p-3,0x1.ccb4c1615053bp-3,0x1.ba5646ea1df9bp-3,0x1.cc7ded69e9cbep-3,0x1.ae4f549ad7cd6p-3,0x1.b484f1eb26163p-3,0x1.ba5646ea1df9bp-3,0x1.b489868f3dfe9p-3,0x1.b95c72e289286p-3,0x1.b992355092926p-3,0x1.bb0a9902862f8p-3,0x1.ca6bb03503ceap-3
SK,SC_04cdabd0598f,NOWA,3,0x1.5919efb75e537p+1,0x1.1414bfc5e50f9p-1,0x1.71e00bd0fe4e7p-2,0x1.3112ad524a4bap-2,0x1.370e90554ac36p-2,0x1.462b517379703p-2,0x1.34c5f8f9bafd4p-2,0x1.35a81ced20864p-2,0x1.30c9b32cee0c6p-2,0x1.4ed1e6889687dp-2,0x1.43f2d7b04e106p-2,0x1.4ec5493f26b65p-2,0x1.4521a25c1aea8p-2,0x1.50accfd3fefc2p-2,0x1.370e90554ac36p-2,0x1.50a7f4fa3475ep-2,0x1.2fcf3b6ff8096p-2,0x1.40bd9cd7a3112p-2,0x1.370e90554ac36p-2,0x1.34ca4b1fd7ec3p-2,0x1.396fdcd246b4cp-2,0x1.4521a25c1aea8p-2,0x1.462b517379703p-2,0x1.4f9baac0858a3p-2
SK,SC_04cdabd0598f,OCWA,1,0x1.5919efb75e537p+1,0x1.5919efb75e537p+1,0x1.1998917e1531bp-3,0x1.2e47e21ff556ap-3,0x1.339413c629271p-3,0x1.1abc6c82f34c9p-3,0x1.208d84844039bp-3,0x1.211380283a045p-3,0x1.26f1f8a9ffd68p-3,0x1.1a7f4095d39afp-3,0x1.1b42b682fa66dp-3,0x1.1a84d705a9d1ap-3,0x1.1a0c5712264b7p-3,0x1.1abc6c82f34c9p-3,0x1.339413c629271p-3,0x1.1a68b558a433dp-3,0x1.253c0cdcf5989p-3,0x1.17fd9afb92b75p-3,0x1.339413c629271p-3,0x1.293dc6fe44f88p-3,0x1.240d052d4710ap-3,0x1.1a0c5712264b7p-3,0x1.1abc6c82f34c9p-3,0x1.1ad8f96490cc5p-3
SK,SC_04cdabd0598f,PHVI,1,0x1.5919efb75e537p+1,0x1.5919efb75e537p+1,0x1.199763a4f010dp-3,0x1.2a3ff9f3cbcd7p-3,0x1.2f01b83142866p-3,0x1.1b3705e937c33p-3,0x1.1cf0e4eb562a2p-3,0x1.1d72f1f56b66bp-3,0x1.22f23522ebae2p-3,0x1.1b166435f93f0p-3,0x1.1c6527932b317p-3,0x1.1b1d6721aa5d0p-3,0x1.1a5a9bc25253dp-3,0x1.1b3705e937c33p-3,0x1.2f01b83142866p-3,0x1.1ac941eb51d0dp-3,0x1.2152a4a84b713p-3,0x1.1846c538d2c01p-3,0x1.2f01b83142866p-3,0x1.24d1ef190dc92p-3,0x1.1ff3f702ea46bp-3,0x1.1a5a9bc25253dp-3,0x1.1b3705e937c33p-3,0x1.1b80e31a7e79bp-3
SK,SC_04cdabd0598f,SPSA,3,0x1.5919efb75e537p+1,0x1.1414bfc5e50f9p-1,0x1.86eeff422a776p-2,0x1.4a8cddc4b9713p-2,0x1.4e74aa62195f6p-2,0x1.5d21e30435af7p-2,0x1.6205c93c3e2bap-2,0x1.62a56d0731a34p-2,0x1.54dabcd0e5e76p-2,0x1.70a33706c4eeep-2,0x1.5a2e6cf37e75fp-2,0x1.64eb17020e7e7p-2,0x1.5c9e9ffd40a5cp-2,0x1.716e5f5f070e5p-2,0x1.4e74aa62195f6p-2,0x1.719172a5f779dp-2,0x1.54d12946a7e8ap-2,0x1.58553fb361596p-2,0x1.4e74aa62195f6p-2,0x1.58ad0bcc86f29p-2,0x1.65eb4f705617bp-2,0x1.5c9e9ffd40a5cp-2,0x1.5d21e30435af7p-2,0x1.658bb4bb31310p-2
SK,SC_04cdabd0598f,SWSP,1,0x1.5919efb75e537p+1,0x1.5919efb75e537p+1,0x1.1998917e1531bp-3,0x1.2e47e21ff556ap-3,0x1.339413c629271p-3,0x1.1abc6c82f34c9p-3,0x1.208d84844039bp-3,0x1.211380283a045p-3,0x1.26f1f8a9ffd68p-3,0x1.1a7f4095d39afp-3,0x1.1b42b682fa66dp-3,0x1.1a84d705a9d1ap-3,0x1.1a0c5712264b7p-3,0x1.1abc6c82f34c9p-3,0x1.339413c629271p-3,0x1.1a68b558a433dp-3,0x1.253c0cdcf5989p-3,0x1.17fd9afb92b75p-3,0x1.339413c629271p-3,0x1.293dc6fe44f88p-3,0x1.240d052d4710ap-3,0x1.1a0c5712264b7p-3,0x1.1abc6c82f34c9p-3,0x1.1ad8f96490cc5p-3
SK,SC_04cdabd0598f,TEWA,1,0x1.5919efb75e537p+1,0x1.5919efb75e537p+1,0x1.1bf35396d1d0cp-3,0x1.16fd571a2bbf4p-3,0x1.1b3c80c53e34cp-3,0x1.1b3c80c53e34cp-3,0x1.14cf237fbfc3bp-3,0x1.152eba606115cp-3,0x1.13a9fc4935c3ap-3,0x1.16db6dadcef80p-3,0x1.1b974b6c0973fp-3,0x1.15808220817e1p-3,0x1.19cdbf08df252p-3,0x1.172b126308336p-3,0x1.1b3c80c53e34cp-3,0x1.16dc14340da5cp-3,0x1.12867758e5b09p-3,0x1.16fb9699eb3f6p-3,0x1.1b3c80c53e34cp-3,0x1.15808220817e1p-3,0x1.172b126308336p-3,0x1.19cdbf08df252p-3,0x1.1b3c80c53e34cp-3,0x1.15f38ecae5005p-3
SK,SC_04cdabd0598f,YEWA,4,0x1.5919efb75e537p+1,0x1.1414bfc5e50f9p-2,0x1.0d84a4cc769e7p-1,0x1.ad92c26750370p-2,0x1.b6174a3d56f60p-2,0x1.c36d4ba5a2ddbp-2,0x1.c80cd0cace942p-2,0x1.c9564a410e230p-2,0x1.b8f33bc93bd5bp-2,0x1.df7c5440e0c63p-2,0x1.c1b3c37787c68p-2,0x1.d437629d9e39ep-2,0x1.c1c91e69fb0fep-2,0x1.e12e0363ffb66p-2,0x1.b6174a3d56f60p-2,0x1.e133a39df9b2cp-2,0x1.b5ff8b72a1b49p-2,0x1.bb1d85d3dbaa2p-2,0x1.b6174a3d56f60p-2,0x1.bd66ae43eea71p-2,0x1.cef814c9fc878p-2,0x1.c1c91e69fb0fep-2,0x1.c36d4ba5a2ddbp-2,0x1.d7c2e4c4a917ep-2
SK,SC_04cdabd0598f,YRWA,4,0x1.5919efb75e537p+1,0x1.1414bfc5e50f9p-2,0x1.0b9dd329becd7p-1,0x1.b695894f1d7a9p-2,0x1.bc25b0288e463p-2,0x1.d6b941efe31efp-2,0x1.d4e5a3b63f742p-2,0x1.d5dd6cf6c9eaap-2,0x1.c40dbf72464e6p-2,0x1.eb10ea6d18d18p-2,0x1.d16be4fbaf679p-2,0x1.de85666aa9fdep-2,0x1.d602d182c0a39p-2,0x1.ec70568ca0e7cp-2,0x1.bc25b0288e463p-2,0x1.ecbac97c3ffccp-2,0x1.c40afb3644f6bp-2,0x1.cfb0e15f1ea17p-2,0x1.bc25b0288e463p-2,0x1.c9a1c20e1a774p-2,0x1.da93a3b1b51e2p-2,0x1.d602d182c0a39p-2,0x1.d6b941efe31efp-2,0x1.df77968ad3becp-2
WF,SC_53a986e1b37a,ALFL,3,0x1.5919efb75e535p+1,0x1.1414bfc5e50f7p-1,0x1.b8783afee1683p-2,0x1.93603d7d8aed9p-2,0x1.90fbef3da77e0p-2,0x1.93bac7af52d15p-2,0x1.95856e0959041p-2,0x1.90d2b21152998p-2,0x1.90d2b21152998p-2,0x1.911c7c9f70e2bp-2,0x1.921a55191c66dp-2,0x1.9110a6feaa557p-2,0x1.90c5fd932bc99p-2,0x1.95c5cac4b2066p-2,0x1.93bac7af52d15p-2,0x1.913a2bee4b1b7p-2,0x1.9e1407eeaac29p-2,0x1.8ffaea082d744p-2,0x1.90fbef3da77e0p-2,0x1.9110a6feaa557p-2,0x1.952a16172efecp-2,0x1.9364755759064p-2,0x1.9165237e59ad2p-2,0x1.924a293cdd7bfp-2
WF,SC_53a986e1b37a,AMRE,1,0x1.5919efb75e535p+1,0x1.5919efb75e535p+1,0x1.e425f25c1d918p-3,0x1.bd91713894dabp-3,0x1.bc100cdf34fb3p-3,0x1.bc100cdf34fb3p-3,0x1.c2af7d73bd9a5p-3,0x1.baa08b59d1e80p-3,0x1.baa08b59d1e80p-3,0x1.bda805e8ae699p-3,0x1.ba18641943f8ap-3,0x1.bdbe020cef063p-3,0x1.d6f181cc0f315p-3,0x1.be517be7e897ap-3,0x1.bc100cdf34fb3p-3,0x1.bdbe020cef063p-3,0x1.d122c8df5cd12p-3,0x1.d6dc24e054cdfp-3,0x1.bc100cdf34fb3p-3,0x1.d2028486ad6f3p-3,0x1.be517be7e897ap-3,0x1.baf61cba41832p-3,0x1.d8f26992f65ffp-3,0x1.bc0a7e9e5ba27p-3
WF,SC_53a986e1b37a,AMRO,3,0x1.5919efb75e535p+1,0x1.1414bfc5e50f7p-1,0x1.9a62c626344e4p-2,0x1.69f1c5e3e353fp-2,0x1.6c2c9c075c577p-2,0x1.6a02b0f7f4217p-2,0x1.6bb2205e9ef9ep-2,0x1.6769de064a3f5p-2,0x1.6769de064a3f5p-2,0x1.6d99b5d2f7ce9p-2,0x1.6857f430fc834p-2,0x1.6dd9cb5b67d9bp-2,0x1.7526399d942bbp-2,0x1.6be00f1b95705p-2,0x1.6a02b0f7f4217p-2,0x1.6db80c08eaccbp-2,0x1.75f9b80a1d435p-2,0x1.7445999ed2a33p-2,0x1.6c2c9c075c577p-2,0x1.75cdb66cc2dfcp-2,0x1.6b3bed8ac4818p-2,0x1.69df81e73ff12p-2,0x1.75e0a605ef68cp-2,0x1.6c92d25212d3cp-2
WF,SC_53a986e1b37a,ATTW,1,0x1.5919efb75e535p+1,0x1.5919efb75e535p+1,0x1.091adf8d4d31fp-2,0x1.fcbbdac682cf7p-3,0x1.fa5de96f34c61p-3,0x1.fb845a933ab2bp-3,0x1.016d72904c171p-2,0x1.f9a42c4f9a7aap-3,0x1.f9a42c4f9a7aap-3,0x1.fa850885ed38ap-3,0x1.f98814e9ea52cp-3,0x1.f988ddd6b1677p-3,0x1.f9d1d5d189356p-3,0x1.fe3f23a4c4776p-3,0x1.fb845a933ab2bp-3,0x1.fa97ed2c0b08fp-3,0x1.08886fb9130bep-2,0x1.fae729d775665p-3,0x1.fa5de96f34c61p-3,0x1.f988ddd6b1677p-3,0x1.fe3f23a4c4776p-3,0x1.fa002ae8f6be3p-3,0x1.fb55181aa86acp-3,0x1.fb3ee70744efap-3
WF,SC_53a986e1b37a,BBWO,1,0x1.5919efb75e535p+1,0x1.5919efb75e535p+1,0x1.091adf8d4d31fp-2,0x1.fcbbdac682cf7p-3,0x1.fa5de96f34c61p-3,0x1.fb845a933ab2bp-3,0x1.016d72904c171p-2,0x1.f9a42c4f9a7aap-3,0x1.f9a42c4f9a7aap-3,0x1.fa850885ed38ap-3,0x1.f98814e9ea52cp-3,0x1.f988ddd6b1677p-3,0x1.f9d1d5d189356p-3,0x1.fe3f23a4c4776p-3,0x1.fb845a933ab2bp-3,0x1.fa97ed2c0b08fp-3,0x1.08886fb9130bep-2,0x1.fae729d775665p-3,0x1.fa5de96f34c61p-3,0x1.f988ddd6b1677p-3,0x1.fe3f23a4c4776p-3,0x1.fa002ae8f6be3p-3,0x1.fb55181aa86acp-3,0x1.fb3ee70744efap-3
WF,SC_53a986e1b37a,CEDW,3,0x1.5919efb75e535p+1,0x1.1414bfc5e50f7p-1,0x1.b8783afee1683p-2,0x1.93603d7d8aed9p-2,0x1.90fbef3da77e0p-2,0x1.93bac7af52d15p-2,0x1.95856e0959041p-2,0x1.90d2b21152998p-2,0x1.90d2b21152998p-2,0x1.911c7c9f70e2bp-2,0x1.921a55191c66dp-2,0x1.9110a6feaa557p-2,0x1.90c5fd932bc99p-2,0x1.95c5cac4b2066p-2,0x1.93bac7af52d15p-2,0x1.913a2bee4b1b7p-2,0x1.9e1407eeaac29p-2,0x1.8ffaea082d744p-2,0x1.90fbef3da77e0p-2,0x1.9110a6feaa557p-2,0x1.952a16172efecp-2,0x1.9364755759064p-2,0x1.9165237e59ad2p-2,0x1.924a293cdd7bfp-2
WF,SC_53a986e1b37a,DEJU,1,0x1.5919efb75e535p+1,0x1.5919efb75e535p+1,0x1.0c8ed38af0f84p-2,0x1.041cdd4e9d0bdp-2,0x1.fb63cb4aac402p-3,0x1.039c200bb0b84p-2,0x1.0729cc5a42492p-2,0x1.02a15de088e60p-2,0x1.02a15de088e60p-2,0x1.fa7078f70e437p-3,0x1.018672b582908p-2,0x1.faa7875f77f90p-3,0x1.faf7d8c4be678p-3,0x1.0271344483fd9p-2,0x1.039c200bb0b84p-2,0x1.fa85d45bf4d44p-3,0x1.0acbd0ea23452p-2,0x1.fb0d075108420p-3,0x1.fb63cb4aac402p-3,0x1.faa7875f77f90p-3,0x1.04f6086b0ed45p-2,0x1.01a8a727352e2p-2,0x1.fc5ddee4745d3p-3,0x1.fbfb99bcd7587p-3
WF,SC_53a986e1b37a,GRYE,1,0x1.5919efb75e535p+1,0x1.5919efb75e535p+1,0x1.0c8ed38af0f84p-2,0x1.041cdd4e9d0bdp-2,0x1.fb63cb4aac402p-3,0x1.039c200bb0b84p-2,0x1.0729cc5a42492p-2,0x1.02a15de088e60p-2,0x1.02a15de088e60p-2,0x1.fa7078f70e437p-3,0x1.018672b582908p-2,0x1.faa7875f77f90p-3,0x1.faf7d8c4be678p-3,0x1.0271344483fd9p-2,0x1.039c200bb0b84p-2,0x1.fa85d45bf4d44p-3,0x1.0acbd0ea23452p-2,0x1.fb0d075108420p-3,0x1.fb63cb4aac402p-3,0x1.faa7875f77f90p-3,0x1.04f6086b0ed45p-2,0x1.01a8a727352e2p-2,0x1.fc5ddee4745d3p-3,0x1.fbfb99bcd7587p-3
WF,SC_53a986e1b37a,LEFL,1,0x1.5919efb75e535p+1,0x1.5919efb75e535p+1,0x1.091adf8d4d31fp-2,0x1.fcbbdac682cf7p-3,0x1.fa5de96f34c61p-3,0x1.fb845a933ab2bp-3,0x1.016d72904c171p-2,0x1.f9a42c4f9a7aap-3,0x1.f9a42c4f9a7aap-3,0x1.fa850885ed38ap-3,0x1.f98814e9ea52cp-3,0x1.f988ddd6b1677p-3,0x1.f9d1d5d189356p-3,0x1.fe3f23a4c4776p-3,0x1.fb845a933ab2bp-3,0x1.fa97ed2c0b08fp-3,0x1.08886fb9130bep-2,0x1.fae729d775665p-3,0x1.fa5de96f34c61p-3,0x1.f988ddd6b1677p-3,0x1.fe3f23a4c4776p-3,0x1.fa002ae8f6be3p-3,0x1.fb55181aa86acp-3,0x1.fb3ee70744efap-3
WF,SC_53a986e1b37a,MAWA,2,0x1.5919efb75e535p+1,0x1.1414bfc5e50f7p+0,0x1.481fe5e3e2fabp-2,0x1.25c16a5aeb563p-2,0x1.265bd275634e9p-2,0x1.2559f039a28d2p-2,0x1.2805c1eeff9ddp-2,0x1.23b46a177c145p-2,0x1.23b46a177c145p-2,0x1.276c42f546510p-2,0x1.24015017c7699p-2,0x1.27a35358fa1bfp-2,0x1.2e60952ee3213p-2,0x1.26e2679fc4d68p-2,0x1.2559f039a28d2p-2,0x1.278124c61415cp-2,0x1.30fe738d335a6p-2,0x1.2e6a77e36ce1fp-2,0x1.265bd275634e9p-2,0x1.2ec060ee78c71p-2,0x1.2693ab06ba9fbp-2,0x1.24fd8c7b5e35cp-2,0x1.2f24db9f73650p-2,0x1.267dde1d6eab8p-2
WF,SC_53a986e1b37a,NOWA,3,0x1.5919efb75e535p+1,0x1.1414bfc5e50f7p-1,0x1.9a62c626344e4p-2,0x1.69f1c5e3e353fp-2,0x1.6c2c9c075c577p-2,0x1.6a02b0f7f4217p-2,0x1.6bb2205e9ef9ep-2,0x1.6769de064a3f5p-2,0x1.6769de064a3f5p-2,0x1.6d99b5d2f7ce9p-2,0x1.6857f430fc834p-2,0x1.6dd9cb5b67d9bp-2,0x1.7526399d942bbp-2,0x1.6be00f1b95705p-2,0x1.6a02b0f7f4217p-2,0x1.6db80c08eaccbp-2,0x1.75f9b80a1d435p-2,0x1.7445999ed2a33p-2,0x1.6c2c9c075c577p-2,0x1.75cdb66cc2dfcp-2,0x1.6b3bed8ac4818p-2,0x1.69df81e73ff12p-2,0x1.75e0a605ef68cp-2,0x1.6c92d25212d3cp-2
WF,SC_53a986e1b37a,OCWA,1,0x1.5919efb75e535p+1,0x1.5919efb75e535p+1,0x1.0bc9962e42392p-2,0x1.031f68af8b323p-2,0x1.f96519926db9fp-3,0x1.02eb9051b5730p-2,0x1.062c1ab76b264p-2,0x1.01a2314aec7e7p-2,0x1.01a2314aec7e7p-2,0x1.f9be55c2b68acp-3,0x1.00862abcd4ab4p-2,0x1.f8ab02b59fbfdp-3,0x1.f8fb516b1dca1p-3,0x1.0170b3710bce0p-2,0x1.02eb9051b5730p-2,0x1.f9d35ec399b0bp-3,0x1.0a61822758892p-2,0x1.fa53634cbbc36p-3,0x1.f96519926db9fp-3,0x1.f8ab02b59fbfdp-3,0x1.0444e65f9f498p-2,0x1.00a95ed9842e5p-2,0x1.fa5ea3afe43e8p-3,0x1.fb496707ac23dp-3
WF,SC_53a986e1b37a,PHVI,1,0x1.5919efb75e535p+1,0x1.5919efb75e535p+1,0x1.091adf8d4d31fp-2,0x1.fcbbdac682cf7p-3,0x1.fa5de96f34c61p-3,0x1.fb845a933ab2bp-3,0x1.016d72904c171p-2,0x1.f9a42c4f9a7aap-3,0x1.f9a42c4f9a7aap-3,0x1.fa850885ed38ap-3,0x1.f98814e9ea52cp-3,0x1.f988ddd6b1677p-3,0x1.f9d1d5d189356p-3,0x1.fe3f23a4c4776p-3,0x1.fb845a933ab2bp-3,0x1.fa97ed2c0b08fp-3,0x1.08886fb9130bep-2,0x1.fae729d775665p-3,0x1.fa5de96f34c61p-3,0x1.f988ddd6b1677p-3,0x1.fe3f23a4c4776p-3,0x1.fa002ae8f6be3p-3,0x1.fb55181aa86acp-3,0x1.fb3ee70744efap-3
WF,SC_53a986e1b37a,SPSA,3,0x1.5919efb75e535p+1,0x1.1414bfc5e50f7p-1,0x1.77f49266d89edp-2,0x1.41ef539529049p-2,0x1.43b6a8a2ebbe3p-2,0x1.3fe6f4850a1c8p-2,0x1.3fb55e985b259p-2,0x1.3cc097af7472ap-2,0x1.3f38a36561eddp-2,0x1.43988551db1d1p-2,0x1.4188cace557a5p-2,0x1.43d7da5b45b5cp-2,0x1.3db58466ea5a0p-2,0x1.42c295d5c60c1p-2,0x1.42efdc08f0412p-2,0x1.43b71bcc9a1cap-2,0x1.3b12503cd4f0fp-2,0x1.3c1875b74f54fp-2,0x1.43fc24afcd7fap-2,0x1.3f1f1bbb22d3cp-2,0x1.427731913cd28p-2,0x1.421329e4dd35ap-2,0x1.3ec35372d81edp-2,0x1.44fc2e633fec9p-2
WF,SC_53a986e1b37a,SWSP,1,0x1.5919efb75e535p+1,0x1.5919efb75e535p+1,0x1.0bc9962e42392p-2,0x1.031f68af8b323p-2,0x1.f96519926db9fp-3,0x1.02eb9051b5730p-2,0x1.062c1ab76b264p-2,0x1.01a2314aec7e7p-2,0x1.01a2314aec7e7p-2,0x1.f9be55c2b68acp-3,0x1.00862abcd4ab4p-2,0x1.f8ab02b59fbfdp-3,0x1.f8fb516b1dca1p-3,0x1.0170b3710bce0p-2,0x1.02eb9051b5730p-2,0x1.f9d35ec399b0bp-3,0x1.0a61822758892p-2,0x1.fa53634cbbc36p-3,0x1.f96519926db9fp-3,0x1.f8ab02b59fbfdp-3,0x1.0444e65f9f498p-2,0x1.00a95ed9842e5p-2,0x1.fa5ea3afe43e8p-3,0x1.fb496707ac23dp-3
WF,SC_53a986e1b37a,TEWA,1,0x1.5919efb75e535p+1,0x1.5919efb75e535p+1,0x1.e425f25c1d918p-3,0x1.bd91713894dabp-3,0x1.bc100cdf34fb3p-3,0x1.bc100cdf34fb3p-3,0x1.c2af7d73bd9a5p-3,0x1.baa08b59d1e80p-3,0x1.baa08b59d1e80p-3,0x1.bda805e8ae699p-3,0x1.ba18641943f8ap-3,0x1.bdbe020cef063p-3,0x1.d6f181cc0f315p-3,0x1.be517be7e897ap-3,0x1.bc100cdf34fb3p-3,0x1.bdbe020cef063p-3,0x1.d122c8df5cd12p-3,0x1.d6dc24e054cdfp-3,0x1.bc100cdf34fb3p-3,0x1.d2028486ad6f3p-3,0x1.be517be7e897ap-3,0x1.baf61cba41832p-3,0x1.d8f26992f65ffp-3,0x1.bc0a7e9e5ba27p-3
WF,SC_53a986e1b37a,YEWA,4,0x1.5919efb75e535p+1,0x1.1414bfc5e50f7p-2,0x1.f6c61531fcdc1p-2,0x1.ba4d0677ac00ap-2,0x1.bd5ee133b90d5p-2,0x1.bc289c253c09dp-2,0x1.b9ef5f857cbf5p-2,0x1.b885daa6dd796p-2,0x1.b885daa6dd796p-2,0x1.bdde56a4cd5e6p-2,0x1.b9e0eb813c8cap-2,0x1.be1b769330533p-2,0x1.c2970fd34d3e8p-2,0x1.bc6b7ee2f19b0p-2,0x1.bc289c253c09dp-2,0x1.be062d111a44bp-2,0x1.c32b82e4b3b5ep-2,0x1.c09328bbdb346p-2,0x1.bd5ee133b90d5p-2,0x1.c3a2f4dde6f84p-2,0x1.bc1aa203089a3p-2,0x1.bbe4f14d8ade1p-2,0x1.c35253dc66725p-2,0x1.be9a560428331p-2
WF,SC_53a986e1b37a,YRWA,4,0x1.5919efb75e535p+1,0x1.1414bfc5e50f7p-2,0x1.ce7119c2ff4dcp-2,0x1.8984428246d3bp-2,0x1.8c42732a12824p-2,0x1.87fae987f7850p-2,0x1.863b94c19f169p-2,0x1.83bceae4cb094p-2,0x1.8672813fb48b1p-2,0x1.8c260e8b39b18p-2,0x1.89730b9170713p-2,0x1.8c89d407096a9p-2,0x1.85b3bee967e16p-2,0x1.8acdf9e0914cfp-2,0x1.8b4cd0738d7f5p-2,0x1.8c4effff7b2d6p-2,0x1.8130c0928a427p-2,0x1.8357f9f6eb26dp-2,0x1.8c8cec1e241dcp-2,0x1.87786fcaecc5ap-2,0x1.8a7b6580b7ac2p-2,0x1.8a79a3afb6a70p-2,0x1.86bda1035246ep-2,0x1.8dce666627e6cp-2
BB,SC_fc686c314491,ALFL,3,0x1.5919efb75e53bp+1,0x1.1414bfc5e50fcp-1,0x1.2a15b1aa285b1p-1,0x1.2a74ecf808c1ep-1,0x1.2c8c5f660f357p-1,0x1.2686be5759b0dp-1,0x1.277b4d1e4a8e3p-1,0x1.247d4e8a9b801p-1,0x1.246d786d059b8p-1,0x1.2412bed2177dap-1,0x1.24037d2ef93dep-1,0x1.2636602087876p-1,0x1.2032535dfd995p-1,0x1.23c0981593fadp-1,0x1.20c926ae73ac4p-1,0x1.262c48a9318a2p-1,0x1.1f0ad75defb5ap-1,0x1.2491da3a947f6p-1,0x1.2c55f65586499p-1,0x1.20903a5f46203p-1,0x1.20c926ae73ac4p-1,0x1.2032535dfd995p-1,0x1.268fe977d61efp-1,0x1.20d3d731f945fp-1
BB,SC_fc686c314491,AMRE,1,0x1.5919efb75e53bp+1,0x1.5919efb75e53bp+1,0x1.9e83713adb5b4p-2,0x1.ac15c6ee4d36bp-2,0x1.af07658e096eep-2,0x1.af07658e096eep-2,0x1.a63ab87c87935p-2,0x1.9ee9408da0f05p-2,0x1.9ec45d42100ebp-2,0x1.9ff0ee1693062p-2,0x1.9fe2b6faf1ef3p-2,0x1.9ff70bfe85945p-2,0x1.9f89565ef24bep-2,0x1.a32ec28966a71p-2,0x1.ae88f470a61d0p-2,0x1.9ff70bfe85945p-2,0x1.ac9cd180c4996p-2,0x1.9e6b9a3fb2814p-2,0x1.ae88f470a61d0p-2,0x1.9ff70bfe85945p-2,0x1.a136f39b34e13p-2,0x1.ad5ccf14513e0p-2,0x1.a11192a40fc75p-2,0x1.a0577c8cf1e82p-2
BB,SC_fc686c314491,AMRO,3,0x1.5919efb75e53bp+1,0x1.1414bfc5e50fcp-1,0x1.2a04d5566ca6bp-1,0x1.259d7b35bee52p-1,0x1.2789a6216ed08p-1,0x1.267bd13baf942p-1,0x1.2218d65b94905p-1,0x1.1e8037358c033p-1,0x1.1e6d77a54452ap-1,0x1.2038e608408eep-1,0x1.1f947115e2944p-1,0x1.203d3c158ce90p-1,0x1.1fff13ad1a100p-1,0x1.21a23b7ea15dcp-1,0x1.20b317dc38c53p-1,0x1.203d7e063f8dap-1,0x1.1ef4e311b5091p-1,0x1.1eb60d02511f9p-1,0x1.274a677814f3bp-1,0x1.205cd095c3abdp-1,0x1.20b7bb354ee45p-1,0x1.201cb7c5f9364p-1,0x1.20821161b99bdp-1,0x1.20afb44ee5098p-1
BB,SC_fc686c314491,ATTW,1,0x1.5919efb75e53bp+1,0x1.5919efb75e53bp+1,0x1.9aa368d0153cdp-2,0x1.b22f94cd6fc42p-2,0x1.b587ce08cc0d9p-2,0x1.abf01db08bec2p-2,0x1.ad5d2df1c01a3p-2,0x1.a72a1d53316bfp-2,0x1.a70a896d6dc5fp-2,0x1.a6a2c643dcff8p-2,0x1.a7c3ed459c712p-2,0x1.a836c2c460ec4p-2,0x1.9f9cc233ede54p-2,0x1.a6916ae1e16e7p-2,0x1.a0ce66a1b724bp-2,0x1.a836c2c460ec4p-2,0x1.9e6940b35a201p-2,0x1.a66608a493d0ap-2,0x1.b519d9138cc3fp-2,0x1.a00bffc89e3d2p-2,0x1.a0ce66a1b724bp-2,0x1.9f9cc233ede54p-2,0x1.a97f5bb1e6fdep-2,0x1.a007ffba36b66p-2
BB,SC_fc686c314491,BBWO,1,0x1.5919efb75e53bp+1,0x1.5919efb75e53bp+1,0x1.9aa368d0153cdp-2,0x1.b22f94cd6fc42p-2,0x1.b587ce08cc0d9p-2,0x1.abf01db08bec2p-2,0x1.ad5d2df1c01a3p-2,0x1.a72a1d53316bfp-2,0x1.a70a896d6dc5fp-2,0x1.a6a2c643dcff8p-2,0x1.a7c3ed459c712p-2,0x1.a836c2c460ec4p-2,0x1.9f9cc233ede54p-2,0x1.a6916ae1e16e7p-2,0x1.a0ce66a1b724bp-2,0x1.a836c2c460ec4p-2,0x1.9e6940b35a201p-2,0x1.a66608a493d0ap-2,0x1.b519d9138cc3fp-2,0x1.a00bffc89e3d2p-2,0x1.a0ce66a1b724bp-2,0x1.9f9cc233ede54p-2,0x1.a97f5bb1e6fdep-2,0x1.a007ffba36b66p-2
BB,SC_fc686c314491,CEDW,3,0x1.5919efb75e53bp+1,0x1.1414bfc5e50fcp-1,0x1.2a15b1aa285b1p-1,0x1.2a74ecf808c1ep-1,0x1.2c8c5f660f357p-1,0x1.2686be5759b0dp-1,0x1.277b4d1e4a8e3p-1,0x1.247d4e8a9b801p-1,0x1.246d786d059b8p-1,0x1.2412bed2177dap-1,0x1.24037d2ef93dep-1,0x1.2636602087876p-1,0x1.2032535dfd995p-1,0x1.23c0981593fadp-1,0x1.20c926ae73ac4p-1,0x1.262c48a9318a2p-1,0x1.1f0ad75defb5ap-1,0x1.2491da3a947f6p-1,0x1.2c55f65586499p-1,0x1.20903a5f46203p-1,0x1.20c926ae73ac4p-1,0x1.2032535dfd995p-1,0x1.268fe977d61efp-1,0x1.20d3d731f945fp-1
BB,SC_fc686c314491,DEJU,1,0x1.5919efb75e53bp+1,0x1.5919efb75e53bp+1,0x1.967453a109155p-2,0x1.b074825379cfep-2,0x1.b3e70ce4c7593p-2,0x1.a5f84f61549cfp-2,0x1.abde188c095efp-2,0x1.a5e8567e73c32p-2,0x1.a5c9e6529c882p-2,0x1.a09421af48ccfp-2,0x1.a1b33e31914a7p-2,0x1.a496cdaa34899p-2,0x1.98bdd488286bep-2,0x1.a07253c22d3c9p-2,0x1.9a83c703b19b5p-2,0x1.a4ad282cd20c2p-2,0x1.97980493c2fdfp-2,0x1.a511920bb1ddcp-2,0x1.b37c91cac77ffp-2,0x1.992c37a92ef4ep-2,0x1.9a83c703b19b5p-2,0x1.98bdd488286bep-2,0x1.a846e014c9ba0p-2,0x1.99c4c84084e4ep-2
BB,SC_fc686c314491,GRYE,1,0x1.5919efb75e53bp+1,0x1.5919efb75e53bp+1,0x1.967453a109155p-2,0x1.b074825379cfep-2,0x1.b3e70ce4c7593p-2,0x1.a5f84f61549cfp-2,0x1.abde188c095efp-2,0x1.a5e8567e73c32p-2,0x1.a5c9e6529c882p-2,0x1.a09421af48ccfp-2,0x1.a1b33e31914a7p-2,0x1.a496cdaa34899p-2,0x1.98bdd488286bep-2,0x1.a07253c22d3c9p-2,0x1.9a83c703b19b5p-2,0x1.a4ad282cd20c2p-2,0x1.97980493c2fdfp-2,0x1.a511920bb1ddcp-2,0x1.b37c91cac77ffp-2,0x1.992c37a92ef4ep-2,0x1.9a83c703b19b5p-2,0x1.98bdd488286bep-2,0x1.a846e014c9ba0p-2,0x1.99c4c84084e4ep-2
BB,SC_fc686c314491,LEFL,1,0x1.5919efb75e53bp+1,0x1.5919efb75e53bp+1,0x1.9aa368d0153cdp-2,0x1.b22f94cd6fc42p-2,0x1.b587ce08cc0d9p-2,0x1.abf01db08bec2p-2,0x1.ad5d2df1c01a3p-2,0x1.a72a1d53316bfp-2,0x1.a70a896d6dc5fp-2,0x1.a6a2c643dcff8p-2,0x1.a7c3ed459c712p-2,0x1.a836c2c460ec4p-2,0x1.9f9cc233ede54p-2,0x1.a6916ae1e16e7p-2,0x1.a0ce66a1b724bp-2,0x1.a836c2c460ec4p-2,0x1.9e6940b35a201p-2,0x1.a66608a493d0ap-2,0x1.b519d9138cc3fp-2,0x1.a00bffc89e3d2p-2,0x1.a0ce66a1b724bp-2,0x1.9f9cc233ede54p-2,0x1.a97f5bb1e6fdep-2,0x1.a007ffba36b66p-2
BB,SC_fc686c314491,MAWA,2,0x1.5919efb75e53bp+1,0x1.1414bfc5e50fcp+0,0x1.fdb4a458f67d6p-2,0x1.ff9c3fbcddc01p-2,0x1.0193c1ae87ef7p-1,0x1.007b99688df31p-1,0x1.f8f7849857f76p-2,0x1.f18b35a8feb7fp-2,0x1.f165179c63327p-2,0x1.f3ef4a162ec19p-2,0x1.f335d6e2bde79p-2,0x1.f3f6f47a07791p-2,0x1.f37a59354898dp-2,0x1.f707cb56e1e92p-2,0x1.f50bdc2a31faep-2,0x1.f3f7973d2321cp-2,0x1.f23cb1f8a72a9p-2,0x1.f187de0f27418p-2,0x1.0152f12cdaf38p-1,0x1.f4165b009aaccp-2,0x1.f5154bf646a4cp-2,0x1.f411e80ab7e77p-2,0x1.f4ca8c88f1df6p-2,0x1.f4a1bc1586ac7p-2
BB,SC_fc686c314491,NOWA,3,0x1.5919efb75e53bp+1,0x1.1414bfc5e50fcp-1,0x1.2a04d5566ca6bp-1,0x1.259d7b35bee52p-1,0x1.2789a6216ed08p-1,0x1.267bd13baf942p-1,0x1.2218d65b94905p-1,0x1.1e8037358c033p-1,0x1.1e6d77a54452ap-1,0x1.2038e608408eep-1,0x1.1f947115e2944p-1,0x1.203d3c158ce90p-1,0x1.1fff13ad1a100p-1,0x1.21a23b7ea15dcp-1,0x1.20b317dc38c53p-1,0x1.203d7e063f8dap-1,0x1.1ef4e311b5091p-1,0x1.1eb60d02511f9p-1,0x1.274a677814f3bp-1,0x1.205cd095c3abdp-1,0x1.20b7bb354ee45p-1,0x1.201cb7c5f9364p-1,0x1.20821161b99bdp-1,0x1.20afb44ee5098p-1
BB,SC_fc686c314491,OCWA,1,0x1.5919efb75e53bp+1,0x1.5919efb75e53bp+1,0x1.96594cb993352p-2,0x1.b02086f0f0fa2p-2,0x1.b3ccbf0c88378p-2,0x1.a594a01598529p-2,0x1.ab83ee35fe0efp-2,0x1.a587f931d2ea2p-2,0x1.a5696b49720dep-2,0x1.a02d40eae8440p-2,0x1.a14bb0b78b844p-2,0x1.a4c8bb8b4a2cep-2,0x1.98fbd595cab0ep-2,0x1.a008fcc77a6a8p-2,0x1.9a1430f427cb8p-2,0x1.a44a87e9bf5c5p-2,0x1.97d420fa80d86p-2,0x1.a4b2af09618dfp-2,0x1.b36242b3752aep-2,0x1.996a5acb76903p-2,0x1.9a1430f427cb8p-2,0x1.98fbd595cab0ep-2,0x1.a82c6cf1f3d56p-2,0x1.99565747ac05fp-2
BB,SC_fc686c314491,PHVI,1,0x1.5919efb75e53bp+1,0x1.5919efb75e53bp+1,0x1.9aa368d0153cdp-2,0x1.b22f94cd6fc42p-2,0x1.b587ce08cc0d9p-2,0x1.abf01db08bec2p-2,0x1.ad5d2df1c01a3p-2,0x1.a72a1d53316bfp-2,0x1.a70a896d6dc5fp-2,0x1.a6a2c643dcff8p-2,0x1.a7c3ed459c712p-2,0x1.a836c2c460ec4p-2,0x1.9f9cc233ede54p-2,0x1.a6916ae1e16e7p-2,0x1.a0ce66a1b724bp-2,0x1.a836c2c460ec4p-2,0x1.9e6940b35a201p-2,0x1.a66608a493d0ap-2,0x1.b519d9138cc3fp-2,0x1.a00bffc89e3d2p-2,0x1.a0ce66a1b724bp-2,0x1.9f9cc233ede54p-2,0x1.a97f5bb1e6fdep-2,0x1.a007ffba36b66p-2
BB,SC_fc686c314491,SPSA,3,0x1.5919efb75e53bp+1,0x1.1414bfc5e50fcp-1,0x1.2449296ab136bp-1,0x1.18558750d47fep-1,0x1.1a01ee3820feep-1,0x1.1a05fddccbf3bp-1,0x1.179e22afebeeep-1,0x1.1820c3d658e71p-1,0x1.18213660c6176p-1,0x1.19ea62cd50f1cp-1,0x1.19456105a4944p-1,0x1.19d16eb0c42c5p-1,0x1.1ac4dc6069263p-1,0x1.1b26b1c5d6047p-1,0x1.19c642ff37817p-1,0x1.19d1bf407866ap-1,0x1.19deca7ba058dp-1,0x1.19860a0b9a92ap-1,0x1.19b1d06d49281p-1,0x1.1b241b8104547p-1,0x1.1a49852a1a83cp-1,0x1.199071cc161b7p-1,0x1.17e13bac34deep-1,0x1.1b78e38f8cbeep-1
BB,SC_fc686c314491,SWSP,1,0x1.5919efb75e53bp+1,0x1.5919efb75e53bp+1,0x1.96594cb993352p-2,0x1.b02086f0f0fa2p-2,0x1.b3ccbf0c88378p-2,0x1.a594a01598529p-2,0x1.ab83ee35fe0efp-2,0x1.a587f931d2ea2p-2,0x1.a5696b49720dep-2,0x1.a02d40eae8440p-2,0x1.a14bb0b78b844p-2,0x1.a4c8bb8b4a2cep-2,0x1.98fbd595cab0ep-2,0x1.a008fcc77a6a8p-2,0x1.9a1430f427cb8p-2,0x1.a44a87e9bf5c5p-2,0x1.97d420fa80d86p-2,0x1.a4b2af09618dfp-2,0x1.b36242b3752aep-2,0x1.996a5acb76903p-2,0x1.9a1430f427cb8p-2,0x1.98fbd595cab0ep-2,0x1.a82c6cf1f3d56p-2,0x1.99565747ac05fp-2
BB,SC_fc686c314491,TEWA,1,0x1.5919efb75e53bp+1,0x1.5919efb75e53bp+1,0x1.9e83713adb5b4p-2,0x1.ac15c6ee4d36bp-2,0x1.af07658e096eep-2,0x1.af07658e096eep-2,0x1.a63ab87c87935p-2,0x1.9ee9408da0f05p-2,0x1.9ec45d42100ebp-2,0x1.9ff0ee1693062p-2,0x1.9fe2b6faf1ef3p-2,0x1.9ff70bfe85945p-2,0x1.9f89565ef24bep-2,0x1.a32ec28966a71p-2,0x1.ae88f470a61d0p-2,0x1.9ff70bfe85945p-2,0x1.ac9cd180c4996p-2,0x1.9e6b9a3fb2814p-2,0x1.ae88f470a61d0p-2,0x1.9ff70bfe85945p-2,0x1.a136f39b34e13p-2,0x1.ad5ccf14513e0p-2,0x1.a11192a40fc75p-2,0x1.a0577c8cf1e82p-2
BB,SC_fc686c314491,YEWA,4,0x1.5919efb75e53bp+1,0x1.1414bfc5e50fcp-2,0x1.52bbb76ece3bdp-1,0x1.496df771abc04p-1,0x1.4b64db5b369bdp-1,0x1.4ae2189e649a4p-1,0x1.46381d8f0ef7ap-1,0x1.42ebbc15d93bap-1,0x1.42da5c41e45b0p-1,0x1.4506ba02301cfp-1,0x1.4427abd172d6ep-1,0x1.45110f1839e6cp-1,0x1.44c0d1b42c4d3p-1,0x1.4639e3d95ae00p-1,0x1.457687327c767p-1,0x1.451101baf1bfdp-1,0x1.437862c3ad4dfp-1,0x1.4353d8ad6a207p-1,0x1.4b294ed4f9453p-1,0x1.4528f3d14e2b8p-1,0x1.455db42ae9bc4p-1,0x1.44ce15db7e065p-1,0x1.4532c9938b895p-1,0x1.458474d1885ffp-1
BB,SC_fc686c314491,YRWA,4,0x1.5919efb75e53bp+1,0x1.1414bfc5e50fcp-2,0x1.4d7d63518850cp-1,0x1.3d3a87e63e037p-1,0x1.3f0060c0a731cp-1,0x1.3f069048b1584p-1,0x1.3c4bb8ca1a4c9p-1,0x1.3cd716f4e7f16p-1,0x1.3cd797b0f7fcap-1,0x1.3f0b81ff5bfe9p-1,0x1.3e29230f60e51p-1,0x1.3ef67a1a87a87p-1,0x1.3fd61e7d7165fp-1,0x1.401bda47dbbafp-1,0x1.3ed4dd4d30abcp-1,0x1.3ef6c690715f6p-1,0x1.3ebd6d24f76abp-1,0x1.3e6017509e2cfp-1,0x1.3eb45d4eb4b29p-1,0x1.40407e4060f15p-1,0x1.3f5170938e1d4p-1,0x1.3eb17ac7cbf03p-1,0x1.3cfe524eb8846p-1,0x1.409f991aa91a8p-1
HF,SC_088d2e949e6e,ALFL,3,0x1.617991c4dd2b4p-1,0x1.1ac7a7d0b0ef7p-3,0x1.19fbd510ecd30p-2,0x1.ef52627659e64p-3,0x1.f04fcac9d25bdp-3,0x1.f04fcac9d25bdp-3,0x1.ed46c5bd55d43p-3,0x1.ed0046698bce8p-3,0x1.ed0046698bce8p-3,0x1.ef15cfda55f58p-3,0x1.ecf052a7e04f1p-3,0x1.ef396e189f96fp-3,0x1.ee864027975f4p-3,0x1.f04fcac9d25bdp-3,0x1.f04fcac9d25bdp-3,0x1.ef396e189f96fp-3,0x1.ef4f5bed8a056p-3,0x1.ef4f5bed8a056p-3,0x1.f04fcac9d25bdp-3,0x1.ef396e189f96fp-3,0x1.f04fcac9d25bdp-3,0x1.ee864027975f4p-3,0x1.f04fcac9d25bdp-3,0x1.ef146d18d19bdp-3
HF,SC_088d2e949e6e,AMRE,1,0x1.617991c4dd2b4p-1,0x1.617991c4dd2b4p-1,0x1.05579ab0af3e6p-3,0x1.dfac914297564p-4,0x1.deb76a8701acap-4,0x1.deb76a8701acap-4,0x1.deec99c9ec693p-4,0x1.dd67be713f327p-4,0x1.dd67be713f327p-4,0x1.ddc0722cef6afp-4,0x1.dcfb18369e6c4p-4,0x1.ddce08b8554a2p-4,0x1.ddcc877c934b0p-4,0x1.deb76a8701acap-4,0x1.deb76a8701acap-4,0x1.ddce08b8554a2p-4,0x1.dfaa01d478187p-4,0x1.dfaa01d478187p-4,0x1.deb76a8701acap-4,0x1.ddce08b8554a2p-4,0x1.deb76a8701acap-4,0x1.ddcc877c934b0p-4,0x1.deb76a8701acap-4,0x1.dc63a90099a26p-4
HF,SC_088d2e949e6e,AMRO,3,0x1.617991c4dd2b4p-1,0x1.1ac7a7d0b0ef7p-3,0x1.1e1c867ba6768p-2,0x1.ff744563849eep-3,0x1.ff42d265a2e4fp-3,0x1.ff42d265a2e4fp-3,0x1.fd5be89b74370p-3,0x1.fbc940eebea50p-3,0x1.fbc940eebea50p-3,0x1.fe3e4a97aaf87p-3,0x1.fc0d570315bacp-3,0x1.fe5f2637346abp-3,0x1.fdedcd23dd78cp-3,0x1.ff42d265a2e4fp-3,0x1.ff42d265a2e4fp-3,0x1.fe5f2637346abp-3,0x1.ff71c386385ebp-3,0x1.ff71c386385ebp-3,0x1.ff42d265a2e4fp-3,0x1.fe5f2637346abp-3,0x1.ff42d265a2e4fp-3,0x1.fdedcd23dd78cp-3,0x1.ff42d265a2e4fp-3,0x1.fcf7a26d6d6b1p-3
HF,SC_088d2e949e6e,ATTW,1,0x1.617991c4dd2b4p-1,0x1.617991c4dd2b4p-1,0x1.ef9e247382e4bp-4,0x1.ba98b35fe69f0p-4,0x1.bb0eacd67203ep-4,0x1.bb0eacd67203ep-4,0x1.b9d582723a839p-4,0x1.b9f851037fc7fp-4,0x1.b9f851037fc7fp-4,0x1.ba1680c0b5bf3p-4,0x1.b94afa507bd5cp-4,0x1.ba27e78772f73p-4,0x1.b9de11e9ccabdp-4,0x1.bb0eacd67203ep-4,0x1.bb0eacd67203ep-4,0x1.ba27e78772f73p-4,0x1.ba9630e356f9ep-4,0x1.ba9630e356f9ep-4,0x1.bb0eacd67203ep-4,0x1.ba27e78772f73p-4,0x1.bb0eacd67203ep-4,0x1.b9de11e9ccabdp-4,0x1.bb0eacd67203ep-4,0x1.ba5655c01a93ap-4
HF,SC_088d2e949e6e,BBWO,1,0x1.617991c4dd2b4p-1,0x1.617991c4dd2b4p-1,0x1.ef9e247382e4bp-4,0x1.ba98b35fe69f0p-4,0x1.bb0eacd67203ep-4,0x1.bb0eacd67203ep-4,0x1.b9d582723a839p-4,0x1.b9f851037fc7fp-4,0x1.b9f851037fc7fp-4,0x1.ba1680c0b5bf3p-4,0x1.b94afa507bd5cp-4,0x1.ba27e78772f73p-4,0x1.b9de11e9ccabdp-4,0x1.bb0eacd67203ep-4,0x1.bb0eacd67203ep-4,0x1.ba27e78772f73p-4,0x1.ba9630e356f9ep-4,0x1.ba9630e356f9ep-4,0x1.bb0eacd67203ep-4,0x1.ba27e78772f73p-4,0x1.bb0eacd67203ep-4,0x1.b9de11e9ccabdp-4,0x1.bb0eacd67203ep-4,0x1.ba5655c01a93ap-4
HF,SC_088d2e949e6e,CEDW,3,0x1.617991c4dd2b4p-1,0x1.1ac7a7d0b0ef7p-3,0x1.19fbd510ecd30p-2,0x1.ef52627659e64p-3,0x1.f04fcac9d25bdp-3,0x1.f04fcac9d25bdp-3,0x1.ed46c5bd55d43p-3,0x1.ed0046698bce8p-3,0x1.ed0046698bce8p-3,0x1.ef15cfda55f58p-3,0x1.ecf052a7e04f1p-3,0x1.ef396e189f96fp-3,0x1.ee864027975f4p-3,0x1.f04fcac9d25bdp-3,0x1.f04fcac9d25bdp-3,0x1.ef396e189f96fp-3,0x1.ef4f5bed8a056p-3,0x1.ef4f5bed8a056p-3,0x1.f04fcac9d25bdp-3,0x1.ef396e189f96fp-3,0x1.f04fcac9d25bdp-3,0x1.ee864027975f4p-3,0x1.f04fcac9d25bdp-3,0x1.ef146d18d19bdp-3
HF,SC_088d2e949e6e,DEJU,1,0x1.617991c4dd2b4p-1,0x1.617991c4dd2b4p-1,0x1.f93f7f50a09fep-4,0x1.c65258f9c988dp-4,0x1.c706cd4f52ed0p-4,0x1.c706cd4f52ed0p-4,0x1.c59af118ca53bp-4,0x1.c5e63637ef118p-4,0x1.c5e63637ef118p-4,0x1.c61bffec4abc8p-4,0x1.c562fa87a0425p-4,0x1.c62cdd7c07289p-4,0x1.c5d8876c8e133p-4,0x1.c706cd4f52ed0p-4,0x1.c706cd4f52ed0p-4,0x1.c62cdd7c07289p-4,0x1.c64fd13adc20ap-4,0x1.c64fd13adc20ap-4,0x1.c706cd4f52ed0p-4,0x1.c62cdd7c07289p-4,0x1.c706cd4f52ed0p-4,0x1.c5d8876c8e133p-4,0x1.c706cd4f52ed0p-4,0x1.c6862f52d59ebp-4
HF,SC_088d2e949e6e,GRYE,1,0x1.617991c4dd2b4p-1,0x1.617991c4dd2b4p-1,0x1.f93f7f50a09fep-4,0x1.c65258f9c988dp-4,0x1.c706cd4f52ed0p-4,0x1.c706cd4f52ed0p-4,0x1.c59af118ca53bp-4,0x1.c5e63637ef118p-4,0x1.c5e63637ef118p-4,0x1.c61bffec4abc8p-4,0x1.c562fa87a0425p-4,0x1.c62cdd7c07289p-4,0x1.c5d8876c8e133p-4,0x1.c706cd4f52ed0p-4,0x1.c706cd4f52ed0p-4,0x1.c62cdd7c07289p-4,0x1.c64fd13adc20ap-4,0x1.c64fd13adc20ap-4,0x1.c706cd4f52ed0p-4,0x1.c62cdd7c07289p-4,0x1.c706cd4f52ed0p-4,0x1.c5d8876c8e133p-4,0x1.c706cd4f52ed0p-4,0x1.c6862f52d59ebp-4
HF,SC_088d2e949e6e,LEFL,1,0x1.617991c4dd2b4p-1,0x1.617991c4dd2b4p-1,0x1.ef9e247382e4bp-4,0x1.ba98b35fe69f0p-4,0x1.bb0eacd67203ep-4,0x1.bb0eacd67203ep-4,0x1.b9d582723a839p-4,0x1.b9f851037fc7fp-4,0x1.b9f851037fc7fp-4,0x1.ba1680c0b5bf3p-4,0x1.b94afa507bd5cp-4,0x1.ba27e78772f73p-4,0x1.b9de11e9ccabdp-4,0x1.bb0eacd67203ep-4,0x1.bb0eacd67203ep-4,0x1.ba27e78772f73p-4,0x1.ba9630e356f9ep-4,0x1.ba9630e356f9ep-4,0x1.bb0eacd67203ep-4,0x1.ba27e78772f73p-4,0x1.bb0eacd67203ep-4,0x1.b9de11e9ccabdp-4,0x1.bb0eacd67203ep-4,0x1.ba5655c01a93ap-4
HF,SC_088d2e949e6e,MAWA,2,0x1.617991c4dd2b4p-1,0x1.1ac7a7d0b0ef7p-2,0x1.96c02546fa5e4p-3,0x1.6e5052e5f1fb1p-3,0x1.6d95110f34940p-3,0x1.6d95110f34940p-3,0x1.6d2b0d0f28c7bp-3,0x1.6c03d2b525e97p-3,0x1.6c03d2b525e97p-3,0x1.6d284c576fccbp-3,0x1.6bf5db526ffbdp-3,0x1.6d3ae83f53b12p-3,0x1.6d099777f5d55p-3,0x1.6d95110f34940p-3,0x1.6d95110f34940p-3,0x1.6d3ae83f53b12p-3,0x1.6e4f4cb5ca455p-3,0x1.6e4f4cb5ca455p-3,0x1.6d95110f34940p-3,0x1.6d3ae83f53b12p-3,0x1.6d95110f34940p-3,0x1.6d099777f5d55p-3,0x1.6d95110f34940p-3,0x1.6c2ed87af64b5p-3
HF,SC_088d2e949e6e,NOWA,3,0x1.617991c4dd2b4p-1,0x1.1ac7a7d0b0ef7p-3,0x1.1e1c867ba6768p-2,0x1.ff744563849eep-3,0x1.ff42d265a2e4fp-3,0x1.ff42d265a2e4fp-3,0x1.fd5be89b74370p-3,0x1.fbc940eebea50p-3,0x1.fbc940eebea50p-3,0x1.fe3e4a97aaf87p-3,0x1.fc0d570315bacp-3,0x1.fe5f2637346abp-3,0x1.fdedcd23dd78cp-3,0x1.ff42d265a2e4fp-3,0x1.ff42d265a2e4fp-3,0x1.fe5f2637346abp-3,0x1.ff71c386385ebp-3,0x1.ff71c386385ebp-3,0x1.ff42d265a2e4fp-3,0x1.fe5f2637346abp-3,0x1.ff42d265a2e4fp-3,0x1.fdedcd23dd78cp-3,0x1.ff42d265a2e4fp-3,0x1.fcf7a26d6d6b1p-3
HF,SC_088d2e949e6e,OCWA,1,0x1.617991c4dd2b4p-1,0x1.617991c4dd2b4p-1,0x1.f7bc35974550fp-4,0x1.c475a4dab8166p-4,0x1.c5471a161cb9ep-4,0x1.c5471a161cb9ep-4,0x1.c3bdc7a9e6c18p-4,0x1.c4057bacfcb9ep-4,0x1.c4057bacfcb9ep-4,0x1.c43a22ae8a1e1p-4,0x1.c381d804f9e21p-4,0x1.c44b013d5a953p-4,0x1.c3f683918223ap-4,0x1.c5471a161cb9ep-4,0x1.c5471a161cb9ep-4,0x1.c44b013d5a953p-4,0x1.c472f55303a7bp-4,0x1.c472f55303a7bp-4,0x1.c5471a161cb9ep-4,0x1.c44b013d5a953p-4,0x1.c5471a161cb9ep-4,0x1.c3f683918223ap-4,0x1.c5471a161cb9ep-4,0x1.c4a1e8c7b20ddp-4
HF,SC_088d2e949e6e,PHVI,1,0x1.617991c4dd2b4p-1,0x1.617991c4dd2b4p-1,0x1.ef9e247382e4bp-4,0x1.ba98b35fe69f0p-4,0x1.bb0eacd67203ep-4,0x1.bb0eacd67203ep-4,0x1.b9d582723a839p-4,0x1.b9f851037fc7fp-4,0x1.b9f851037fc7fp-4,0x1.ba1680c0b5bf3p-4,0x1.b94afa507bd5cp-4,0x1.ba27e78772f73p-4,0x1.b9de11e9ccabdp-4,0x1.bb0eacd67203ep-4,0x1.bb0eacd67203ep-4,0x1.ba27e78772f73p-4,0x1.ba9630e356f9ep-4,0x1.ba9630e356f9ep-4,0x1.bb0eacd67203ep-4,0x1.ba27e78772f73p-4,0x1.bb0eacd67203ep-4,0x1.b9de11e9ccabdp-4,0x1.bb0eacd67203ep-4,0x1.ba5655c01a93ap-4
HF,SC_088d2e949e6e,SPSA,3,0x1.617991c4dd2b4p-1,0x1.1ac7a7d0b0ef7p-3,0x1.9138935c44a9bp-2,0x1.93313b6adb8cdp-2,0x1.92d0239721163p-2,0x1.92d0239721163p-2,0x1.9270cb257e5afp-2,0x1.9128a95bbd576p-2,0x1.9128a95bbd576p-2,0x1.925f02ece2619p-2,0x1.919a92c5ebce2p-2,0x1.9266beea592a4p-2,0x1.92607623af460p-2,0x1.92d0239721163p-2,0x1.92d0239721163p-2,0x1.9266beea592a4p-2,0x1.933013b9dc63ap-2,0x1.933013b9dc63ap-2,0x1.92d0239721163p-2,0x1.9266beea592a4p-2,0x1.92d0239721163p-2,0x1.92607623af460p-2,0x1.92d0239721163p-2,0x1.912ceb832cdeep-2
HF,SC_088d2e949e6e,SWSP,1,0x1.617991c4dd2b4p-1,0x1.617991c4dd2b4p-1,0x1.f7bc35974550fp-4,0x1.c475a4dab8166p-4,0x1.c5471a161cb9ep-4,0x1.c5471a161cb9ep-4,0x1.c3bdc7a9e6c18p-4,0x1.c4057bacfcb9ep-4,0x1.c4057bacfcb9ep-4,0x1.c43a22ae8a1e1p-4,0x1.c381d804f9e21p-4,0x1.c44b013d5a953p-4,0x1.c3f683918223ap-4,0x1.c5471a161cb9ep-4,0x1.c5471a161cb9ep-4,0x1.c44b013d5a953p-4,0x1.c472f55303a7bp-4,0x1.c472f55303a7bp-4,0x1.c5471a161cb9ep-4,0x1.c44b013d5a953p-4,0x1.c5471a161cb9ep-4,0x1.c3f683918223ap-4,0x1.c5471a161cb9ep-4,0x1.c4a1e8c7b20ddp-4
HF,SC_088d2e949e6e,TEWA,1,0x1.617991c4dd2b4p-1,0x1.617991c4dd2b4p-1,0x1.05579ab0af3e6p-3,0x1.dfac914297564p-4,0x1.deb76a8701acap-4,0x1.deb76a8701acap-4,0x1.deec99c9ec693p-4,0x1.dd67be713f327p-4,0x1.dd67be713f327p-4,0x1.ddc0722cef6afp-4,0x1.dcfb18369e6c4p-4,0x1.ddce08b8554a2p-4,0x1.ddcc877c934b0p-4,0x1.deb76a8701acap-4,0x1.deb76a8701acap-4,0x1.ddce08b8554a2p-4,0x1.dfaa01d478187p-4,0x1.dfaa01d478187p-4,0x1.deb76a8701acap-4,0x1.ddce08b8554a2p-4,0x1.deb76a8701acap-4,0x1.ddcc877c934b0p-4,0x1.deb76a8701acap-4,0x1.dc63a90099a26p-4
HF,SC_088d2e949e6e,YEWA,4,0x1.617991c4dd2b4p-1,0x1.1ac7a7d0b0ef7p-4,0x1.fd13dee5847cap-2,0x1.f6c5e6f5a2baep-2,0x1.f7b1b2281bb95p-2,0x1.f7b1b2281bb95p-2,0x1.f584eeed14427p-2,0x1.f401ebe0f1a43p-2,0x1.f401ebe0f1a43p-2,0x1.f6fe208b92527p-2,0x1.f5b26296725c4p-2,0x1.f70daf5e0246cp-2,0x1.f6d343feea3e5p-2,0x1.f7b1b2281bb95p-2,0x1.f7b1b2281bb95p-2,0x1.f70daf5e0246cp-2,0x1.f6c41fa7ff43bp-2,0x1.f6c41fa7ff43bp-2,0x1.f7b1b2281bb95p-2,0x1.f70daf5e0246cp-2,0x1.f7b1b2281bb95p-2,0x1.f6d343feea3e5p-2,0x1.f7b1b2281bb95p-2,0x1.f59d938fc4037p-2
HF,SC_088d2e949e6e,YRWA,4,0x1.617991c4dd2b4p-1,0x1.1ac7a7d0b0ef7p-4,0x1.01315d1a6e066p-1,0x1.ff6bac6078837p-2,0x1.ff7ee1de5c68dp-2,0x1.ff7ee1de5c68dp-2,0x1.fe3790809c2cep-2,0x1.fcc599cf27edcp-2,0x1.fcc599cf27edcp-2,0x1.ff352ccce7c25p-2,0x1.fdf67d5e1e5b3p-2,0x1.ff430f01a2798p-2,0x1.ff1df1b91f30fp-2,0x1.ff7ee1de5c68dp-2,0x1.ff7ee1de5c68dp-2,0x1.ff430f01a2798p-2,0x1.ff6afef460068p-2,0x1.ff6afef460068p-2,0x1.ff7ee1de5c68dp-2,0x1.ff430f01a2798p-2,0x1.ff7ee1de5c68dp-2,0x1.ff1df1b91f30fp-2,0x1.ff7ee1de5c68dp-2,0x1.fde3c5f36c943p-2
NH,SC_088d2e949e6e,ALFL,3,0x1.0b9de07605cbap-1,0x1.ac2fcd89a2df7p-4,0x1.81d2eadcca277p-2,0x1.84e42b1fc8687p-2,0x1.86d141a03156dp-2,0x1.86d141a03156dp-2,0x1.84885c3edc753p-2,0x1.84dab0b6aa1a8p-2,0x1.84dab0b6aa1a8p-2,0x1.86aca1ad8ba5bp-2,0x1.864a006c42e8ap-2,0x1.86b312fff5014p-2,0x1.8659343a2e83ap-2,0x1.86d141a03156dp-2,0x1.86d141a03156dp-2,0x1.86b312fff5014p-2,0x1.84e3de077b199p-2,0x1.84e3de077b199p-2,0x1.86d141a03156dp-2,0x1.86b312fff5014p-2,0x1.86d141a03156dp-2,0x1.8659343a2e83ap-2,0x1.86d141a03156dp-2,0x1.87020363af592p-2
NH,SC_088d2e949e6e,AMRE,1,0x1.0b9de07605cbap-1,0x1.0b9de07605cbap-1,0x1.8643caed592a8p-3,0x1.a3638c785eeefp-3,0x1.a4a83a58f1e93p-3,0x1.a4a83a58f1e93p-3,0x1.a42f968225b51p-3,0x1.a41c0280ef701p-3,0x1.a41c0280ef701p-3,0x1.a50f6e11dac73p-3,0x1.a5e5d7e54a401p-3,0x1.a50267a4da61ep-3,0x1.a52a226d712a0p-3,0x1.a4a83a58f1e93p-3,0x1.a4a83a58f1e93p-3,0x1.a50267a4da61ep-3,0x1.a36487cb433dfp-3,0x1.a36487cb433dfp-3,0x1.a4a83a58f1e93p-3,0x1.a50267a4da61ep-3,0x1.a4a83a58f1e93p-3,0x1.a52a226d712a0p-3,0x1.a4a83a58f1e93p-3,0x1.a4df4aff67853p-3
NH,SC_088d2e949e6e,AMRO,3,0x1.0b9de07605cbap-1,0x1.ac2fcd89a2df7p-4,0x1.953e4b9d0cc27p-2,0x1.a2d1a29ea246ep-2,0x1.a3ffd6af15bb7p-2,0x1.a3ffd6af15bb7p-2,0x1.a28c4efb509a9p-2,0x1.a2afd5fedaf93p-2,0x1.a2afd5fedaf93p-2,0x1.a4086ad1cc4ddp-2,0x1.a3bef345c9582p-2,0x1.a40ab2a19332fp-2,0x1.a3e625e5d5821p-2,0x1.a3ffd6af15bb7p-2,0x1.a3ffd6af15bb7p-2,0x1.a40ab2a19332fp-2,0x1.a2d1c3054a2d3p-2,0x1.a2d1c3054a2d3p-2,0x1.a3ffd6af15bb7p-2,0x1.a40ab2a19332fp-2,0x1.a3ffd6af15bb7p-2,0x1.a3e625e5d5821p-2,0x1.a3ffd6af15bb7p-2,0x1.a42a8f8fd492fp-2
NH,SC_088d2e949e6e,ATTW,1,0x1.0b9de07605cbap-1,0x1.0b9de07605cbap-1,0x1.590dfe2c3a782p-3,0x1.624b3368fb265p-3,0x1.648627ea46f29p-3,0x1.648627ea46f29p-3,0x1.62ca4a5fbc6d2p-3,0x1.62f4eb0536738p-3,0x1.62f4eb0536738p-3,0x1.64e51ac7548dap-3,0x1.6567fc7a13722p-3,0x1.64e055e945467p-3,0x1.64be99b81250ap-3,0x1.648627ea46f29p-3,0x1.648627ea46f29p-3,0x1.64e055e945467p-3,0x1.624c2e2dad4a1p-3,0x1.624c2e2dad4a1p-3,0x1.648627ea46f29p-3,0x1.64e055e945467p-3,0x1.648627ea46f29p-3,0x1.64be99b81250ap-3,0x1.648627ea46f29p-3,0x1.64fe081179003p-3
NH,SC_088d2e949e6e,BBWO,1,0x1.0b9de07605cbap-1,0x1.0b9de07605cbap-1,0x1.590dfe2c3a782p-3,0x1.624b3368fb265p-3,0x1.648627ea46f29p-3,0x1.648627ea46f29p-3,0x1.62ca4a5fbc6d2p-3,0x1.62f4eb0536738p-3,0x1.62f4eb0536738p-3,0x1.64e51ac7548dap-3,0x1.6567fc7a13722p-3,0x1.64e055e945467p-3,0x1.64be99b81250ap-3,0x1.648627ea46f29p-3,0x1.648627ea46f29p-3,0x1.64e055e945467p-3,0x1.624c2e2dad4a1p-3,0x1.624c2e2dad4a1p-3,0x1.648627ea46f29p-3,0x1.64e055e945467p-3,0x1.648627ea46f29p-3,0x1.64be99b81250ap-3,0x1.648627ea46f29p-3,0x1.64fe081179003p-3
NH,SC_088d2e949e6e,CEDW,3,0x1.0b9de07605cbap-1,0x1.ac2fcd89a2df7p-4,0x1.81d2eadcca277p-2,0x1.84e42b1fc8687p-2,0x1.86d141a03156dp-2,0x1.86d141a03156dp-2,0x1.84885c3edc753p-2,0x1.84dab0b6aa1a8p-2,0x1.84dab0b6aa1a8p-2,0x1.86aca1ad8ba5bp-2,0x1.864a006c42e8ap-2,0x1.86b312fff5014p-2,0x1.8659343a2e83ap-2,0x1.86d141a03156dp-2,0x1.86d141a03156dp-2,0x1.86b312fff5014p-2,0x1.84e3de077b199p-2,0x1.84e3de077b199p-2,0x1.86d141a03156dp-2,0x1.86b312fff5014p-2,0x1.86d141a03156dp-2,0x1.8659343a2e83ap-2,0x1.86d141a03156dp-2,0x1.87020363af592p-2
NH,SC_088d2e949e6e,DEJU,1,0x1.0b9de07605cbap-1,0x1.0b9de07605cbap-1,0x1.5d4c3443a182fp-3,0x1.67be79403dd04p-3,0x1.6a2ef36dd2de7p-3,0x1.6a2ef36dd2de7p-3,0x1.6845e665b3218p-3,0x1.687781427b52fp-3,0x1.687781427b52fp-3,0x1.6a6905281e040p-3,0x1.6afa377a45fa0p-3,0x1.6a63e7b6e530ap-3,0x1.6a38cf21faf89p-3,0x1.6a2ef36dd2de7p-3,0x1.6a2ef36dd2de7p-3,0x1.6a63e7b6e530ap-3,0x1.67beeecb1b327p-3,0x1.67beeecb1b327p-3,0x1.6a2ef36dd2de7p-3,0x1.6a63e7b6e530ap-3,0x1.6a2ef36dd2de7p-3,0x1.6a38cf21faf89p-3,0x1.6a2ef36dd2de7p-3,0x1.6a89e012dabdep-3
NH,SC_088d2e949e6e,GRYE,1,0x1.0b9de07605cbap-1,0x1.0b9de07605cbap-1,0x1.5d4c3443a182fp-3,0x1.67be79403dd04p-3,0x1.6a2ef36dd2de7p-3,0x1.6a2ef36dd2de7p-3,0x1.6845e665b3218p-3,0x1.687781427b52fp-3,0x1.687781427b52fp-3,0x1.6a6905281e040p-3,0x1.6afa377a45fa0p-3,0x1.6a63e7b6e530ap-3,0x1.6a38cf21faf89p-3,0x1.6a2ef36dd2de7p-3,0x1.6a2ef36dd2de7p-3,0x1.6a63e7b6e530ap-3,0x1.67beeecb1b327p-3,0x1.67beeecb1b327p-3,0x1.6a2ef36dd2de7p-3,0x1.6a63e7b6e530ap-3,0x1.6a2ef36dd2de7p-3,0x1.6a38cf21faf89p-3,0x1.6a2ef36dd2de7p-3,0x1.6a89e012dabdep-3
NH,SC_088d2e949e6e,LEFL,1,0x1.0b9de07605cbap-1,0x1.0b9de07605cbap-1,0x1.590dfe2c3a782p-3,0x1.624b3368fb265p-3,0x1.648627ea46f29p-3,0x1.648627ea46f29p-3,0x1.62ca4a5fbc6d2p-3,0x1.62f4eb0536738p-3,0x1.62f4eb0536738p-3,0x1.64e51ac7548dap-3,0x1.6567fc7a13722p-3,0x1.64e055e945467p-3,0x1.64be99b81250ap-3,0x1.648627ea46f29p-3,0x1.648627ea46f29p-3,0x1.64e055e945467p-3,0x1.624c2e2dad4a1p-3,0x1.624c2e2dad4a1p-3,0x1.648627ea46f29p-3,0x1.64e055e945467p-3,0x1.648627ea46f29p-3,0x1.64be99b81250ap-3,0x1.648627ea46f29p-3,0x1.64fe081179003p-3
NH,SC_088d2e949e6e,MAWA,2,0x1.0b9de07605cbap-1,0x1.ac2fcd89a2df7p-3,0x1.295bbaf30b1ffp-2,0x1.38250974267dfp-2,0x1.38c29da622035p-2,0x1.38c29da622035p-2,0x1.383ec45ac28d4p-2,0x1.384a3a1f51bbfp-2,0x1.384a3a1f51bbfp-2,0x1.39329ce63e6fdp-2,0x1.394c557a0d256p-2,0x1.3930035efd552p-2,0x1.3929c9082513cp-2,0x1.38c29da622035p-2,0x1.38c29da622035p-2,0x1.3930035efd552p-2,0x1.382634fc50a52p-2,0x1.382634fc50a52p-2,0x1.38c29da622035p-2,0x1.3930035efd552p-2,0x1.38c29da622035p-2,0x1.3929c9082513cp-2,0x1.38c29da622035p-2,0x1.39354d0df8712p-2
NH,SC_088d2e949e6e,NOWA,3,0x1.0b9de07605cbap-1,0x1.ac2fcd89a2df7p-4,0x1.953e4b9d0cc27p-2,0x1.a2d1a29ea246ep-2,0x1.a3ffd6af15bb7p-2,0x1.a3ffd6af15bb7p-2,0x1.a28c4efb509a9p-2,0x1.a2afd5fedaf93p-2,0x1.a2afd5fedaf93p-2,0x1.a4086ad1cc4ddp-2,0x1.a3bef345c9582p-2,0x1.a40ab2a19332fp-2,0x1.a3e625e5d5821p-2,0x1.a3ffd6af15bb7p-2,0x1.a3ffd6af15bb7p-2,0x1.a40ab2a19332fp-2,0x1.a2d1c3054a2d3p-2,0x1.a2d1c3054a2d3p-2,0x1.a3ffd6af15bb7p-2,0x1.a40ab2a19332fp-2,0x1.a3ffd6af15bb7p-2,0x1.a3e625e5d5821p-2,0x1.a3ffd6af15bb7p-2,0x1.a42a8f8fd492fp-2
NH,SC_088d2e949e6e,OCWA,1,0x1.0b9de07605cbap-1,0x1.0b9de07605cbap-1,0x1.5c91c52d47819p-3,0x1.66bf0d4c876bep-3,0x1.690283db219eep-3,0x1.690283db219eep-3,0x1.67463eb8b4062p-3,0x1.67776f09c53d4p-3,0x1.67776f09c53d4p-3,0x1.695859c7d4625p-3,0x1.69e9ae398211ap-3,0x1.695344e5272bep-3,0x1.692802c554297p-3,0x1.690283db219eep-3,0x1.690283db219eep-3,0x1.695344e5272bep-3,0x1.66bff8b9bf83ep-3,0x1.66bff8b9bf83ep-3,0x1.690283db219eep-3,0x1.695344e5272bep-3,0x1.690283db219eep-3,0x1.692802c554297p-3,0x1.690283db219eep-3,0x1.6979629362150p-3
NH,SC_088d2e949e6e,PHVI,1,0x1.0b9de07605cbap-1,0x1.0b9de07605cbap-1,0x1.590dfe2c3a782p-3,0x1.624b3368fb265p-3,0x1.648627ea46f29p-3,0x1.648627ea46f29p-3,0x1.62ca4a5fbc6d2p-3,0x1.62f4eb0536738p-3,0x1.62f4eb0536738p-3,0x1.64e51ac7548dap-3,0x1.6567fc7a13722p-3,0x1.64e055e945467p-3,0x1.64be99b81250ap-3,0x1.648627ea46f29p-3,0x1.648627ea46f29p-3,0x1.64e055e945467p-3,0x1.624c2e2dad4a1p-3,0x1.624c2e2dad4a1p-3,0x1.648627ea46f29p-3,0x1.64e055e945467p-3,0x1.648627ea46f29p-3,0x1.64be99b81250ap-3,0x1.648627ea46f29p-3,0x1.64fe081179003p-3
NH,SC_088d2e949e6e,SPSA,3,0x1.0b9de07605cbap-1,0x1.ac2fcd89a2df7p-4,0x1.07f72bd47cfdcp-1,0x1.210dbdcf05491p-1,0x1.21c10ecbf94c6p-1,0x1.21c10ecbf94c6p-1,0x1.21310ac338816p-1,0x1.2135a72763ef7p-1,0x1.2135a72763ef7p-1,0x1.21f1ba43d5939p-1,0x1.22183589a893ap-1,0x1.21ed1d6f30761p-1,0x1.21ef456a0dc30p-1,0x1.21c10ecbf94c6p-1,0x1.21c10ecbf94c6p-1,0x1.21ed1d6f30761p-1,0x1.210e3a1afef1ap-1,0x1.210e3a1afef1ap-1,0x1.21c10ecbf94c6p-1,0x1.21ed1d6f30761p-1,0x1.21c10ecbf94c6p-1,0x1.21ef456a0dc30p-1,0x1.21c10ecbf94c6p-1,0x1.21eb09c4bc9a7p-1
NH,SC_088d2e949e6e,SWSP,1,0x1.0b9de07605cbap-1,0x1.0b9de07605cbap-1,0x1.5c91c52d47819p-3,0x1.66bf0d4c876bep-3,0x1.690283db219eep-3,0x1.690283db219eep-3,0x1.67463eb8b4062p-3,0x1.67776f09c53d4p-3,0x1.67776f09c53d4p-3,0x1.695859c7d4625p-3,0x1.69e9ae398211ap-3,0x1.695344e5272bep-3,0x1.692802c554297p-3,0x1.690283db219eep-3,0x1.690283db219eep-3,0x1.695344e5272bep-3,0x1.66bff8b9bf83ep-3,0x1.66bff8b9bf83ep-3,0x1.690283db219eep-3,0x1.695344e5272bep-3,0x1.690283db219eep-3,0x1.692802c554297p-3,0x1.690283db219eep-3,0x1.6979629362150p-3
NH,SC_088d2e949e6e,TEWA,1,0x1.0b9de07605cbap-1,0x1.0b9de07605cbap-1,0x1.8643caed592a8p-3,0x1.a3638c785eeefp-3,0x1.a4a83a58f1e93p-3,0x1.a4a83a58f1e93p-3,0x1.a42f968225b51p-3,0x1.a41c0280ef701p-3,0x1.a41c0280ef701p-3,0x1.a50f6e11dac73p-3,0x1.a5e5d7e54a401p-3,0x1.a50267a4da61ep-3,0x1.a52a226d712a0p-3,0x1.a4a83a58f1e93p-3,0x1.a4a83a58f1e93p-3,0x1.a50267a4da61ep-3,0x1.a36487cb433dfp-3,0x1.a36487cb433dfp-3,0x1.a4a83a58f1e93p-3,0x1.a50267a4da61ep-3,0x1.a4a83a58f1e93p-3,0x1.a52a226d712a0p-3,0x1.a4a83a58f1e93p-3,0x1.a4df4aff67853p-3
NH,SC_088d2e949e6e,YEWA,4,0x1.0b9de07605cbap-1,0x1.ac2fcd89a2df7p-5,0x1.52d5eb8cd696ep-1,0x1.6bb26d1f3fb68p-1,0x1.6cb79a939db0bp-1,0x1.6cb79a939db0bp-1,0x1.6bb760a431e42p-1,0x1.6bbfd1d6ef188p-1,0x1.6bbfd1d6ef188p-1,0x1.6cb4d0b0848a8p-1,0x1.6cbc2c71a9b0fp-1,0x1.6cb1a68ad51a6p-1,0x1.6cae556339c2bp-1,0x1.6cb79a939db0bp-1,0x1.6cb79a939db0bp-1,0x1.6cb1a68ad51a6p-1,0x1.6bb2612c6c257p-1,0x1.6bb2612c6c257p-1,0x1.6cb79a939db0bp-1,0x1.6cb1a68ad51a6p-1,0x1.6cb79a939db0bp-1,0x1.6cae556339c2bp-1,0x1.6cb79a939db0bp-1,0x1.6cb45f4880698p-1
NH,SC_088d2e949e6e,YRWA,4,0x1.0b9de07605cbap-1,0x1.ac2fcd89a2df7p-5,0x1.44e99292a9705p-1,0x1.5af172110eda5p-1,0x1.5bc738f24f16bp-1,0x1.5bc738f24f16bp-1,0x1.5ae781276476ep-1,0x1.5af4eb016f08cp-1,0x1.5af4eb016f08cp-1,0x1.5c032a8f2b31ep-1,0x1.5bf9db21b9390p-1,0x1.5c0124b0bd53fp-1,0x1.5bf789e22bf9ep-1,0x1.5bc738f24f16bp-1,0x1.5bc738f24f16bp-1,0x1.5c0124b0bd53fp-1,0x1.5af213a015540p-1,0x1.5af213a015540p-1,0x1.5bc738f24f16bp-1,0x1.5c0124b0bd53fp-1,0x1.5bc738f24f16bp-1,0x1.5bf789e22bf9ep-1,0x1.5bc738f24f16bp-1,0x1.5c09647d36e80p-1
EB,SC_cfba9de3e226,ALFL,3,0x1.5919efb75e538p+1,0x1.1414bfc5e50fap-1,0x1.92e4db0bec8c0p-2,0x1.88e338a85565cp-2,0x1.8c7b42167a602p-2,0x1.7de0c1f21cf70p-2,0x1.81ddbfef47ebcp-2,0x1.7a763670eea68p-2,0x1.7a5169a8fa55fp-2,0x1.78dd6751b8539p-2,0x1.78deb01274a99p-2,0x1.7dbba74049e26p-2,0x1.71c3064c7218ap-2,0x1.77c9556baea62p-2,0x1.72704324cb5afp-2,0x1.7da765f6c3d59p-2,0x1.6fef02de2a501p-2,0x1.7aa45a30478e5p-2,0x1.8bf3ad7a02ceap-2,0x1.72527d338c048p-2,0x1.72704324cb5afp-2,0x1.71c3064c7218ap-2,0x1.7dd7d7c883378p-2,0x1.72c724b0be998p-2
EB,SC_cfba9de3e226,AMRE,1,0x1.5919efb75e538p+1,0x1.5919efb75e538p+1,0x1.da8c17b025834p-3,0x1.de31f7305d329p-3,0x1.e188a23e2de55p-3,0x1.e188a23e2de55p-3,0x1.d2edc50e243f2p-3,0x1.c528a6eebf92bp-3,0x1.c4e80d694c99dp-3,0x1.c6356a7279f4ep-3,0x1.c6017f91cd111p-3,0x1.c63fced73f808p-3,0x1.c5d16eecd888ap-3,0x1.cb0c53de1086ap-3,0x1.e092fdee8127ap-3,0x1.c63fced73f808p-3,0x1.df3a0a291a5c6p-3,0x1.c4b2a5cca69d2p-3,0x1.e092fdee8127ap-3,0x1.c63fced73f808p-3,0x1.c7858111388e8p-3,0x1.dfbebc4b9edc4p-3,0x1.c7438c08f1e18p-3,0x1.c6a0b8c2b5ad4p-3
EB,SC_cfba9de3e226,AMRO,3,0x1.5919efb75e538p+1,0x1.1414bfc5e50fap-1,0x1.930e1b682b70fp-2,0x1.7ced0d2760e16p-2,0x1.8001951f0c379p-2,0x1.7e0021c2c6202p-2,0x1.749d151ac4fdep-2,0x1.6c292ec09464bp-2,0x1.6c01458a32c80p-2,0x1.700d732cb67f3p-2,0x1.6e94d1d59ba50p-2,0x1.6f614e2eccb89p-2,0x1.7229a5ac9d65dp-2,0x1.7325a2985fb63p-2,0x1.7163cfe8ef199p-2,0x1.6f6847bec170ap-2,0x1.6edfe4a930e77p-2,0x1.6cb4ee020f2fap-2,0x1.7f636f32641a2p-2,0x1.72b76ac6b43bdp-2,0x1.7319ee4a9dba8p-2,0x1.70c02955ecc8ap-2,0x1.6f44d343b86f1p-2,0x1.7344405f97730p-2
EB,SC_cfba9de3e226,ATTW,1,0x1.5919efb75e538p+1,0x1.5919efb75e538p+1,0x1.dc61ec5b47896p-3,0x1.f28a1beadd288p-3,0x1.f6b497e701fc9p-3,0x1.e3efedb839896p-3,0x1.e917fff6095a5p-3,0x1.dca958405b73ep-3,0x1.dc6c2704c5e29p-3,0x1.dabc89c8ee3c7p-3,0x1.dcd25a2a34975p-3,0x1.ddca0d46bc8f1p-3,0x1.cdc78db7d910ep-3,0x1.d9825331e4e8bp-3,0x1.ce9ccf1e402eap-3,0x1.ddca0d46bc8f1p-3,0x1.cc7cf994a968dp-3,0x1.db9e72e7a7228p-3,0x1.f5dddf1b91de8p-3,0x1.ce3b66b958709p-3,0x1.ce9ccf1e402eap-3,0x1.cdc78db7d910ep-3,0x1.df2df4317f437p-3,0x1.cde4f5d448205p-3
EB,SC_cfba9de3e226,BBWO,1,0x1.5919efb75e538p+1,0x1.5919efb75e538p+1,0x1.dc61ec5b47896p-3,0x1.f28a1beadd288p-3,0x1.f6b497e701fc9p-3,0x1.e3efedb839896p-3,0x1.e917fff6095a5p-3,0x1.dca958405b73ep-3,0x1.dc6c2704c5e29p-3,0x1.dabc89c8ee3c7p-3,0x1.dcd25a2a34975p-3,0x1.ddca0d46bc8f1p-3,0x1.cdc78db7d910ep-3,0x1.d9825331e4e8bp-3,0x1.ce9ccf1e402eap-3,0x1.ddca0d46bc8f1p-3,0x1.cc7cf994a968dp-3,0x1.db9e72e7a7228p-3,0x1.f5dddf1b91de8p-3,0x1.ce3b66b958709p-3,0x1.ce9ccf1e402eap-3,0x1.cdc78db7d910ep-3,0x1.df2df4317f437p-3,0x1.cde4f5d448205p-3
EB,SC_cfba9de3e226,CEDW,3,0x1.5919efb75e538p+1,0x1.1414bfc5e50fap-1,0x1.92e4db0bec8c0p-2,0x1.88e338a85565cp-2,0x1.8c7b42167a602p-2,0x1.7de0c1f21cf70p-2,0x1.81ddbfef47ebcp-2,0x1.7a763670eea68p-2,0x1.7a5169a8fa55fp-2,0x1.78dd6751b8539p-2,0x1.78deb01274a99p-2,0x1.7dbba74049e26p-2,0x1.71c3064c7218ap-2,0x1.77c9556baea62p-2,0x1.72704324cb5afp-2,0x1.7da765f6c3d59p-2,0x1.6fef02de2a501p-2,0x1.7aa45a30478e5p-2,0x1.8bf3ad7a02ceap-2,0x1.72527d338c048p-2,0x1.72704324cb5afp-2,0x1.71c3064c7218ap-2,0x1.7dd7d7c883378p-2,0x1.72c724b0be998p-2
EB,SC_cfba9de3e226,DEJU,1,0x1.5919efb75e538p+1,0x1.5919efb75e538p+1,0x1.d7faf13e57af6p-3,0x1.f25f525dd6c3bp-3,0x1.f6bb6fda87910p-3,0x1.db972ff64e3b7p-3,0x1.e96c0d4c4d175p-3,0x1.dd7a497b33567p-3,0x1.dd3f333946d1bp-3,0x1.d250351e83b15p-3,0x1.d45712a473c5bp-3,0x1.da052d4f44e67p-3,0x1.c42f60c3566ccp-3,0x1.d0fc193d56addp-3,0x1.c60a5ea4c38e8p-3,0x1.da30721faaf8dp-3,0x1.c309c0743b52ep-3,0x1.dc4c2fdefb432p-3,0x1.f5ecad13be99cp-3,0x1.c49ea512d274fp-3,0x1.c60a5ea4c38e8p-3,0x1.c42f60c3566ccp-3,0x1.e01319d669306p-3,0x1.c562ffad37fd2p-3
EB,SC_cfba9de3e226,GRYE,1,0x1.5919efb75e538p+1,0x1.5919efb75e538p+1,0x1.d7faf13e57af6p-3,0x1.f25f525dd6c3bp-3,0x1.f6bb6fda87910p-3,0x1.db972ff64e3b7p-3,0x1.e96c0d4c4d175p-3,0x1.dd7a497b33567p-3,0x1.dd3f333946d1bp-3,0x1.d250351e83b15p-3,0x1.d45712a473c5bp-3,0x1.da052d4f44e67p-3,0x1.c42f60c3566ccp-3,0x1.d0fc193d56addp-3,0x1.c60a5ea4c38e8p-3,0x1.da30721faaf8dp-3,0x1.c309c0743b52ep-3,0x1.dc4c2fdefb432p-3,0x1.f5ecad13be99cp-3,0x1.c49ea512d274fp-3,0x1.c60a5ea4c38e8p-3,0x1.c42f60c3566ccp-3,0x1.e01319d669306p-3,0x1.c562ffad37fd2p-3
EB,SC_cfba9de3e226,LEFL,1,0x1.5919efb75e538p+1,0x1.5919efb75e538p+1,0x1.dc61ec5b47896p-3,0x1.f28a1beadd288p-3,0x1.f6b497e701fc9p-3,0x1.e3efedb839896p-3,0x1.e917fff6095a5p-3,0x1.dca958405b73ep-3,0x1.dc6c2704c5e29p-3,0x1.dabc89c8ee3c7p-3,0x1.dcd25a2a34975p-3,0x1.ddca0d46bc8f1p-3,0x1.cdc78db7d910ep-3,0x1.d9825331e4e8bp-3,0x1.ce9ccf1e402eap-3,0x1.ddca0d46bc8f1p-3,0x1.cc7cf994a968dp-3,0x1.db9e72e7a7228p-3,0x1.f5dddf1b91de8p-3,0x1.ce3b66b958709p-3,0x1.ce9ccf1e402eap-3,0x1.cdc78db7d910ep-3,0x1.df2df4317f437p-3,0x1.cde4f5d448205p-3
EB,SC_cfba9de3e226,MAWA,2,0x1.5919efb75e538p+1,0x1.1414bfc5e50fap+0,0x1.40d29ba2ff449p-2,0x1.37166719f1dafp-2,0x1.398201487aee1p-2,0x1.375085b4680b8p-2,0x1.2ff48de770085p-2,0x1.2812d1681381dp-2,0x1.27edaf5e1b44cp-2,0x1.2a3bd4cf0673dp-2,0x1.2977274f4f0aap-2,0x1.29ec044e9d4d9p-2,0x1.2afffd8e638bcp-2,0x1.2d0d6a818ee17p-2,0x1.2a765abb82b3cp-2,0x1.29f39fe5e1e22p-2,0x1.28e6f042b818dp-2,0x1.28370f56a9171p-2,0x1.38f1cc91300f8p-2,0x1.2b63b17a75adcp-2,0x1.2c00c98ad31fcp-2,0x1.2a2a865a44048p-2,0x1.2a299561a90afp-2,0x1.2bd744e52dc39p-2
EB,SC_cfba9de3e226,NOWA,3,0x1.5919efb75e538p+1,0x1.1414bfc5e50fap-1,0x1.930e1b682b70fp-2,0x1.7ced0d2760e16p-2,0x1.8001951f0c379p-2,0x1.7e0021c2c6202p-2,0x1.749d151ac4fdep-2,0x1.6c292ec09464bp-2,0x1.6c01458a32c80p-2,0x1.700d732cb67f3p-2,0x1.6e94d1d59ba50p-2,0x1.6f614e2eccb89p-2,0x1.7229a5ac9d65dp-2,0x1.7325a2985fb63p-2,0x1.7163cfe8ef199p-2,0x1.6f6847bec170ap-2,0x1.6edfe4a930e77p-2,0x1.6cb4ee020f2fap-2,0x1.7f636f32641a2p-2,0x1.72b76ac6b43bdp-2,0x1.7319ee4a9dba8p-2,0x1.70c02955ecc8ap-2,0x1.6f44d343b86f1p-2,0x1.7344405f97730p-2
EB,SC_cfba9de3e226,OCWA,1,0x1.5919efb75e538p+1,0x1.5919efb75e538p+1,0x1.d77c6877cbbdfp-3,0x1.f174356f0f94ap-3,0x1.f63fe6d2b1a08p-3,0x1.da918ba83ec35p-3,0x1.e87602c50cdb6p-3,0x1.dc7a519882d30p-3,0x1.dc3f10d43d1e4p-3,0x1.d14847e6e7104p-3,0x1.d34cf6e6148b9p-3,0x1.da213418e2097p-3,0x1.c457d19574d86p-3,0x1.cff0e7820cd19p-3,0x1.c4ff1651b6b59p-3,0x1.d92d11601e036p-3,0x1.c32d61b30aec6p-3,0x1.db4f0a4d3a0a0p-3,0x1.f5713f7867eefp-3,0x1.c4c7b6f9046c2p-3,0x1.c4ff1651b6b59p-3,0x1.c457d19574d86p-3,0x1.df9aa4b58d397p-3,0x1.c459e33805f3fp-3
EB,SC_cfba9de3e226,PHVI,1,0x1.5919efb75e538p+1,0x1.5919efb75e538p+1,0x1.dc61ec5b47896p-3,0x1.f28a1beadd288p-3,0x1.f6b497e701fc9p-3,0x1.e3efedb839896p-3,0x1.e917fff6095a5p-3,0x1.dca958405b73ep-3,0x1.dc6c2704c5e29p-3,0x1.dabc89c8ee3c7p-3,0x1.dcd25a2a34975p-3,0x1.ddca0d46bc8f1p-3,0x1.cdc78db7d910ep-3,0x1.d9825331e4e8bp-3,0x1.ce9ccf1e402eap-3,0x1.ddca0d46bc8f1p-3,0x1.cc7cf994a968dp-3,0x1.db9e72e7a7228p-3,0x1.f5dddf1b91de8p-3,0x1.ce3b66b958709p-3,0x1.ce9ccf1e402eap-3,0x1.cdc78db7d910ep-3,0x1.df2df4317f437p-3,0x1.cde4f5d448205p-3
EB,SC_cfba9de3e226,SPSA,3,0x1.5919efb75e538p+1,0x1.1414bfc5e50fap-1,0x1.7c2f0b6e164d7p-2,0x1.557091c3af4d3p-2,0x1.57c4a4b2a4314p-2,0x1.582e90d21b617p-2,0x1.549a94987090bp-2,0x1.56f44a1e1a877p-2,0x1.56ffe20abf64bp-2,0x1.5a6ee92530e97p-2,0x1.5926ab0d065d0p-2,0x1.59d9d1f75abe2p-2,0x1.5bd10a6340e52p-2,0x1.5c5d4a89b5ff1p-2,0x1.5936ea430b8c0p-2,0x1.59e203db0169dp-2,0x1.58d6cfeec64d5p-2,0x1.582d5ce4ba243p-2,0x1.5722bc2a72ee7p-2,0x1.5c65962b8b85bp-2,0x1.5bf367a418c09p-2,0x1.5945923368272p-2,0x1.55736239ef2c4p-2,0x1.5d0683be17815p-2
EB,SC_cfba9de3e226,SWSP,1,0x1.5919efb75e538p+1,0x1.5919efb75e538p+1,0x1.d77c6877cbbdfp-3,0x1.f174356f0f94ap-3,0x1.f63fe6d2b1a08p-3,0x1.da918ba83ec35p-3,0x1.e87602c50cdb6p-3,0x1.dc7a519882d30p-3,0x1.dc3f10d43d1e4p-3,0x1.d14847e6e7104p-3,0x1.d34cf6e6148b9p-3,0x1.da213418e2097p-3,0x1.c457d19574d86p-3,0x1.cff0e7820cd19p-3,0x1.c4ff1651b6b59p-3,0x1.d92d11601e036p-3,0x1.c32d61b30aec6p-3,0x1.db4f0a4d3a0a0p-3,0x1.f5713f7867eefp-3,0x1.c4c7b6f9046c2p-3,0x1.c4ff1651b6b59p-3,0x1.c457d19574d86p-3,0x1.df9aa4b58d397p-3,0x1.c459e33805f3fp-3
EB,SC_cfba9de3e226,TEWA,1,0x1.5919efb75e538p+1,0x1.5919efb75e538p+1,0x1.da8c17b025834p-3,0x1.de31f7305d329p-3,0x1.e188a23e2de55p-3,0x1.e188a23e2de55p-3,0x1.d2edc50e243f2p-3,0x1.c528a6eebf92bp-3,0x1.c4e80d694c99dp-3,0x1.c6356a7279f4ep-3,0x1.c6017f91cd111p-3,0x1.c63fced73f808p-3,0x1.c5d16eecd888ap-3,0x1.cb0c53de1086ap-3,0x1.e092fdee8127ap-3,0x1.c63fced73f808p-3,0x1.df3a0a291a5c6p-3,0x1.c4b2a5cca69d2p-3,0x1.e092fdee8127ap-3,0x1.c63fced73f808p-3,0x1.c7858111388e8p-3,0x1.dfbebc4b9edc4p-3,0x1.c7438c08f1e18p-3,0x1.c6a0b8c2b5ad4p-3
EB,SC_cfba9de3e226,YEWA,4,0x1.5919efb75e538p+1,0x1.1414bfc5e50fap-2,0x1.ea517a86af28fp-2,0x1.c6bf4c59fc7fcp-2,0x1.ca665af8738e7p-2,0x1.c98760d736533p-2,0x1.beccba105d9e0p-2,0x1.b7570a06c936dp-2,0x1.b736c84898600p-2,0x1.bc2373a3de750p-2,0x1.ba0f034e7b3fcp-2,0x1.bbc2b62a6fbc1p-2,0x1.bde27d1a88f64p-2,0x1.bea8c379418e5p-2,0x1.bbbb02ebd58f2p-2,0x1.bbc11dcb06665p-2,0x1.b7fc2f232903fp-2,0x1.b86233e862dcfp-2,0x1.c9c56218490a1p-2,0x1.be9b88d1f1fedp-2,0x1.beac86bf25404p-2,0x1.baa2a9e6d39b1p-2,0x1.bb8332bcd3777p-2,0x1.bf42e2393ec5cp-2
EB,SC_cfba9de3e226,YRWA,4,0x1.5919efb75e538p+1,0x1.1414bfc5e50fap-2,0x1.d30f06f2b22a0p-2,0x1.9ddf5e8bf8215p-2,0x1.a0cef6b108235p-2,0x1.a186d6a2d997dp-2,0x1.9c9041a419c48p-2,0x1.9f86f8423972fp-2,0x1.9f95c5d88fb81p-2,0x1.a47525c25bfcep-2,0x1.a273ecc3e5972p-2,0x1.a3bbd95f23118p-2,0x1.a6c14a2787cddp-2,0x1.a6720ddaf06f6p-2,0x1.a3e41e7498a46p-2,0x1.a3c4b3c8742c7p-2,0x1.a3091725616b6p-2,0x1.a144ed360770ap-2,0x1.a02125dc72d77p-2,0x1.a782fbcb1df39p-2,0x1.a6d8718c7bceep-2,0x1.a3fff35be6c90p-2,0x1.9eb6437ef86a6p-2,0x1.a86247de4fdfdp-2
